LOG_ID	OR_SERVICE	SURGERY_DATE	FIRST_SCHED_DATE	CASE_CLASS
10001	Vascular	06/02/2020  12:00:00 AM	05/30/2020  12:00:00 AM	Urgent
10002	Plastics	06/02/2020  12:00:00 AM	05/21/2020  12:00:00 AM	Elective
10003	Pulmonary	06/02/2020  12:00:00 AM	05/30/2020  12:00:00 AM	Urgent
10004	Neurosurgery	06/02/2020  12:00:00 AM	05/26/2020  12:00:00 AM	Urgent
10005	Interventional Radiology	06/02/2020  12:00:00 AM	05/15/2020  12:00:00 AM	Urgent
10006	Neuroradiology	06/02/2020  12:00:00 AM	05/30/2020  12:00:00 AM	Urgent
10007	Vascular	06/02/2020  12:00:00 AM	05/28/2020  12:00:00 AM	Elective
10008	Electrophysiology	06/02/2020  12:00:00 AM	05/28/2020  12:00:00 AM	Urgent
10009	Hepatology	06/02/2020  12:00:00 AM	05/23/2020  12:00:00 AM	Elective
10010	Gastroenterology	06/02/2020  12:00:00 AM	05/17/2020  12:00:00 AM	Urgent
10011	Plastics	06/02/2020  12:00:00 AM	06/01/2020  12:00:00 AM	Elective
10012	Dental	06/02/2020  12:00:00 AM	05/18/2020  12:00:00 AM	Urgent
10013	Interventional Radiology	06/02/2020  12:00:00 AM	05/17/2020  12:00:00 AM	Elective
10014	Urology	06/02/2020  12:00:00 AM	05/24/2020  12:00:00 AM	Urgent
10015	Interventional Radiology	06/02/2020  12:00:00 AM	05/16/2020  12:00:00 AM	Urgent
10016	Plastics	06/02/2020  12:00:00 AM	05/19/2020  12:00:00 AM	Elective
10017	Gastroenterology	06/02/2020  12:00:00 AM	06/01/2020  12:00:00 AM	Elective
10018	Plastics	06/02/2020  12:00:00 AM	05/26/2020  12:00:00 AM	Urgent
10019	Podiatry	06/02/2020  12:00:00 AM	05/25/2020  12:00:00 AM	Urgent
10020	Neurosurgery	06/02/2020  12:00:00 AM	05/31/2020  12:00:00 AM	Elective
10021	Urology	06/02/2020  12:00:00 AM	05/27/2020  12:00:00 AM	Urgent
10022	Obstetrics	06/02/2020  12:00:00 AM	05/27/2020  12:00:00 AM	Urgent
10023	Interventional Radiology	06/02/2020  12:00:00 AM	05/21/2020  12:00:00 AM	Urgent
10024	Electroconvulsive Therapy	06/02/2020  12:00:00 AM	06/01/2020  12:00:00 AM	Elective
10025	Neurosurgery	06/02/2020  12:00:00 AM	05/30/2020  12:00:00 AM	Urgent
10026	Neurosurgery	06/02/2020  12:00:00 AM	05/30/2020  12:00:00 AM	Elective
10027	Pain	06/02/2020  12:00:00 AM	05/30/2020  12:00:00 AM	Elective
10028	Urology	06/02/2020  12:00:00 AM	05/16/2020  12:00:00 AM	Urgent
10029	Plastics	06/02/2020  12:00:00 AM	05/15/2020  12:00:00 AM	Elective
10030	Gynecology	06/02/2020  12:00:00 AM	05/21/2020  12:00:00 AM	Urgent
10031	Neuroradiology	06/02/2020  12:00:00 AM	05/24/2020  12:00:00 AM	Elective
10032	Pain	06/02/2020  12:00:00 AM	05/20/2020  12:00:00 AM	Urgent
10033	Neuroradiology	06/02/2020  12:00:00 AM	05/21/2020  12:00:00 AM	Elective
10034	Plastics	06/02/2020  12:00:00 AM	05/24/2020  12:00:00 AM	Elective
10035	Vascular	06/02/2020  12:00:00 AM	05/19/2020  12:00:00 AM	Urgent
10036	Interventional Radiology	06/02/2020  12:00:00 AM	05/31/2020  12:00:00 AM	Elective
10037	Pulmonary	06/02/2020  12:00:00 AM	05/16/2020  12:00:00 AM	Urgent
10038	Neuroradiology	06/02/2020  12:00:00 AM	06/01/2020  12:00:00 AM	Elective
10039	Plastics	06/02/2020  12:00:00 AM	05/20/2020  12:00:00 AM	Elective
10040	Ophthalmology	06/02/2020  12:00:00 AM	05/27/2020  12:00:00 AM	Elective
10041	Electroconvulsive Therapy	06/02/2020  12:00:00 AM	05/17/2020  12:00:00 AM	Urgent
10042	General	06/02/2020  12:00:00 AM	05/22/2020  12:00:00 AM	Urgent
10043	Thoracic	06/02/2020  12:00:00 AM	05/27/2020  12:00:00 AM	Urgent
10044	Electrophysiology	06/02/2020  12:00:00 AM	05/28/2020  12:00:00 AM	Elective
10045	Neuroradiology	06/02/2020  12:00:00 AM	05/21/2020  12:00:00 AM	Urgent
10046	Electrophysiology	06/02/2020  12:00:00 AM	05/20/2020  12:00:00 AM	Elective
10047	Obstetrics	06/02/2020  12:00:00 AM	06/01/2020  12:00:00 AM	Elective
10048	Pulmonary	06/02/2020  12:00:00 AM	05/18/2020  12:00:00 AM	Urgent
10049	General	06/02/2020  12:00:00 AM	05/22/2020  12:00:00 AM	Urgent
10050	Electrophysiology	06/02/2020  12:00:00 AM	05/25/2020  12:00:00 AM	Urgent
10051	Electroconvulsive Therapy	06/02/2020  12:00:00 AM	05/23/2020  12:00:00 AM	Urgent
10052	Neurosurgery	06/02/2020  12:00:00 AM	05/29/2020  12:00:00 AM	Urgent
10053	Neuroradiology	06/02/2020  12:00:00 AM	05/26/2020  12:00:00 AM	Urgent
10054	Gastroenterology	06/02/2020  12:00:00 AM	05/19/2020  12:00:00 AM	Elective
10055	Ophthalmology	06/02/2020  12:00:00 AM	05/17/2020  12:00:00 AM	Urgent
10056	Thoracic	06/02/2020  12:00:00 AM	05/16/2020  12:00:00 AM	Elective
10057	Electroconvulsive Therapy	06/02/2020  12:00:00 AM	05/29/2020  12:00:00 AM	Elective
10058	Thoracic	06/02/2020  12:00:00 AM	05/15/2020  12:00:00 AM	Urgent
10059	Cardiac	06/02/2020  12:00:00 AM	05/18/2020  12:00:00 AM	Elective
10060	Electrophysiology	06/02/2020  12:00:00 AM	05/22/2020  12:00:00 AM	Urgent
10061	Podiatry	06/02/2020  12:00:00 AM	05/24/2020  12:00:00 AM	Elective
10062	Electroconvulsive Therapy	06/02/2020  12:00:00 AM	05/16/2020  12:00:00 AM	Urgent
10063	Ophthalmology	06/02/2020  12:00:00 AM	05/30/2020  12:00:00 AM	Elective
10064	Podiatry	06/02/2020  12:00:00 AM	05/27/2020  12:00:00 AM	Urgent
10065	Interventional Radiology	06/02/2020  12:00:00 AM	05/26/2020  12:00:00 AM	Elective
10066	Neuroradiology	06/02/2020  12:00:00 AM	05/20/2020  12:00:00 AM	Elective
10067	Neuroradiology	06/02/2020  12:00:00 AM	05/21/2020  12:00:00 AM	Urgent
10068	Neurosurgery	06/02/2020  12:00:00 AM	05/14/2020  12:00:00 AM	Urgent
10069	Dental	06/02/2020  12:00:00 AM	05/21/2020  12:00:00 AM	Elective
10070	Podiatry	06/02/2020  12:00:00 AM	05/22/2020  12:00:00 AM	Elective
10071	Electrophysiology	06/02/2020  12:00:00 AM	05/24/2020  12:00:00 AM	Urgent
10072	General	06/02/2020  12:00:00 AM	05/15/2020  12:00:00 AM	Urgent
10073	General	06/02/2020  12:00:00 AM	05/24/2020  12:00:00 AM	Urgent
10074	Neuroradiology	06/02/2020  12:00:00 AM	05/16/2020  12:00:00 AM	Urgent
10075	Neuroradiology	06/02/2020  12:00:00 AM	05/27/2020  12:00:00 AM	Elective
10076	Plastics	06/02/2020  12:00:00 AM	05/31/2020  12:00:00 AM	Elective
10077	Plastics	06/02/2020  12:00:00 AM	05/26/2020  12:00:00 AM	Urgent
10078	Cardiac	06/02/2020  12:00:00 AM	05/29/2020  12:00:00 AM	Elective
10079	Neurosurgery	06/02/2020  12:00:00 AM	05/30/2020  12:00:00 AM	Urgent
10080	Hepatology	06/02/2020  12:00:00 AM	05/28/2020  12:00:00 AM	Elective
10081	Neurosurgery	06/02/2020  12:00:00 AM	05/19/2020  12:00:00 AM	Urgent
10082	Dental	06/02/2020  12:00:00 AM	05/25/2020  12:00:00 AM	Urgent
10083	Dental	06/02/2020  12:00:00 AM	05/25/2020  12:00:00 AM	Elective
10084	Thoracic	06/02/2020  12:00:00 AM	05/18/2020  12:00:00 AM	Elective
10085	General	06/02/2020  12:00:00 AM	05/29/2020  12:00:00 AM	Elective
10086	Ophthalmology	06/02/2020  12:00:00 AM	05/21/2020  12:00:00 AM	Urgent
10087	Electroconvulsive Therapy	06/02/2020  12:00:00 AM	05/26/2020  12:00:00 AM	Urgent
10088	Neuroradiology	06/02/2020  12:00:00 AM	05/14/2020  12:00:00 AM	Elective
10089	General	06/02/2020  12:00:00 AM	05/30/2020  12:00:00 AM	Urgent
10090	Pulmonary	06/02/2020  12:00:00 AM	05/15/2020  12:00:00 AM	Elective
10091	Ophthalmology	06/02/2020  12:00:00 AM	05/24/2020  12:00:00 AM	Urgent
10092	Hepatology	06/02/2020  12:00:00 AM	05/21/2020  12:00:00 AM	Elective
10093	Urology	06/02/2020  12:00:00 AM	05/18/2020  12:00:00 AM	Urgent
10094	Gynecology	06/02/2020  12:00:00 AM	05/28/2020  12:00:00 AM	Urgent
10095	Vascular	06/02/2020  12:00:00 AM	05/17/2020  12:00:00 AM	Urgent
10096	General	06/02/2020  12:00:00 AM	05/14/2020  12:00:00 AM	Elective
10097	Obstetrics	06/02/2020  12:00:00 AM	05/25/2020  12:00:00 AM	Urgent
10098	Dental	06/02/2020  12:00:00 AM	06/01/2020  12:00:00 AM	Urgent
10099	Neurosurgery	06/02/2020  12:00:00 AM	05/19/2020  12:00:00 AM	Elective
10100	Urology	06/02/2020  12:00:00 AM	05/21/2020  12:00:00 AM	Urgent
10101	Podiatry	06/02/2020  12:00:00 AM	05/20/2020  12:00:00 AM	Urgent
10102	Electroconvulsive Therapy	06/02/2020  12:00:00 AM	05/28/2020  12:00:00 AM	Elective
10103	Neurosurgery	06/02/2020  12:00:00 AM	05/30/2020  12:00:00 AM	Urgent
10104	Gynecology	06/02/2020  12:00:00 AM	05/29/2020  12:00:00 AM	Urgent
10105	Plastics	06/02/2020  12:00:00 AM	05/18/2020  12:00:00 AM	Elective
10106	Pain	06/02/2020  12:00:00 AM	05/29/2020  12:00:00 AM	Urgent
10107	Gynecology	06/02/2020  12:00:00 AM	05/23/2020  12:00:00 AM	Urgent
10108	Gastroenterology	06/02/2020  12:00:00 AM	06/01/2020  12:00:00 AM	Urgent
10109	Plastics	06/02/2020  12:00:00 AM	05/26/2020  12:00:00 AM	Urgent
10110	Neuroradiology	06/02/2020  12:00:00 AM	05/27/2020  12:00:00 AM	Elective
10111	Pain	06/02/2020  12:00:00 AM	05/30/2020  12:00:00 AM	Elective
10112	Plastics	06/02/2020  12:00:00 AM	05/17/2020  12:00:00 AM	Elective
10113	Neurosurgery	06/02/2020  12:00:00 AM	06/01/2020  12:00:00 AM	Urgent
10114	General	06/02/2020  12:00:00 AM	05/20/2020  12:00:00 AM	Urgent
10115	Pain	06/02/2020  12:00:00 AM	05/29/2020  12:00:00 AM	Elective
10116	Orthopedics	06/02/2020  12:00:00 AM	05/27/2020  12:00:00 AM	Urgent
10117	Urology	06/02/2020  12:00:00 AM	05/23/2020  12:00:00 AM	Elective
10118	Obstetrics	06/02/2020  12:00:00 AM	05/31/2020  12:00:00 AM	Elective
10119	Gastroenterology	06/02/2020  12:00:00 AM	05/28/2020  12:00:00 AM	Elective
10120	Hepatology	06/02/2020  12:00:00 AM	05/14/2020  12:00:00 AM	Urgent
10121	Plastics	06/02/2020  12:00:00 AM	05/14/2020  12:00:00 AM	Elective
10122	Thoracic	06/02/2020  12:00:00 AM	05/31/2020  12:00:00 AM	Elective
10123	Neuroradiology	06/02/2020  12:00:00 AM	05/30/2020  12:00:00 AM	Urgent
10124	Gastroenterology	06/02/2020  12:00:00 AM	05/28/2020  12:00:00 AM	Elective
10125	Hepatology	06/02/2020  12:00:00 AM	05/22/2020  12:00:00 AM	Urgent
10126	Obstetrics	06/02/2020  12:00:00 AM	05/25/2020  12:00:00 AM	Elective
10127	Urology	06/02/2020  12:00:00 AM	05/16/2020  12:00:00 AM	Elective
10128	Neurosurgery	06/02/2020  12:00:00 AM	05/29/2020  12:00:00 AM	Urgent
10129	Hepatology	06/02/2020  12:00:00 AM	05/26/2020  12:00:00 AM	Urgent
10130	Neuroradiology	06/02/2020  12:00:00 AM	05/24/2020  12:00:00 AM	Elective
10131	Urology	06/02/2020  12:00:00 AM	05/31/2020  12:00:00 AM	Urgent
10132	Electrophysiology	06/02/2020  12:00:00 AM	05/25/2020  12:00:00 AM	Elective
10133	Cardiac	06/02/2020  12:00:00 AM	05/18/2020  12:00:00 AM	Elective
10134	Vascular	06/02/2020  12:00:00 AM	05/21/2020  12:00:00 AM	Urgent
10135	Ophthalmology	06/02/2020  12:00:00 AM	05/15/2020  12:00:00 AM	Urgent
10136	Electroconvulsive Therapy	06/02/2020  12:00:00 AM	05/16/2020  12:00:00 AM	Urgent
10137	Pulmonary	06/02/2020  12:00:00 AM	05/30/2020  12:00:00 AM	Elective
10138	Pain	06/02/2020  12:00:00 AM	05/21/2020  12:00:00 AM	Elective
10139	Obstetrics	06/02/2020  12:00:00 AM	05/19/2020  12:00:00 AM	Elective
10140	Pulmonary	06/02/2020  12:00:00 AM	05/24/2020  12:00:00 AM	Elective
10141	Vascular	06/02/2020  12:00:00 AM	05/21/2020  12:00:00 AM	Elective
10142	Electrophysiology	06/02/2020  12:00:00 AM	05/20/2020  12:00:00 AM	Elective
10143	Hepatology	06/02/2020  12:00:00 AM	05/20/2020  12:00:00 AM	Urgent
10144	Pain	06/02/2020  12:00:00 AM	06/01/2020  12:00:00 AM	Elective
10145	Gastroenterology	06/02/2020  12:00:00 AM	06/01/2020  12:00:00 AM	Urgent
10146	Orthopedics	06/02/2020  12:00:00 AM	05/25/2020  12:00:00 AM	Elective
10147	Gastroenterology	06/02/2020  12:00:00 AM	05/15/2020  12:00:00 AM	Urgent
10148	Obstetrics	06/02/2020  12:00:00 AM	05/30/2020  12:00:00 AM	Elective
10149	Thoracic	06/02/2020  12:00:00 AM	05/29/2020  12:00:00 AM	Urgent
10150	Thoracic	06/02/2020  12:00:00 AM	05/24/2020  12:00:00 AM	Elective
10151	Ophthalmology	06/02/2020  12:00:00 AM	05/24/2020  12:00:00 AM	Urgent
10152	Plastics	06/02/2020  12:00:00 AM	05/25/2020  12:00:00 AM	Elective
10153	Neuroradiology	06/02/2020  12:00:00 AM	06/01/2020  12:00:00 AM	Urgent
10154	Neuroradiology	06/02/2020  12:00:00 AM	06/01/2020  12:00:00 AM	Urgent
10155	Neuroradiology	06/02/2020  12:00:00 AM	05/26/2020  12:00:00 AM	Elective
10156	Obstetrics	06/02/2020  12:00:00 AM	05/30/2020  12:00:00 AM	Elective
10157	Cardiac	06/02/2020  12:00:00 AM	05/16/2020  12:00:00 AM	Urgent
10158	Electroconvulsive Therapy	06/02/2020  12:00:00 AM	05/15/2020  12:00:00 AM	Elective
10159	Dental	06/02/2020  12:00:00 AM	05/20/2020  12:00:00 AM	Urgent
10160	Plastics	06/02/2020  12:00:00 AM	05/20/2020  12:00:00 AM	Urgent
10161	Vascular	06/02/2020  12:00:00 AM	05/15/2020  12:00:00 AM	Urgent
10162	Plastics	06/02/2020  12:00:00 AM	05/30/2020  12:00:00 AM	Elective
10163	Podiatry	06/02/2020  12:00:00 AM	05/23/2020  12:00:00 AM	Urgent
10164	Plastics	06/02/2020  12:00:00 AM	05/30/2020  12:00:00 AM	Elective
10165	Electroconvulsive Therapy	06/02/2020  12:00:00 AM	05/17/2020  12:00:00 AM	Elective
10166	Pain	06/02/2020  12:00:00 AM	05/15/2020  12:00:00 AM	Elective
10167	Cardiac	06/02/2020  12:00:00 AM	05/15/2020  12:00:00 AM	Elective
10168	Vascular	06/02/2020  12:00:00 AM	05/22/2020  12:00:00 AM	Urgent
10169	Electrophysiology	06/02/2020  12:00:00 AM	05/29/2020  12:00:00 AM	Urgent
10170	Gynecology	06/02/2020  12:00:00 AM	05/29/2020  12:00:00 AM	Elective
10171	Electroconvulsive Therapy	06/02/2020  12:00:00 AM	05/26/2020  12:00:00 AM	Urgent
10172	Thoracic	06/02/2020  12:00:00 AM	05/17/2020  12:00:00 AM	Urgent
10173	Urology	06/02/2020  12:00:00 AM	05/27/2020  12:00:00 AM	Elective
10174	Neurosurgery	06/02/2020  12:00:00 AM	05/22/2020  12:00:00 AM	Elective
10175	Orthopedics	06/02/2020  12:00:00 AM	05/19/2020  12:00:00 AM	Elective
10176	Pain	06/02/2020  12:00:00 AM	05/27/2020  12:00:00 AM	Elective
10177	Plastics	06/02/2020  12:00:00 AM	05/19/2020  12:00:00 AM	Urgent
10178	Hepatology	06/02/2020  12:00:00 AM	05/17/2020  12:00:00 AM	Elective
10179	Gynecology	06/02/2020  12:00:00 AM	05/29/2020  12:00:00 AM	Elective
10180	Interventional Radiology	06/02/2020  12:00:00 AM	05/30/2020  12:00:00 AM	Urgent
10181	Electroconvulsive Therapy	06/02/2020  12:00:00 AM	05/19/2020  12:00:00 AM	Urgent
10182	Urology	06/02/2020  12:00:00 AM	05/19/2020  12:00:00 AM	Elective
10183	General	06/02/2020  12:00:00 AM	05/22/2020  12:00:00 AM	Elective
10184	Neuroradiology	06/02/2020  12:00:00 AM	05/19/2020  12:00:00 AM	Elective
10185	Interventional Radiology	06/02/2020  12:00:00 AM	05/20/2020  12:00:00 AM	Elective
10186	Orthopedics	06/02/2020  12:00:00 AM	05/20/2020  12:00:00 AM	Elective
10187	Urology	06/02/2020  12:00:00 AM	05/30/2020  12:00:00 AM	Elective
10188	Dental	06/02/2020  12:00:00 AM	05/25/2020  12:00:00 AM	Elective
10189	Thoracic	06/02/2020  12:00:00 AM	05/17/2020  12:00:00 AM	Urgent
10190	Obstetrics	06/02/2020  12:00:00 AM	05/23/2020  12:00:00 AM	Urgent
10191	Urology	06/02/2020  12:00:00 AM	05/18/2020  12:00:00 AM	Urgent
10192	Pulmonary	06/02/2020  12:00:00 AM	05/24/2020  12:00:00 AM	Urgent
10193	General	06/02/2020  12:00:00 AM	05/31/2020  12:00:00 AM	Urgent
10194	Vascular	06/02/2020  12:00:00 AM	05/24/2020  12:00:00 AM	Elective
10195	Interventional Radiology	06/02/2020  12:00:00 AM	05/22/2020  12:00:00 AM	Urgent
10196	Orthopedics	06/02/2020  12:00:00 AM	05/25/2020  12:00:00 AM	Elective
10197	Electrophysiology	06/02/2020  12:00:00 AM	05/25/2020  12:00:00 AM	Urgent
10198	Gynecology	06/02/2020  12:00:00 AM	05/30/2020  12:00:00 AM	Elective
10199	Urology	06/02/2020  12:00:00 AM	05/28/2020  12:00:00 AM	Urgent
10200	Hepatology	06/02/2020  12:00:00 AM	05/27/2020  12:00:00 AM	Urgent
10201	Neuroradiology	06/02/2020  12:00:00 AM	05/19/2020  12:00:00 AM	Elective
10202	Gynecology	06/02/2020  12:00:00 AM	05/16/2020  12:00:00 AM	Elective
10203	Plastics	06/02/2020  12:00:00 AM	05/25/2020  12:00:00 AM	Elective
10204	Gastroenterology	06/02/2020  12:00:00 AM	05/30/2020  12:00:00 AM	Urgent
10205	Vascular	06/02/2020  12:00:00 AM	05/19/2020  12:00:00 AM	Elective
10206	Thoracic	06/02/2020  12:00:00 AM	05/27/2020  12:00:00 AM	Urgent
10207	Neuroradiology	06/02/2020  12:00:00 AM	05/31/2020  12:00:00 AM	Urgent
10208	Interventional Radiology	06/02/2020  12:00:00 AM	05/24/2020  12:00:00 AM	Elective
10209	Hepatology	06/02/2020  12:00:00 AM	05/30/2020  12:00:00 AM	Elective
10210	Vascular	06/02/2020  12:00:00 AM	05/31/2020  12:00:00 AM	Urgent
10211	Neurosurgery	06/02/2020  12:00:00 AM	05/14/2020  12:00:00 AM	Urgent
10212	Neurosurgery	06/02/2020  12:00:00 AM	05/28/2020  12:00:00 AM	Urgent
10213	Electroconvulsive Therapy	06/02/2020  12:00:00 AM	05/29/2020  12:00:00 AM	Elective
10214	Electroconvulsive Therapy	06/02/2020  12:00:00 AM	05/20/2020  12:00:00 AM	Urgent
10215	Urology	06/02/2020  12:00:00 AM	05/18/2020  12:00:00 AM	Urgent
10216	Orthopedics	06/02/2020  12:00:00 AM	05/29/2020  12:00:00 AM	Urgent
10217	Plastics	06/02/2020  12:00:00 AM	05/28/2020  12:00:00 AM	Elective
10218	Gynecology	06/02/2020  12:00:00 AM	05/14/2020  12:00:00 AM	Urgent
10219	Orthopedics	06/02/2020  12:00:00 AM	05/26/2020  12:00:00 AM	Elective
10220	Hepatology	06/02/2020  12:00:00 AM	05/20/2020  12:00:00 AM	Urgent
10221	Hepatology	06/02/2020  12:00:00 AM	05/19/2020  12:00:00 AM	Urgent
10222	Electrophysiology	06/02/2020  12:00:00 AM	05/31/2020  12:00:00 AM	Elective
10223	Neuroradiology	06/02/2020  12:00:00 AM	05/29/2020  12:00:00 AM	Elective
10224	Vascular	06/02/2020  12:00:00 AM	05/31/2020  12:00:00 AM	Elective
10225	Urology	06/02/2020  12:00:00 AM	05/29/2020  12:00:00 AM	Elective
10226	General	06/02/2020  12:00:00 AM	06/01/2020  12:00:00 AM	Elective
10227	General	06/02/2020  12:00:00 AM	05/27/2020  12:00:00 AM	Elective
10228	Neurosurgery	06/02/2020  12:00:00 AM	05/28/2020  12:00:00 AM	Urgent
10229	General	06/02/2020  12:00:00 AM	05/20/2020  12:00:00 AM	Urgent
10230	Gastroenterology	06/02/2020  12:00:00 AM	05/22/2020  12:00:00 AM	Elective
10231	Neuroradiology	06/02/2020  12:00:00 AM	05/25/2020  12:00:00 AM	Urgent
10232	General	06/02/2020  12:00:00 AM	05/20/2020  12:00:00 AM	Urgent
10233	Dental	06/02/2020  12:00:00 AM	05/22/2020  12:00:00 AM	Urgent
10234	Interventional Radiology	06/02/2020  12:00:00 AM	06/01/2020  12:00:00 AM	Urgent
10235	Vascular	06/02/2020  12:00:00 AM	05/16/2020  12:00:00 AM	Elective
10236	Urology	06/02/2020  12:00:00 AM	05/19/2020  12:00:00 AM	Elective
10237	Plastics	06/02/2020  12:00:00 AM	05/26/2020  12:00:00 AM	Urgent
10238	Dental	06/02/2020  12:00:00 AM	05/16/2020  12:00:00 AM	Elective
10239	Podiatry	06/02/2020  12:00:00 AM	05/19/2020  12:00:00 AM	Urgent
10240	Thoracic	06/02/2020  12:00:00 AM	05/22/2020  12:00:00 AM	Elective
10241	Pulmonary	06/02/2020  12:00:00 AM	06/01/2020  12:00:00 AM	Elective
10242	Interventional Radiology	06/02/2020  12:00:00 AM	05/17/2020  12:00:00 AM	Elective
10243	Electrophysiology	06/02/2020  12:00:00 AM	05/26/2020  12:00:00 AM	Urgent
10244	Electroconvulsive Therapy	06/02/2020  12:00:00 AM	05/27/2020  12:00:00 AM	Elective
10245	General	06/02/2020  12:00:00 AM	05/26/2020  12:00:00 AM	Urgent
10246	Neuroradiology	06/02/2020  12:00:00 AM	05/21/2020  12:00:00 AM	Elective
10247	Pulmonary	06/02/2020  12:00:00 AM	05/20/2020  12:00:00 AM	Urgent
10248	Neuroradiology	06/02/2020  12:00:00 AM	05/14/2020  12:00:00 AM	Urgent
10249	Electroconvulsive Therapy	06/02/2020  12:00:00 AM	05/17/2020  12:00:00 AM	Urgent
10250	Thoracic	06/02/2020  12:00:00 AM	06/01/2020  12:00:00 AM	Elective
10251	Interventional Radiology	06/02/2020  12:00:00 AM	05/28/2020  12:00:00 AM	Urgent
10252	Obstetrics	06/02/2020  12:00:00 AM	05/15/2020  12:00:00 AM	Elective
10253	Vascular	06/02/2020  12:00:00 AM	05/14/2020  12:00:00 AM	Elective
10254	Obstetrics	06/02/2020  12:00:00 AM	05/19/2020  12:00:00 AM	Urgent
10255	Hepatology	06/02/2020  12:00:00 AM	05/24/2020  12:00:00 AM	Urgent
10256	Neurosurgery	06/02/2020  12:00:00 AM	05/29/2020  12:00:00 AM	Urgent
10257	Obstetrics	06/02/2020  12:00:00 AM	05/31/2020  12:00:00 AM	Elective
10258	Obstetrics	06/02/2020  12:00:00 AM	05/17/2020  12:00:00 AM	Urgent
10259	Obstetrics	06/02/2020  12:00:00 AM	05/30/2020  12:00:00 AM	Urgent
10260	Pulmonary	06/02/2020  12:00:00 AM	05/31/2020  12:00:00 AM	Urgent
10261	Obstetrics	06/02/2020  12:00:00 AM	05/21/2020  12:00:00 AM	Elective
10262	Gastroenterology	06/02/2020  12:00:00 AM	05/19/2020  12:00:00 AM	Elective
10263	Neurosurgery	06/02/2020  12:00:00 AM	05/30/2020  12:00:00 AM	Urgent
10264	Obstetrics	06/02/2020  12:00:00 AM	05/27/2020  12:00:00 AM	Urgent
10265	Ophthalmology	06/02/2020  12:00:00 AM	05/25/2020  12:00:00 AM	Urgent
10266	Plastics	06/02/2020  12:00:00 AM	05/31/2020  12:00:00 AM	Elective
10267	Vascular	06/02/2020  12:00:00 AM	05/28/2020  12:00:00 AM	Urgent
10268	Dental	06/02/2020  12:00:00 AM	05/22/2020  12:00:00 AM	Urgent
10269	General	06/02/2020  12:00:00 AM	05/26/2020  12:00:00 AM	Urgent
10270	Electrophysiology	06/02/2020  12:00:00 AM	05/16/2020  12:00:00 AM	Urgent
10271	Urology	06/02/2020  12:00:00 AM	05/24/2020  12:00:00 AM	Urgent
10272	Hepatology	06/02/2020  12:00:00 AM	05/27/2020  12:00:00 AM	Elective
10273	Electroconvulsive Therapy	06/02/2020  12:00:00 AM	05/27/2020  12:00:00 AM	Elective
10274	Neurosurgery	06/02/2020  12:00:00 AM	05/25/2020  12:00:00 AM	Elective
10275	Neuroradiology	06/02/2020  12:00:00 AM	05/14/2020  12:00:00 AM	Elective
10276	Neurosurgery	06/02/2020  12:00:00 AM	05/19/2020  12:00:00 AM	Urgent
10277	Pain	06/02/2020  12:00:00 AM	05/19/2020  12:00:00 AM	Urgent
10278	Pain	06/02/2020  12:00:00 AM	05/19/2020  12:00:00 AM	Elective
10279	Interventional Radiology	06/02/2020  12:00:00 AM	05/15/2020  12:00:00 AM	Urgent
10280	Thoracic	06/02/2020  12:00:00 AM	05/16/2020  12:00:00 AM	Urgent
10281	Pulmonary	06/02/2020  12:00:00 AM	05/19/2020  12:00:00 AM	Urgent
10282	Ophthalmology	06/02/2020  12:00:00 AM	05/21/2020  12:00:00 AM	Urgent
10283	Plastics	06/02/2020  12:00:00 AM	05/22/2020  12:00:00 AM	Elective
10284	Podiatry	06/02/2020  12:00:00 AM	05/18/2020  12:00:00 AM	Elective
10285	Gastroenterology	06/02/2020  12:00:00 AM	05/19/2020  12:00:00 AM	Elective
10286	Neurosurgery	06/02/2020  12:00:00 AM	05/22/2020  12:00:00 AM	Elective
10287	Gynecology	06/02/2020  12:00:00 AM	05/30/2020  12:00:00 AM	Urgent
10288	Electroconvulsive Therapy	06/02/2020  12:00:00 AM	05/28/2020  12:00:00 AM	Elective
10289	Electrophysiology	06/02/2020  12:00:00 AM	05/21/2020  12:00:00 AM	Urgent
10290	Pain	06/02/2020  12:00:00 AM	05/19/2020  12:00:00 AM	Urgent
10291	Cardiac	06/02/2020  12:00:00 AM	05/25/2020  12:00:00 AM	Urgent
10292	Obstetrics	06/02/2020  12:00:00 AM	05/26/2020  12:00:00 AM	Urgent
10293	Gynecology	06/02/2020  12:00:00 AM	05/15/2020  12:00:00 AM	Urgent
10294	Pain	06/02/2020  12:00:00 AM	05/20/2020  12:00:00 AM	Urgent
10295	Plastics	06/02/2020  12:00:00 AM	05/17/2020  12:00:00 AM	Elective
10296	Neuroradiology	06/02/2020  12:00:00 AM	05/16/2020  12:00:00 AM	Elective
10297	Podiatry	06/02/2020  12:00:00 AM	05/15/2020  12:00:00 AM	Elective
10298	Electroconvulsive Therapy	06/02/2020  12:00:00 AM	05/28/2020  12:00:00 AM	Elective
10299	Electroconvulsive Therapy	06/02/2020  12:00:00 AM	05/18/2020  12:00:00 AM	Urgent
10300	Hepatology	06/02/2020  12:00:00 AM	05/25/2020  12:00:00 AM	Elective
10301	Cardiac	06/02/2020  12:00:00 AM	05/17/2020  12:00:00 AM	Elective
10302	Hepatology	06/02/2020  12:00:00 AM	05/17/2020  12:00:00 AM	Elective
10303	Orthopedics	06/02/2020  12:00:00 AM	05/14/2020  12:00:00 AM	Urgent
10304	Electrophysiology	06/02/2020  12:00:00 AM	05/18/2020  12:00:00 AM	Elective
10305	General	06/02/2020  12:00:00 AM	05/30/2020  12:00:00 AM	Elective
10306	Orthopedics	06/02/2020  12:00:00 AM	05/20/2020  12:00:00 AM	Elective
10307	Electrophysiology	06/02/2020  12:00:00 AM	05/18/2020  12:00:00 AM	Elective
10308	Orthopedics	06/02/2020  12:00:00 AM	05/22/2020  12:00:00 AM	Urgent
10309	Podiatry	06/02/2020  12:00:00 AM	05/31/2020  12:00:00 AM	Elective
10310	Neuroradiology	06/02/2020  12:00:00 AM	05/16/2020  12:00:00 AM	Urgent
10311	Urology	06/02/2020  12:00:00 AM	05/16/2020  12:00:00 AM	Elective
10312	Electrophysiology	06/02/2020  12:00:00 AM	05/25/2020  12:00:00 AM	Elective
10313	Podiatry	06/02/2020  12:00:00 AM	05/16/2020  12:00:00 AM	Urgent
10314	Interventional Radiology	06/02/2020  12:00:00 AM	05/28/2020  12:00:00 AM	Urgent
10315	Thoracic	06/02/2020  12:00:00 AM	05/25/2020  12:00:00 AM	Urgent
10316	Cardiac	06/02/2020  12:00:00 AM	05/16/2020  12:00:00 AM	Urgent
10317	Cardiac	06/02/2020  12:00:00 AM	05/29/2020  12:00:00 AM	Elective
10318	Gynecology	06/02/2020  12:00:00 AM	05/27/2020  12:00:00 AM	Elective
10319	Vascular	06/02/2020  12:00:00 AM	05/23/2020  12:00:00 AM	Elective
10320	Electroconvulsive Therapy	06/02/2020  12:00:00 AM	05/17/2020  12:00:00 AM	Elective
10321	Electrophysiology	06/02/2020  12:00:00 AM	06/01/2020  12:00:00 AM	Elective
10322	Interventional Radiology	06/02/2020  12:00:00 AM	05/25/2020  12:00:00 AM	Urgent
10323	Electrophysiology	06/02/2020  12:00:00 AM	05/25/2020  12:00:00 AM	Elective
10324	Orthopedics	06/02/2020  12:00:00 AM	05/15/2020  12:00:00 AM	Elective
10325	Neurosurgery	06/02/2020  12:00:00 AM	05/19/2020  12:00:00 AM	Elective
10326	Interventional Radiology	06/02/2020  12:00:00 AM	05/29/2020  12:00:00 AM	Urgent
10327	Vascular	06/02/2020  12:00:00 AM	05/30/2020  12:00:00 AM	Urgent
10328	Thoracic	06/02/2020  12:00:00 AM	05/21/2020  12:00:00 AM	Elective
10329	Pulmonary	06/02/2020  12:00:00 AM	06/01/2020  12:00:00 AM	Elective
10330	Gastroenterology	06/02/2020  12:00:00 AM	05/24/2020  12:00:00 AM	Urgent
10331	Thoracic	06/02/2020  12:00:00 AM	05/16/2020  12:00:00 AM	Elective
10332	Neuroradiology	06/02/2020  12:00:00 AM	05/17/2020  12:00:00 AM	Urgent
10333	Plastics	06/02/2020  12:00:00 AM	05/27/2020  12:00:00 AM	Elective
10334	Obstetrics	06/02/2020  12:00:00 AM	05/27/2020  12:00:00 AM	Elective
10335	Electroconvulsive Therapy	06/02/2020  12:00:00 AM	05/24/2020  12:00:00 AM	Urgent
10336	Dental	06/02/2020  12:00:00 AM	05/29/2020  12:00:00 AM	Urgent
10337	Electrophysiology	06/02/2020  12:00:00 AM	05/23/2020  12:00:00 AM	Urgent
10338	Vascular	06/02/2020  12:00:00 AM	05/30/2020  12:00:00 AM	Urgent
10339	Neurosurgery	06/02/2020  12:00:00 AM	05/25/2020  12:00:00 AM	Elective
10340	Gastroenterology	06/02/2020  12:00:00 AM	05/28/2020  12:00:00 AM	Elective
10341	Pain	06/02/2020  12:00:00 AM	05/28/2020  12:00:00 AM	Elective
10342	Thoracic	06/02/2020  12:00:00 AM	05/28/2020  12:00:00 AM	Elective
10343	Pulmonary	06/02/2020  12:00:00 AM	05/20/2020  12:00:00 AM	Urgent
10344	Plastics	06/02/2020  12:00:00 AM	05/30/2020  12:00:00 AM	Elective
10345	Neuroradiology	06/02/2020  12:00:00 AM	05/14/2020  12:00:00 AM	Urgent
10346	Gynecology	06/02/2020  12:00:00 AM	05/18/2020  12:00:00 AM	Elective
10347	Vascular	06/02/2020  12:00:00 AM	05/25/2020  12:00:00 AM	Elective
10348	Electrophysiology	06/02/2020  12:00:00 AM	05/14/2020  12:00:00 AM	Elective
10349	Plastics	06/02/2020  12:00:00 AM	05/28/2020  12:00:00 AM	Elective
10350	Cardiac	06/02/2020  12:00:00 AM	05/23/2020  12:00:00 AM	Urgent
10351	Urology	06/02/2020  12:00:00 AM	05/15/2020  12:00:00 AM	Urgent
10352	Neuroradiology	06/02/2020  12:00:00 AM	05/16/2020  12:00:00 AM	Urgent
10353	Orthopedics	06/02/2020  12:00:00 AM	05/27/2020  12:00:00 AM	Elective
10354	Pulmonary	06/02/2020  12:00:00 AM	05/17/2020  12:00:00 AM	Elective
10355	Gynecology	06/02/2020  12:00:00 AM	05/17/2020  12:00:00 AM	Elective
10356	Neuroradiology	06/02/2020  12:00:00 AM	05/15/2020  12:00:00 AM	Elective
10357	Gastroenterology	06/02/2020  12:00:00 AM	05/20/2020  12:00:00 AM	Urgent
10358	Neuroradiology	06/02/2020  12:00:00 AM	05/14/2020  12:00:00 AM	Elective
10359	Interventional Radiology	06/02/2020  12:00:00 AM	05/16/2020  12:00:00 AM	Elective
10360	General	06/02/2020  12:00:00 AM	06/01/2020  12:00:00 AM	Urgent
10361	General	06/02/2020  12:00:00 AM	06/01/2020  12:00:00 AM	Urgent
10362	Electrophysiology	06/02/2020  12:00:00 AM	05/29/2020  12:00:00 AM	Elective
10363	Obstetrics	06/02/2020  12:00:00 AM	05/16/2020  12:00:00 AM	Urgent
10364	Orthopedics	06/02/2020  12:00:00 AM	05/23/2020  12:00:00 AM	Elective
10365	Gynecology	06/02/2020  12:00:00 AM	05/25/2020  12:00:00 AM	Urgent
10366	Hepatology	06/02/2020  12:00:00 AM	05/25/2020  12:00:00 AM	Urgent
10367	Neurosurgery	06/02/2020  12:00:00 AM	05/23/2020  12:00:00 AM	Elective
10368	Interventional Radiology	06/02/2020  12:00:00 AM	05/29/2020  12:00:00 AM	Elective
10369	Ophthalmology	06/02/2020  12:00:00 AM	05/23/2020  12:00:00 AM	Elective
10370	Neurosurgery	06/02/2020  12:00:00 AM	05/29/2020  12:00:00 AM	Urgent
10371	Hepatology	06/02/2020  12:00:00 AM	05/28/2020  12:00:00 AM	Urgent
10372	Thoracic	06/02/2020  12:00:00 AM	05/25/2020  12:00:00 AM	Urgent
10373	Ophthalmology	06/02/2020  12:00:00 AM	05/25/2020  12:00:00 AM	Urgent
10374	Podiatry	06/02/2020  12:00:00 AM	05/21/2020  12:00:00 AM	Urgent
10375	Vascular	06/02/2020  12:00:00 AM	05/22/2020  12:00:00 AM	Urgent
10376	Orthopedics	06/02/2020  12:00:00 AM	05/24/2020  12:00:00 AM	Urgent
10377	Interventional Radiology	06/02/2020  12:00:00 AM	05/24/2020  12:00:00 AM	Elective
10378	Gynecology	06/02/2020  12:00:00 AM	05/19/2020  12:00:00 AM	Urgent
10379	Cardiac	06/02/2020  12:00:00 AM	05/21/2020  12:00:00 AM	Elective
10380	Neurosurgery	06/02/2020  12:00:00 AM	05/29/2020  12:00:00 AM	Urgent
10381	Thoracic	06/02/2020  12:00:00 AM	05/26/2020  12:00:00 AM	Elective
10382	Gastroenterology	06/02/2020  12:00:00 AM	05/16/2020  12:00:00 AM	Urgent
10383	Hepatology	06/02/2020  12:00:00 AM	05/29/2020  12:00:00 AM	Urgent
10384	Podiatry	06/02/2020  12:00:00 AM	05/14/2020  12:00:00 AM	Urgent
10385	Gastroenterology	06/02/2020  12:00:00 AM	05/18/2020  12:00:00 AM	Urgent
10386	Pulmonary	06/02/2020  12:00:00 AM	05/20/2020  12:00:00 AM	Urgent
10387	Gynecology	06/02/2020  12:00:00 AM	05/16/2020  12:00:00 AM	Urgent
10388	Plastics	06/02/2020  12:00:00 AM	05/31/2020  12:00:00 AM	Elective
10389	Hepatology	06/02/2020  12:00:00 AM	05/31/2020  12:00:00 AM	Urgent
10390	Interventional Radiology	06/02/2020  12:00:00 AM	05/28/2020  12:00:00 AM	Urgent
10391	Neuroradiology	06/02/2020  12:00:00 AM	05/29/2020  12:00:00 AM	Elective
10392	Gastroenterology	06/02/2020  12:00:00 AM	05/22/2020  12:00:00 AM	Urgent
10393	Cardiac	06/02/2020  12:00:00 AM	05/27/2020  12:00:00 AM	Urgent
10394	Gynecology	06/02/2020  12:00:00 AM	05/21/2020  12:00:00 AM	Urgent
10395	Neurosurgery	06/02/2020  12:00:00 AM	05/16/2020  12:00:00 AM	Elective
10396	Gynecology	06/02/2020  12:00:00 AM	05/20/2020  12:00:00 AM	Elective
10397	Electrophysiology	06/02/2020  12:00:00 AM	05/16/2020  12:00:00 AM	Elective
10398	Gynecology	06/02/2020  12:00:00 AM	05/24/2020  12:00:00 AM	Urgent
10399	Plastics	06/02/2020  12:00:00 AM	05/27/2020  12:00:00 AM	Elective
10400	Gastroenterology	06/02/2020  12:00:00 AM	06/01/2020  12:00:00 AM	Elective
10401	Pain	06/02/2020  12:00:00 AM	05/20/2020  12:00:00 AM	Elective
10402	Obstetrics	06/02/2020  12:00:00 AM	05/22/2020  12:00:00 AM	Urgent
10403	Vascular	06/02/2020  12:00:00 AM	05/18/2020  12:00:00 AM	Elective
10404	Electrophysiology	06/02/2020  12:00:00 AM	05/28/2020  12:00:00 AM	Elective
10405	General	06/02/2020  12:00:00 AM	05/17/2020  12:00:00 AM	Elective
10406	Electrophysiology	06/02/2020  12:00:00 AM	05/23/2020  12:00:00 AM	Urgent
10407	Vascular	06/02/2020  12:00:00 AM	05/20/2020  12:00:00 AM	Urgent
10408	Neuroradiology	06/02/2020  12:00:00 AM	05/14/2020  12:00:00 AM	Urgent
10409	Cardiac	06/02/2020  12:00:00 AM	05/23/2020  12:00:00 AM	Urgent
10410	Electroconvulsive Therapy	06/02/2020  12:00:00 AM	05/18/2020  12:00:00 AM	Elective
10411	Vascular	06/02/2020  12:00:00 AM	05/27/2020  12:00:00 AM	Urgent
10412	Gastroenterology	06/02/2020  12:00:00 AM	05/14/2020  12:00:00 AM	Urgent
10413	Urology	06/02/2020  12:00:00 AM	05/17/2020  12:00:00 AM	Urgent
10414	Pain	06/02/2020  12:00:00 AM	05/25/2020  12:00:00 AM	Elective
