LOG_ID	OR_SERVICE	SURGERY_DATE	FIRST_SCHED_DATE	CASE_CLASS
10001	Neuroradiology	01/23/2020  12:00:00 AM	01/17/2020  12:00:00 AM	Urgent
10002	Thoracic	01/23/2020  12:00:00 AM	01/13/2020  12:00:00 AM	Urgent
10003	Orthopedics	01/23/2020  12:00:00 AM	01/18/2020  12:00:00 AM	Urgent
10004	Plastics	01/23/2020  12:00:00 AM	01/21/2020  12:00:00 AM	Elective
10005	Ophthalmology	01/23/2020  12:00:00 AM	01/18/2020  12:00:00 AM	Elective
10006	Hepatology	01/23/2020  12:00:00 AM	01/07/2020  12:00:00 AM	Elective
10007	Orthopedics	01/23/2020  12:00:00 AM	01/15/2020  12:00:00 AM	Urgent
10008	Dental	01/23/2020  12:00:00 AM	01/04/2020  12:00:00 AM	Elective
10009	Podiatry	01/23/2020  12:00:00 AM	01/22/2020  12:00:00 AM	Urgent
10010	Electroconvulsive Therapy	01/23/2020  12:00:00 AM	01/11/2020  12:00:00 AM	Elective
10011	Thoracic	01/23/2020  12:00:00 AM	01/08/2020  12:00:00 AM	Elective
10012	Ophthalmology	01/23/2020  12:00:00 AM	01/12/2020  12:00:00 AM	Urgent
10013	Orthopedics	01/23/2020  12:00:00 AM	01/12/2020  12:00:00 AM	Urgent
10014	Plastics	01/23/2020  12:00:00 AM	01/22/2020  12:00:00 AM	Elective
10015	Hepatology	01/23/2020  12:00:00 AM	01/07/2020  12:00:00 AM	Urgent
10016	Electroconvulsive Therapy	01/23/2020  12:00:00 AM	01/05/2020  12:00:00 AM	Urgent
10017	Cardiac	01/23/2020  12:00:00 AM	01/07/2020  12:00:00 AM	Urgent
10018	Neuroradiology	01/23/2020  12:00:00 AM	01/05/2020  12:00:00 AM	Elective
10019	Ophthalmology	01/23/2020  12:00:00 AM	01/07/2020  12:00:00 AM	Elective
10020	Orthopedics	01/23/2020  12:00:00 AM	01/22/2020  12:00:00 AM	Elective
10021	General	01/23/2020  12:00:00 AM	01/20/2020  12:00:00 AM	Elective
10022	Gynecology	01/23/2020  12:00:00 AM	01/12/2020  12:00:00 AM	Urgent
10023	Urology	01/23/2020  12:00:00 AM	01/09/2020  12:00:00 AM	Urgent
10024	Gastroenterology	01/23/2020  12:00:00 AM	01/15/2020  12:00:00 AM	Urgent
10025	Pulmonary	01/23/2020  12:00:00 AM	01/11/2020  12:00:00 AM	Elective
10026	Cardiac	01/23/2020  12:00:00 AM	01/14/2020  12:00:00 AM	Elective
10027	Pain	01/23/2020  12:00:00 AM	01/20/2020  12:00:00 AM	Urgent
10028	Electroconvulsive Therapy	01/23/2020  12:00:00 AM	01/08/2020  12:00:00 AM	Urgent
10029	Thoracic	01/23/2020  12:00:00 AM	01/06/2020  12:00:00 AM	Urgent
10030	Dental	01/23/2020  12:00:00 AM	01/05/2020  12:00:00 AM	Elective
10031	Pulmonary	01/23/2020  12:00:00 AM	01/09/2020  12:00:00 AM	Urgent
10032	Electroconvulsive Therapy	01/23/2020  12:00:00 AM	01/20/2020  12:00:00 AM	Urgent
10033	Neurosurgery	01/23/2020  12:00:00 AM	01/18/2020  12:00:00 AM	Elective
10034	Orthopedics	01/23/2020  12:00:00 AM	01/13/2020  12:00:00 AM	Urgent
10035	Ophthalmology	01/23/2020  12:00:00 AM	01/15/2020  12:00:00 AM	Urgent
10036	Electroconvulsive Therapy	01/23/2020  12:00:00 AM	01/09/2020  12:00:00 AM	Elective
10037	Neuroradiology	01/23/2020  12:00:00 AM	01/10/2020  12:00:00 AM	Elective
10038	Cardiac	01/23/2020  12:00:00 AM	01/10/2020  12:00:00 AM	Urgent
10039	Orthopedics	01/23/2020  12:00:00 AM	01/14/2020  12:00:00 AM	Elective
10040	Urology	01/23/2020  12:00:00 AM	01/19/2020  12:00:00 AM	Elective
10041	Electrophysiology	01/23/2020  12:00:00 AM	01/11/2020  12:00:00 AM	Elective
10042	Electroconvulsive Therapy	01/23/2020  12:00:00 AM	01/06/2020  12:00:00 AM	Elective
10043	Cardiac	01/23/2020  12:00:00 AM	01/18/2020  12:00:00 AM	Elective
10044	Cardiac	01/23/2020  12:00:00 AM	01/10/2020  12:00:00 AM	Elective
10045	Pain	01/23/2020  12:00:00 AM	01/08/2020  12:00:00 AM	Urgent
10046	Dental	01/23/2020  12:00:00 AM	01/20/2020  12:00:00 AM	Elective
10047	Orthopedics	01/23/2020  12:00:00 AM	01/20/2020  12:00:00 AM	Urgent
10048	Interventional Radiology	01/23/2020  12:00:00 AM	01/13/2020  12:00:00 AM	Elective
10049	Obstetrics	01/23/2020  12:00:00 AM	01/13/2020  12:00:00 AM	Urgent
10050	Pain	01/23/2020  12:00:00 AM	01/17/2020  12:00:00 AM	Elective
10051	Neurosurgery	01/23/2020  12:00:00 AM	01/15/2020  12:00:00 AM	Elective
10052	Pulmonary	01/23/2020  12:00:00 AM	01/13/2020  12:00:00 AM	Elective
10053	Ophthalmology	01/23/2020  12:00:00 AM	01/09/2020  12:00:00 AM	Urgent
10054	Orthopedics	01/23/2020  12:00:00 AM	01/08/2020  12:00:00 AM	Urgent
10055	Dental	01/23/2020  12:00:00 AM	01/18/2020  12:00:00 AM	Urgent
10056	Electroconvulsive Therapy	01/23/2020  12:00:00 AM	01/09/2020  12:00:00 AM	Elective
10057	Gynecology	01/23/2020  12:00:00 AM	01/15/2020  12:00:00 AM	Elective
10058	Pulmonary	01/23/2020  12:00:00 AM	01/18/2020  12:00:00 AM	Elective
10059	Hepatology	01/23/2020  12:00:00 AM	01/10/2020  12:00:00 AM	Urgent
10060	Pulmonary	01/23/2020  12:00:00 AM	01/07/2020  12:00:00 AM	Urgent
10061	Ophthalmology	01/23/2020  12:00:00 AM	01/22/2020  12:00:00 AM	Elective
10062	Electrophysiology	01/23/2020  12:00:00 AM	01/04/2020  12:00:00 AM	Elective
10063	Dental	01/23/2020  12:00:00 AM	01/07/2020  12:00:00 AM	Elective
10064	Hepatology	01/23/2020  12:00:00 AM	01/11/2020  12:00:00 AM	Urgent
10065	Interventional Radiology	01/23/2020  12:00:00 AM	01/21/2020  12:00:00 AM	Elective
10066	Thoracic	01/23/2020  12:00:00 AM	01/12/2020  12:00:00 AM	Elective
10067	General	01/23/2020  12:00:00 AM	01/21/2020  12:00:00 AM	Urgent
10068	Gynecology	01/23/2020  12:00:00 AM	01/11/2020  12:00:00 AM	Elective
10069	Plastics	01/23/2020  12:00:00 AM	01/06/2020  12:00:00 AM	Urgent
10070	Obstetrics	01/23/2020  12:00:00 AM	01/14/2020  12:00:00 AM	Elective
10071	Pain	01/23/2020  12:00:00 AM	01/11/2020  12:00:00 AM	Urgent
10072	Gynecology	01/23/2020  12:00:00 AM	01/05/2020  12:00:00 AM	Elective
10073	Hepatology	01/23/2020  12:00:00 AM	01/09/2020  12:00:00 AM	Urgent
10074	Obstetrics	01/23/2020  12:00:00 AM	01/18/2020  12:00:00 AM	Urgent
10075	Electroconvulsive Therapy	01/23/2020  12:00:00 AM	01/20/2020  12:00:00 AM	Urgent
10076	Interventional Radiology	01/23/2020  12:00:00 AM	01/16/2020  12:00:00 AM	Elective
10077	Electroconvulsive Therapy	01/23/2020  12:00:00 AM	01/11/2020  12:00:00 AM	Elective
10078	Pulmonary	01/23/2020  12:00:00 AM	01/21/2020  12:00:00 AM	Urgent
10079	Hepatology	01/23/2020  12:00:00 AM	01/06/2020  12:00:00 AM	Urgent
10080	Dental	01/23/2020  12:00:00 AM	01/13/2020  12:00:00 AM	Urgent
10081	Neurosurgery	01/23/2020  12:00:00 AM	01/11/2020  12:00:00 AM	Urgent
10082	Thoracic	01/23/2020  12:00:00 AM	01/21/2020  12:00:00 AM	Urgent
10083	Urology	01/23/2020  12:00:00 AM	01/18/2020  12:00:00 AM	Elective
10084	Dental	01/23/2020  12:00:00 AM	01/07/2020  12:00:00 AM	Elective
10085	Neuroradiology	01/23/2020  12:00:00 AM	01/15/2020  12:00:00 AM	Elective
10086	Interventional Radiology	01/23/2020  12:00:00 AM	01/16/2020  12:00:00 AM	Urgent
10087	Electroconvulsive Therapy	01/23/2020  12:00:00 AM	01/09/2020  12:00:00 AM	Urgent
10088	Ophthalmology	01/23/2020  12:00:00 AM	01/16/2020  12:00:00 AM	Urgent
10089	General	01/23/2020  12:00:00 AM	01/16/2020  12:00:00 AM	Urgent
10090	Electrophysiology	01/23/2020  12:00:00 AM	01/09/2020  12:00:00 AM	Elective
10091	General	01/23/2020  12:00:00 AM	01/22/2020  12:00:00 AM	Urgent
10092	Interventional Radiology	01/23/2020  12:00:00 AM	01/22/2020  12:00:00 AM	Elective
10093	General	01/23/2020  12:00:00 AM	01/04/2020  12:00:00 AM	Elective
10094	Orthopedics	01/23/2020  12:00:00 AM	01/14/2020  12:00:00 AM	Urgent
10095	Orthopedics	01/23/2020  12:00:00 AM	01/15/2020  12:00:00 AM	Urgent
10096	Pain	01/23/2020  12:00:00 AM	01/16/2020  12:00:00 AM	Elective
10097	General	01/23/2020  12:00:00 AM	01/20/2020  12:00:00 AM	Urgent
10098	Orthopedics	01/23/2020  12:00:00 AM	01/14/2020  12:00:00 AM	Urgent
10099	General	01/23/2020  12:00:00 AM	01/05/2020  12:00:00 AM	Elective
10100	Vascular	01/23/2020  12:00:00 AM	01/14/2020  12:00:00 AM	Urgent
10101	Electroconvulsive Therapy	01/23/2020  12:00:00 AM	01/17/2020  12:00:00 AM	Elective
10102	Obstetrics	01/23/2020  12:00:00 AM	01/21/2020  12:00:00 AM	Elective
10103	Interventional Radiology	01/23/2020  12:00:00 AM	01/06/2020  12:00:00 AM	Elective
10104	Cardiac	01/23/2020  12:00:00 AM	01/16/2020  12:00:00 AM	Urgent
10105	Obstetrics	01/23/2020  12:00:00 AM	01/04/2020  12:00:00 AM	Urgent
10106	Obstetrics	01/23/2020  12:00:00 AM	01/19/2020  12:00:00 AM	Elective
10107	Interventional Radiology	01/23/2020  12:00:00 AM	01/17/2020  12:00:00 AM	Elective
10108	Obstetrics	01/23/2020  12:00:00 AM	01/10/2020  12:00:00 AM	Urgent
10109	Electroconvulsive Therapy	01/23/2020  12:00:00 AM	01/06/2020  12:00:00 AM	Elective
10110	Podiatry	01/23/2020  12:00:00 AM	01/17/2020  12:00:00 AM	Urgent
10111	Podiatry	01/23/2020  12:00:00 AM	01/13/2020  12:00:00 AM	Urgent
10112	Orthopedics	01/23/2020  12:00:00 AM	01/20/2020  12:00:00 AM	Elective
10113	General	01/23/2020  12:00:00 AM	01/04/2020  12:00:00 AM	Urgent
10114	Electrophysiology	01/23/2020  12:00:00 AM	01/08/2020  12:00:00 AM	Urgent
10115	Gastroenterology	01/23/2020  12:00:00 AM	01/13/2020  12:00:00 AM	Urgent
10116	General	01/23/2020  12:00:00 AM	01/22/2020  12:00:00 AM	Urgent
10117	Urology	01/23/2020  12:00:00 AM	01/21/2020  12:00:00 AM	Urgent
10118	Interventional Radiology	01/23/2020  12:00:00 AM	01/18/2020  12:00:00 AM	Elective
10119	Cardiac	01/23/2020  12:00:00 AM	01/05/2020  12:00:00 AM	Urgent
10120	Pulmonary	01/23/2020  12:00:00 AM	01/04/2020  12:00:00 AM	Urgent
10121	Pain	01/23/2020  12:00:00 AM	01/11/2020  12:00:00 AM	Elective
10122	Neuroradiology	01/23/2020  12:00:00 AM	01/11/2020  12:00:00 AM	Elective
10123	General	01/23/2020  12:00:00 AM	01/08/2020  12:00:00 AM	Elective
10124	Obstetrics	01/23/2020  12:00:00 AM	01/18/2020  12:00:00 AM	Elective
10125	Plastics	01/23/2020  12:00:00 AM	01/17/2020  12:00:00 AM	Elective
10126	Orthopedics	01/23/2020  12:00:00 AM	01/11/2020  12:00:00 AM	Urgent
10127	Neuroradiology	01/23/2020  12:00:00 AM	01/09/2020  12:00:00 AM	Elective
10128	Podiatry	01/23/2020  12:00:00 AM	01/09/2020  12:00:00 AM	Elective
10129	Hepatology	01/23/2020  12:00:00 AM	01/15/2020  12:00:00 AM	Urgent
10130	Urology	01/23/2020  12:00:00 AM	01/07/2020  12:00:00 AM	Elective
10131	Neurosurgery	01/23/2020  12:00:00 AM	01/09/2020  12:00:00 AM	Elective
10132	Hepatology	01/23/2020  12:00:00 AM	01/13/2020  12:00:00 AM	Urgent
10133	Obstetrics	01/23/2020  12:00:00 AM	01/05/2020  12:00:00 AM	Urgent
10134	Ophthalmology	01/23/2020  12:00:00 AM	01/20/2020  12:00:00 AM	Urgent
10135	Neuroradiology	01/23/2020  12:00:00 AM	01/17/2020  12:00:00 AM	Urgent
10136	Ophthalmology	01/23/2020  12:00:00 AM	01/15/2020  12:00:00 AM	Elective
10137	Interventional Radiology	01/23/2020  12:00:00 AM	01/10/2020  12:00:00 AM	Urgent
10138	Electroconvulsive Therapy	01/23/2020  12:00:00 AM	01/16/2020  12:00:00 AM	Elective
10139	Thoracic	01/23/2020  12:00:00 AM	01/16/2020  12:00:00 AM	Urgent
10140	Dental	01/23/2020  12:00:00 AM	01/15/2020  12:00:00 AM	Urgent
10141	Podiatry	01/23/2020  12:00:00 AM	01/05/2020  12:00:00 AM	Elective
10142	Pain	01/23/2020  12:00:00 AM	01/13/2020  12:00:00 AM	Urgent
10143	Neuroradiology	01/23/2020  12:00:00 AM	01/16/2020  12:00:00 AM	Elective
10144	Pain	01/23/2020  12:00:00 AM	01/06/2020  12:00:00 AM	Elective
10145	Pain	01/23/2020  12:00:00 AM	01/04/2020  12:00:00 AM	Elective
10146	Cardiac	01/23/2020  12:00:00 AM	01/08/2020  12:00:00 AM	Urgent
10147	Pulmonary	01/23/2020  12:00:00 AM	01/17/2020  12:00:00 AM	Elective
10148	Ophthalmology	01/23/2020  12:00:00 AM	01/04/2020  12:00:00 AM	Elective
10149	Orthopedics	01/23/2020  12:00:00 AM	01/11/2020  12:00:00 AM	Urgent
10150	Pulmonary	01/23/2020  12:00:00 AM	01/20/2020  12:00:00 AM	Urgent
10151	Ophthalmology	01/23/2020  12:00:00 AM	01/04/2020  12:00:00 AM	Elective
10152	Podiatry	01/23/2020  12:00:00 AM	01/19/2020  12:00:00 AM	Elective
10153	Neuroradiology	01/23/2020  12:00:00 AM	01/09/2020  12:00:00 AM	Urgent
10154	Podiatry	01/23/2020  12:00:00 AM	01/15/2020  12:00:00 AM	Elective
10155	Pulmonary	01/23/2020  12:00:00 AM	01/10/2020  12:00:00 AM	Elective
10156	Obstetrics	01/23/2020  12:00:00 AM	01/04/2020  12:00:00 AM	Elective
10157	Vascular	01/23/2020  12:00:00 AM	01/07/2020  12:00:00 AM	Urgent
10158	Electroconvulsive Therapy	01/23/2020  12:00:00 AM	01/10/2020  12:00:00 AM	Elective
10159	Orthopedics	01/23/2020  12:00:00 AM	01/19/2020  12:00:00 AM	Urgent
10160	Gastroenterology	01/23/2020  12:00:00 AM	01/07/2020  12:00:00 AM	Urgent
10161	Neuroradiology	01/23/2020  12:00:00 AM	01/18/2020  12:00:00 AM	Urgent
10162	Hepatology	01/23/2020  12:00:00 AM	01/06/2020  12:00:00 AM	Urgent
10163	Obstetrics	01/23/2020  12:00:00 AM	01/05/2020  12:00:00 AM	Elective
10164	Dental	01/23/2020  12:00:00 AM	01/17/2020  12:00:00 AM	Urgent
10165	Podiatry	01/23/2020  12:00:00 AM	01/21/2020  12:00:00 AM	Urgent
10166	Obstetrics	01/23/2020  12:00:00 AM	01/06/2020  12:00:00 AM	Elective
10167	Neurosurgery	01/23/2020  12:00:00 AM	01/19/2020  12:00:00 AM	Elective
10168	Interventional Radiology	01/23/2020  12:00:00 AM	01/17/2020  12:00:00 AM	Elective
10169	Urology	01/23/2020  12:00:00 AM	01/06/2020  12:00:00 AM	Urgent
10170	Hepatology	01/23/2020  12:00:00 AM	01/14/2020  12:00:00 AM	Elective
10171	Vascular	01/23/2020  12:00:00 AM	01/15/2020  12:00:00 AM	Elective
10172	Electrophysiology	01/23/2020  12:00:00 AM	01/11/2020  12:00:00 AM	Elective
10173	General	01/23/2020  12:00:00 AM	01/11/2020  12:00:00 AM	Elective
10174	Obstetrics	01/23/2020  12:00:00 AM	01/05/2020  12:00:00 AM	Urgent
10175	Obstetrics	01/23/2020  12:00:00 AM	01/15/2020  12:00:00 AM	Elective
10176	Neurosurgery	01/23/2020  12:00:00 AM	01/19/2020  12:00:00 AM	Urgent
10177	Gastroenterology	01/23/2020  12:00:00 AM	01/04/2020  12:00:00 AM	Urgent
10178	Ophthalmology	01/23/2020  12:00:00 AM	01/19/2020  12:00:00 AM	Urgent
10179	Electroconvulsive Therapy	01/23/2020  12:00:00 AM	01/07/2020  12:00:00 AM	Urgent
10180	Pain	01/23/2020  12:00:00 AM	01/10/2020  12:00:00 AM	Elective
10181	Podiatry	01/23/2020  12:00:00 AM	01/05/2020  12:00:00 AM	Elective
10182	General	01/23/2020  12:00:00 AM	01/19/2020  12:00:00 AM	Elective
10183	Obstetrics	01/23/2020  12:00:00 AM	01/17/2020  12:00:00 AM	Urgent
10184	Cardiac	01/23/2020  12:00:00 AM	01/04/2020  12:00:00 AM	Urgent
10185	Thoracic	01/23/2020  12:00:00 AM	01/09/2020  12:00:00 AM	Elective
10186	Interventional Radiology	01/23/2020  12:00:00 AM	01/20/2020  12:00:00 AM	Urgent
10187	Podiatry	01/23/2020  12:00:00 AM	01/22/2020  12:00:00 AM	Elective
10188	Podiatry	01/23/2020  12:00:00 AM	01/20/2020  12:00:00 AM	Urgent
10189	Obstetrics	01/23/2020  12:00:00 AM	01/07/2020  12:00:00 AM	Urgent
10190	Urology	01/23/2020  12:00:00 AM	01/12/2020  12:00:00 AM	Elective
10191	Electrophysiology	01/23/2020  12:00:00 AM	01/15/2020  12:00:00 AM	Urgent
10192	Interventional Radiology	01/23/2020  12:00:00 AM	01/06/2020  12:00:00 AM	Elective
10193	Hepatology	01/23/2020  12:00:00 AM	01/17/2020  12:00:00 AM	Urgent
10194	Cardiac	01/23/2020  12:00:00 AM	01/20/2020  12:00:00 AM	Elective
10195	Podiatry	01/23/2020  12:00:00 AM	01/22/2020  12:00:00 AM	Urgent
10196	Orthopedics	01/23/2020  12:00:00 AM	01/05/2020  12:00:00 AM	Urgent
10197	Thoracic	01/23/2020  12:00:00 AM	01/20/2020  12:00:00 AM	Elective
10198	Vascular	01/23/2020  12:00:00 AM	01/09/2020  12:00:00 AM	Elective
10199	Obstetrics	01/23/2020  12:00:00 AM	01/15/2020  12:00:00 AM	Elective
10200	Plastics	01/23/2020  12:00:00 AM	01/12/2020  12:00:00 AM	Elective
10201	Hepatology	01/23/2020  12:00:00 AM	01/11/2020  12:00:00 AM	Elective
10202	Gynecology	01/23/2020  12:00:00 AM	01/05/2020  12:00:00 AM	Urgent
10203	Gastroenterology	01/23/2020  12:00:00 AM	01/05/2020  12:00:00 AM	Urgent
10204	Vascular	01/23/2020  12:00:00 AM	01/07/2020  12:00:00 AM	Urgent
10205	General	01/23/2020  12:00:00 AM	01/11/2020  12:00:00 AM	Elective
10206	Obstetrics	01/23/2020  12:00:00 AM	01/19/2020  12:00:00 AM	Elective
10207	Podiatry	01/23/2020  12:00:00 AM	01/09/2020  12:00:00 AM	Urgent
10208	Electrophysiology	01/23/2020  12:00:00 AM	01/05/2020  12:00:00 AM	Urgent
10209	Gastroenterology	01/23/2020  12:00:00 AM	01/16/2020  12:00:00 AM	Urgent
10210	Interventional Radiology	01/23/2020  12:00:00 AM	01/12/2020  12:00:00 AM	Elective
10211	Electrophysiology	01/23/2020  12:00:00 AM	01/22/2020  12:00:00 AM	Elective
10212	Gastroenterology	01/23/2020  12:00:00 AM	01/09/2020  12:00:00 AM	Urgent
10213	Dental	01/23/2020  12:00:00 AM	01/14/2020  12:00:00 AM	Urgent
10214	Electroconvulsive Therapy	01/23/2020  12:00:00 AM	01/20/2020  12:00:00 AM	Urgent
10215	Plastics	01/23/2020  12:00:00 AM	01/18/2020  12:00:00 AM	Urgent
10216	Gynecology	01/23/2020  12:00:00 AM	01/22/2020  12:00:00 AM	Urgent
10217	Neuroradiology	01/23/2020  12:00:00 AM	01/20/2020  12:00:00 AM	Elective
10218	General	01/23/2020  12:00:00 AM	01/09/2020  12:00:00 AM	Elective
10219	Podiatry	01/23/2020  12:00:00 AM	01/14/2020  12:00:00 AM	Urgent
10220	Plastics	01/23/2020  12:00:00 AM	01/04/2020  12:00:00 AM	Urgent
10221	Podiatry	01/23/2020  12:00:00 AM	01/07/2020  12:00:00 AM	Elective
10222	Electrophysiology	01/23/2020  12:00:00 AM	01/15/2020  12:00:00 AM	Urgent
10223	Gynecology	01/23/2020  12:00:00 AM	01/13/2020  12:00:00 AM	Urgent
10224	Neuroradiology	01/23/2020  12:00:00 AM	01/18/2020  12:00:00 AM	Urgent
10225	Hepatology	01/23/2020  12:00:00 AM	01/19/2020  12:00:00 AM	Elective
10226	Orthopedics	01/23/2020  12:00:00 AM	01/08/2020  12:00:00 AM	Elective
10227	Neuroradiology	01/23/2020  12:00:00 AM	01/20/2020  12:00:00 AM	Urgent
10228	Pulmonary	01/23/2020  12:00:00 AM	01/12/2020  12:00:00 AM	Urgent
10229	Pulmonary	01/23/2020  12:00:00 AM	01/09/2020  12:00:00 AM	Urgent
10230	Pain	01/23/2020  12:00:00 AM	01/20/2020  12:00:00 AM	Urgent
10231	Podiatry	01/23/2020  12:00:00 AM	01/20/2020  12:00:00 AM	Elective
10232	Cardiac	01/23/2020  12:00:00 AM	01/04/2020  12:00:00 AM	Urgent
10233	Cardiac	01/23/2020  12:00:00 AM	01/13/2020  12:00:00 AM	Elective
10234	General	01/23/2020  12:00:00 AM	01/09/2020  12:00:00 AM	Urgent
10235	Pain	01/23/2020  12:00:00 AM	01/12/2020  12:00:00 AM	Urgent
10236	Thoracic	01/23/2020  12:00:00 AM	01/15/2020  12:00:00 AM	Urgent
10237	Obstetrics	01/23/2020  12:00:00 AM	01/19/2020  12:00:00 AM	Urgent
10238	Cardiac	01/23/2020  12:00:00 AM	01/13/2020  12:00:00 AM	Elective
10239	Pain	01/23/2020  12:00:00 AM	01/08/2020  12:00:00 AM	Urgent
10240	Plastics	01/23/2020  12:00:00 AM	01/21/2020  12:00:00 AM	Urgent
10241	Thoracic	01/23/2020  12:00:00 AM	01/07/2020  12:00:00 AM	Urgent
10242	Orthopedics	01/23/2020  12:00:00 AM	01/19/2020  12:00:00 AM	Urgent
10243	Obstetrics	01/23/2020  12:00:00 AM	01/17/2020  12:00:00 AM	Elective
10244	Plastics	01/23/2020  12:00:00 AM	01/18/2020  12:00:00 AM	Elective
10245	General	01/23/2020  12:00:00 AM	01/09/2020  12:00:00 AM	Elective
10246	Plastics	01/23/2020  12:00:00 AM	01/06/2020  12:00:00 AM	Elective
10247	Gastroenterology	01/23/2020  12:00:00 AM	01/11/2020  12:00:00 AM	Elective
10248	Neurosurgery	01/23/2020  12:00:00 AM	01/19/2020  12:00:00 AM	Elective
10249	Ophthalmology	01/23/2020  12:00:00 AM	01/17/2020  12:00:00 AM	Urgent
10250	Hepatology	01/23/2020  12:00:00 AM	01/18/2020  12:00:00 AM	Elective
10251	Obstetrics	01/23/2020  12:00:00 AM	01/04/2020  12:00:00 AM	Urgent
10252	General	01/23/2020  12:00:00 AM	01/06/2020  12:00:00 AM	Urgent
10253	Ophthalmology	01/23/2020  12:00:00 AM	01/17/2020  12:00:00 AM	Elective
10254	Plastics	01/23/2020  12:00:00 AM	01/05/2020  12:00:00 AM	Urgent
10255	Thoracic	01/23/2020  12:00:00 AM	01/22/2020  12:00:00 AM	Elective
10256	Neuroradiology	01/23/2020  12:00:00 AM	01/04/2020  12:00:00 AM	Urgent
10257	Cardiac	01/23/2020  12:00:00 AM	01/22/2020  12:00:00 AM	Elective
10258	Ophthalmology	01/23/2020  12:00:00 AM	01/05/2020  12:00:00 AM	Elective
10259	Thoracic	01/23/2020  12:00:00 AM	01/19/2020  12:00:00 AM	Urgent
10260	Dental	01/23/2020  12:00:00 AM	01/12/2020  12:00:00 AM	Elective
10261	Electrophysiology	01/23/2020  12:00:00 AM	01/17/2020  12:00:00 AM	Elective
10262	Vascular	01/23/2020  12:00:00 AM	01/18/2020  12:00:00 AM	Urgent
10263	Pain	01/23/2020  12:00:00 AM	01/12/2020  12:00:00 AM	Urgent
10264	General	01/23/2020  12:00:00 AM	01/18/2020  12:00:00 AM	Urgent
10265	Cardiac	01/23/2020  12:00:00 AM	01/16/2020  12:00:00 AM	Elective
10266	Pain	01/23/2020  12:00:00 AM	01/05/2020  12:00:00 AM	Elective
10267	Cardiac	01/23/2020  12:00:00 AM	01/19/2020  12:00:00 AM	Urgent
10268	Vascular	01/23/2020  12:00:00 AM	01/06/2020  12:00:00 AM	Urgent
10269	Urology	01/23/2020  12:00:00 AM	01/05/2020  12:00:00 AM	Urgent
10270	Interventional Radiology	01/23/2020  12:00:00 AM	01/10/2020  12:00:00 AM	Elective
10271	Hepatology	01/23/2020  12:00:00 AM	01/15/2020  12:00:00 AM	Elective
10272	Gastroenterology	01/23/2020  12:00:00 AM	01/22/2020  12:00:00 AM	Elective
10273	Electrophysiology	01/23/2020  12:00:00 AM	01/06/2020  12:00:00 AM	Urgent
10274	General	01/23/2020  12:00:00 AM	01/09/2020  12:00:00 AM	Urgent
10275	Podiatry	01/23/2020  12:00:00 AM	01/10/2020  12:00:00 AM	Elective
10276	Ophthalmology	01/23/2020  12:00:00 AM	01/21/2020  12:00:00 AM	Urgent
10277	Cardiac	01/23/2020  12:00:00 AM	01/17/2020  12:00:00 AM	Urgent
10278	Ophthalmology	01/23/2020  12:00:00 AM	01/06/2020  12:00:00 AM	Elective
10279	Vascular	01/23/2020  12:00:00 AM	01/14/2020  12:00:00 AM	Elective
10280	Cardiac	01/23/2020  12:00:00 AM	01/17/2020  12:00:00 AM	Urgent
10281	General	01/23/2020  12:00:00 AM	01/18/2020  12:00:00 AM	Urgent
10282	Dental	01/23/2020  12:00:00 AM	01/10/2020  12:00:00 AM	Urgent
10283	Interventional Radiology	01/23/2020  12:00:00 AM	01/12/2020  12:00:00 AM	Elective
10284	Gastroenterology	01/23/2020  12:00:00 AM	01/04/2020  12:00:00 AM	Elective
10285	Gynecology	01/23/2020  12:00:00 AM	01/12/2020  12:00:00 AM	Elective
10286	Orthopedics	01/23/2020  12:00:00 AM	01/16/2020  12:00:00 AM	Urgent
10287	Obstetrics	01/23/2020  12:00:00 AM	01/20/2020  12:00:00 AM	Elective
10288	Podiatry	01/23/2020  12:00:00 AM	01/13/2020  12:00:00 AM	Urgent
10289	Pain	01/23/2020  12:00:00 AM	01/06/2020  12:00:00 AM	Elective
10290	Ophthalmology	01/23/2020  12:00:00 AM	01/16/2020  12:00:00 AM	Elective
10291	Gastroenterology	01/23/2020  12:00:00 AM	01/21/2020  12:00:00 AM	Urgent
10292	Cardiac	01/23/2020  12:00:00 AM	01/10/2020  12:00:00 AM	Elective
10293	Gynecology	01/23/2020  12:00:00 AM	01/06/2020  12:00:00 AM	Elective
10294	Electroconvulsive Therapy	01/23/2020  12:00:00 AM	01/11/2020  12:00:00 AM	Elective
10295	Hepatology	01/23/2020  12:00:00 AM	01/16/2020  12:00:00 AM	Elective
10296	Interventional Radiology	01/23/2020  12:00:00 AM	01/19/2020  12:00:00 AM	Urgent
10297	Cardiac	01/23/2020  12:00:00 AM	01/04/2020  12:00:00 AM	Urgent
10298	Interventional Radiology	01/23/2020  12:00:00 AM	01/19/2020  12:00:00 AM	Urgent
10299	Pain	01/23/2020  12:00:00 AM	01/07/2020  12:00:00 AM	Urgent
10300	Neurosurgery	01/23/2020  12:00:00 AM	01/12/2020  12:00:00 AM	Urgent
10301	Gastroenterology	01/23/2020  12:00:00 AM	01/18/2020  12:00:00 AM	Elective
10302	Neuroradiology	01/23/2020  12:00:00 AM	01/05/2020  12:00:00 AM	Urgent
10303	Hepatology	01/23/2020  12:00:00 AM	01/20/2020  12:00:00 AM	Urgent
10304	Thoracic	01/23/2020  12:00:00 AM	01/17/2020  12:00:00 AM	Elective
10305	Orthopedics	01/23/2020  12:00:00 AM	01/04/2020  12:00:00 AM	Urgent
10306	Thoracic	01/23/2020  12:00:00 AM	01/11/2020  12:00:00 AM	Elective
10307	Pulmonary	01/23/2020  12:00:00 AM	01/19/2020  12:00:00 AM	Urgent
10308	Hepatology	01/23/2020  12:00:00 AM	01/19/2020  12:00:00 AM	Urgent
10309	Neurosurgery	01/23/2020  12:00:00 AM	01/21/2020  12:00:00 AM	Urgent
10310	Obstetrics	01/23/2020  12:00:00 AM	01/13/2020  12:00:00 AM	Elective
10311	Hepatology	01/23/2020  12:00:00 AM	01/12/2020  12:00:00 AM	Elective
10312	Cardiac	01/23/2020  12:00:00 AM	01/10/2020  12:00:00 AM	Elective
10313	Podiatry	01/23/2020  12:00:00 AM	01/22/2020  12:00:00 AM	Elective
10314	Ophthalmology	01/23/2020  12:00:00 AM	01/08/2020  12:00:00 AM	Elective
10315	Pain	01/23/2020  12:00:00 AM	01/04/2020  12:00:00 AM	Urgent
10316	Pain	01/23/2020  12:00:00 AM	01/21/2020  12:00:00 AM	Urgent
10317	Hepatology	01/23/2020  12:00:00 AM	01/21/2020  12:00:00 AM	Urgent
10318	Gynecology	01/23/2020  12:00:00 AM	01/10/2020  12:00:00 AM	Urgent
10319	Pulmonary	01/23/2020  12:00:00 AM	01/04/2020  12:00:00 AM	Elective
10320	Obstetrics	01/23/2020  12:00:00 AM	01/09/2020  12:00:00 AM	Elective
10321	Thoracic	01/23/2020  12:00:00 AM	01/06/2020  12:00:00 AM	Urgent
10322	Cardiac	01/23/2020  12:00:00 AM	01/07/2020  12:00:00 AM	Urgent
10323	Gynecology	01/23/2020  12:00:00 AM	01/14/2020  12:00:00 AM	Elective
10324	Ophthalmology	01/23/2020  12:00:00 AM	01/16/2020  12:00:00 AM	Elective
10325	Gastroenterology	01/23/2020  12:00:00 AM	01/16/2020  12:00:00 AM	Elective
10326	Electroconvulsive Therapy	01/23/2020  12:00:00 AM	01/16/2020  12:00:00 AM	Urgent
10327	Neurosurgery	01/23/2020  12:00:00 AM	01/16/2020  12:00:00 AM	Elective
10328	Thoracic	01/23/2020  12:00:00 AM	01/15/2020  12:00:00 AM	Urgent
10329	Neuroradiology	01/23/2020  12:00:00 AM	01/20/2020  12:00:00 AM	Urgent
10330	Hepatology	01/23/2020  12:00:00 AM	01/20/2020  12:00:00 AM	Elective
10331	Gynecology	01/23/2020  12:00:00 AM	01/21/2020  12:00:00 AM	Elective
10332	Neurosurgery	01/23/2020  12:00:00 AM	01/07/2020  12:00:00 AM	Elective
10333	Gastroenterology	01/23/2020  12:00:00 AM	01/07/2020  12:00:00 AM	Elective
10334	Pain	01/23/2020  12:00:00 AM	01/22/2020  12:00:00 AM	Urgent
10335	Obstetrics	01/23/2020  12:00:00 AM	01/15/2020  12:00:00 AM	Elective
10336	Thoracic	01/23/2020  12:00:00 AM	01/07/2020  12:00:00 AM	Elective
10337	Gastroenterology	01/23/2020  12:00:00 AM	01/04/2020  12:00:00 AM	Elective
10338	Gastroenterology	01/23/2020  12:00:00 AM	01/09/2020  12:00:00 AM	Elective
10339	Electroconvulsive Therapy	01/23/2020  12:00:00 AM	01/05/2020  12:00:00 AM	Urgent
10340	Neuroradiology	01/23/2020  12:00:00 AM	01/11/2020  12:00:00 AM	Urgent
10341	Neuroradiology	01/23/2020  12:00:00 AM	01/08/2020  12:00:00 AM	Elective
10342	Neuroradiology	01/23/2020  12:00:00 AM	01/18/2020  12:00:00 AM	Urgent
10343	Electrophysiology	01/23/2020  12:00:00 AM	01/17/2020  12:00:00 AM	Elective
10344	Urology	01/23/2020  12:00:00 AM	01/08/2020  12:00:00 AM	Elective
10345	Pain	01/23/2020  12:00:00 AM	01/09/2020  12:00:00 AM	Elective
10346	Pain	01/23/2020  12:00:00 AM	01/09/2020  12:00:00 AM	Urgent
10347	Ophthalmology	01/23/2020  12:00:00 AM	01/04/2020  12:00:00 AM	Elective
10348	Podiatry	01/23/2020  12:00:00 AM	01/18/2020  12:00:00 AM	Elective
10349	Electroconvulsive Therapy	01/23/2020  12:00:00 AM	01/05/2020  12:00:00 AM	Urgent
10350	Neurosurgery	01/23/2020  12:00:00 AM	01/08/2020  12:00:00 AM	Urgent
10351	Interventional Radiology	01/23/2020  12:00:00 AM	01/17/2020  12:00:00 AM	Elective
10352	Interventional Radiology	01/23/2020  12:00:00 AM	01/06/2020  12:00:00 AM	Urgent
10353	Thoracic	01/23/2020  12:00:00 AM	01/19/2020  12:00:00 AM	Elective
10354	Orthopedics	01/23/2020  12:00:00 AM	01/10/2020  12:00:00 AM	Elective
10355	Electrophysiology	01/23/2020  12:00:00 AM	01/09/2020  12:00:00 AM	Elective
10356	Electrophysiology	01/23/2020  12:00:00 AM	01/11/2020  12:00:00 AM	Urgent
10357	Electrophysiology	01/23/2020  12:00:00 AM	01/10/2020  12:00:00 AM	Elective
10358	Orthopedics	01/23/2020  12:00:00 AM	01/16/2020  12:00:00 AM	Urgent
10359	Dental	01/23/2020  12:00:00 AM	01/10/2020  12:00:00 AM	Urgent
10360	Neuroradiology	01/23/2020  12:00:00 AM	01/13/2020  12:00:00 AM	Urgent
10361	Electroconvulsive Therapy	01/23/2020  12:00:00 AM	01/13/2020  12:00:00 AM	Urgent
10362	General	01/23/2020  12:00:00 AM	01/07/2020  12:00:00 AM	Urgent
10363	Obstetrics	01/23/2020  12:00:00 AM	01/10/2020  12:00:00 AM	Elective
10364	Podiatry	01/23/2020  12:00:00 AM	01/22/2020  12:00:00 AM	Urgent
10365	Pain	01/23/2020  12:00:00 AM	01/04/2020  12:00:00 AM	Urgent
10366	Electrophysiology	01/23/2020  12:00:00 AM	01/09/2020  12:00:00 AM	Urgent
10367	Dental	01/23/2020  12:00:00 AM	01/21/2020  12:00:00 AM	Urgent
10368	Gastroenterology	01/23/2020  12:00:00 AM	01/12/2020  12:00:00 AM	Elective
10369	Plastics	01/23/2020  12:00:00 AM	01/20/2020  12:00:00 AM	Elective
10370	Gynecology	01/23/2020  12:00:00 AM	01/16/2020  12:00:00 AM	Elective
10371	Ophthalmology	01/23/2020  12:00:00 AM	01/15/2020  12:00:00 AM	Urgent
10372	Hepatology	01/23/2020  12:00:00 AM	01/06/2020  12:00:00 AM	Urgent
10373	Obstetrics	01/23/2020  12:00:00 AM	01/13/2020  12:00:00 AM	Elective
10374	Pain	01/23/2020  12:00:00 AM	01/18/2020  12:00:00 AM	Urgent
10375	Gynecology	01/23/2020  12:00:00 AM	01/18/2020  12:00:00 AM	Urgent
10376	Thoracic	01/23/2020  12:00:00 AM	01/08/2020  12:00:00 AM	Elective
10377	Gynecology	01/23/2020  12:00:00 AM	01/11/2020  12:00:00 AM	Elective
10378	Thoracic	01/23/2020  12:00:00 AM	01/20/2020  12:00:00 AM	Urgent
10379	Ophthalmology	01/23/2020  12:00:00 AM	01/12/2020  12:00:00 AM	Urgent
10380	Dental	01/23/2020  12:00:00 AM	01/18/2020  12:00:00 AM	Urgent
10381	Pain	01/23/2020  12:00:00 AM	01/19/2020  12:00:00 AM	Elective
10382	Plastics	01/23/2020  12:00:00 AM	01/04/2020  12:00:00 AM	Elective
10383	Thoracic	01/23/2020  12:00:00 AM	01/19/2020  12:00:00 AM	Urgent
10384	Interventional Radiology	01/23/2020  12:00:00 AM	01/09/2020  12:00:00 AM	Urgent
10385	Podiatry	01/23/2020  12:00:00 AM	01/11/2020  12:00:00 AM	Elective
10386	Pulmonary	01/23/2020  12:00:00 AM	01/06/2020  12:00:00 AM	Urgent
10387	Electroconvulsive Therapy	01/23/2020  12:00:00 AM	01/06/2020  12:00:00 AM	Elective
10388	Podiatry	01/23/2020  12:00:00 AM	01/09/2020  12:00:00 AM	Urgent
10389	Pain	01/23/2020  12:00:00 AM	01/19/2020  12:00:00 AM	Urgent
10390	Podiatry	01/23/2020  12:00:00 AM	01/22/2020  12:00:00 AM	Elective
10391	Cardiac	01/23/2020  12:00:00 AM	01/15/2020  12:00:00 AM	Elective
10392	Pain	01/23/2020  12:00:00 AM	01/20/2020  12:00:00 AM	Elective
10393	Electroconvulsive Therapy	01/23/2020  12:00:00 AM	01/13/2020  12:00:00 AM	Elective
10394	Podiatry	01/23/2020  12:00:00 AM	01/06/2020  12:00:00 AM	Elective
10395	Interventional Radiology	01/23/2020  12:00:00 AM	01/08/2020  12:00:00 AM	Urgent
10396	Urology	01/23/2020  12:00:00 AM	01/04/2020  12:00:00 AM	Elective
10397	Urology	01/23/2020  12:00:00 AM	01/05/2020  12:00:00 AM	Urgent
10398	General	01/23/2020  12:00:00 AM	01/22/2020  12:00:00 AM	Elective
10399	Thoracic	01/23/2020  12:00:00 AM	01/09/2020  12:00:00 AM	Urgent
10400	Thoracic	01/23/2020  12:00:00 AM	01/04/2020  12:00:00 AM	Elective
10401	Cardiac	01/23/2020  12:00:00 AM	01/14/2020  12:00:00 AM	Elective
10402	Podiatry	01/23/2020  12:00:00 AM	01/10/2020  12:00:00 AM	Elective
10403	Plastics	01/23/2020  12:00:00 AM	01/18/2020  12:00:00 AM	Elective
10404	Urology	01/23/2020  12:00:00 AM	01/21/2020  12:00:00 AM	Elective
10405	Electrophysiology	01/23/2020  12:00:00 AM	01/15/2020  12:00:00 AM	Urgent
10406	Obstetrics	01/23/2020  12:00:00 AM	01/11/2020  12:00:00 AM	Urgent
10407	Gynecology	01/23/2020  12:00:00 AM	01/04/2020  12:00:00 AM	Elective
10408	Pulmonary	01/23/2020  12:00:00 AM	01/21/2020  12:00:00 AM	Urgent
10409	Neurosurgery	01/23/2020  12:00:00 AM	01/15/2020  12:00:00 AM	Urgent
10410	General	01/23/2020  12:00:00 AM	01/19/2020  12:00:00 AM	Elective
10411	Thoracic	01/23/2020  12:00:00 AM	01/15/2020  12:00:00 AM	Elective
10412	Hepatology	01/23/2020  12:00:00 AM	01/22/2020  12:00:00 AM	Urgent
10413	Neuroradiology	01/23/2020  12:00:00 AM	01/20/2020  12:00:00 AM	Urgent
10414	Cardiac	01/23/2020  12:00:00 AM	01/22/2020  12:00:00 AM	Urgent
