LOG_ID	OR_SERVICE	SURGERY_DATE	FIRST_SCHED_DATE	CASE_CLASS
10001	Neurosurgery	01/10/2020  12:00:00 AM	12/25/2019  12:00:00 AM	Elective
10002	Thoracic	01/10/2020  12:00:00 AM	12/29/2019  12:00:00 AM	Urgent
10003	Interventional Radiology	01/10/2020  12:00:00 AM	12/30/2019  12:00:00 AM	Elective
10004	Interventional Radiology	01/10/2020  12:00:00 AM	01/06/2020  12:00:00 AM	Urgent
10005	General	01/10/2020  12:00:00 AM	12/25/2019  12:00:00 AM	Elective
10006	Neuroradiology	01/10/2020  12:00:00 AM	12/28/2019  12:00:00 AM	Urgent
10007	Cardiac	01/10/2020  12:00:00 AM	01/05/2020  12:00:00 AM	Urgent
10008	Obstetrics	01/10/2020  12:00:00 AM	01/04/2020  12:00:00 AM	Elective
10009	Electroconvulsive Therapy	01/10/2020  12:00:00 AM	01/07/2020  12:00:00 AM	Elective
10010	Gynecology	01/10/2020  12:00:00 AM	01/09/2020  12:00:00 AM	Elective
10011	Neurosurgery	01/10/2020  12:00:00 AM	12/30/2019  12:00:00 AM	Urgent
10012	Neuroradiology	01/10/2020  12:00:00 AM	01/06/2020  12:00:00 AM	Elective
10013	Pain	01/10/2020  12:00:00 AM	12/22/2019  12:00:00 AM	Urgent
10014	Electroconvulsive Therapy	01/10/2020  12:00:00 AM	12/29/2019  12:00:00 AM	Elective
10015	Thoracic	01/10/2020  12:00:00 AM	01/03/2020  12:00:00 AM	Urgent
10016	Interventional Radiology	01/10/2020  12:00:00 AM	01/09/2020  12:00:00 AM	Urgent
10017	General	01/10/2020  12:00:00 AM	01/02/2020  12:00:00 AM	Urgent
10018	Cardiac	01/10/2020  12:00:00 AM	01/03/2020  12:00:00 AM	Urgent
10019	Plastics	01/10/2020  12:00:00 AM	01/07/2020  12:00:00 AM	Elective
10020	Urology	01/10/2020  12:00:00 AM	01/08/2020  12:00:00 AM	Elective
10021	Pulmonary	01/10/2020  12:00:00 AM	12/26/2019  12:00:00 AM	Urgent
10022	Vascular	01/10/2020  12:00:00 AM	01/07/2020  12:00:00 AM	Elective
10023	Dental	01/10/2020  12:00:00 AM	12/27/2019  12:00:00 AM	Urgent
10024	General	01/10/2020  12:00:00 AM	01/08/2020  12:00:00 AM	Urgent
10025	Electroconvulsive Therapy	01/10/2020  12:00:00 AM	12/23/2019  12:00:00 AM	Elective
10026	Neuroradiology	01/10/2020  12:00:00 AM	12/22/2019  12:00:00 AM	Elective
10027	Obstetrics	01/10/2020  12:00:00 AM	01/04/2020  12:00:00 AM	Urgent
10028	Plastics	01/10/2020  12:00:00 AM	12/24/2019  12:00:00 AM	Elective
10029	Neurosurgery	01/10/2020  12:00:00 AM	01/09/2020  12:00:00 AM	Elective
10030	Neurosurgery	01/10/2020  12:00:00 AM	12/22/2019  12:00:00 AM	Urgent
10031	Pulmonary	01/10/2020  12:00:00 AM	01/01/2020  12:00:00 AM	Elective
10032	Neuroradiology	01/10/2020  12:00:00 AM	01/06/2020  12:00:00 AM	Urgent
10033	Ophthalmology	01/10/2020  12:00:00 AM	12/26/2019  12:00:00 AM	Elective
10034	Podiatry	01/10/2020  12:00:00 AM	12/22/2019  12:00:00 AM	Urgent
10035	Neuroradiology	01/10/2020  12:00:00 AM	12/28/2019  12:00:00 AM	Urgent
10036	Pulmonary	01/10/2020  12:00:00 AM	01/06/2020  12:00:00 AM	Elective
10037	Podiatry	01/10/2020  12:00:00 AM	01/02/2020  12:00:00 AM	Elective
10038	Electroconvulsive Therapy	01/10/2020  12:00:00 AM	12/25/2019  12:00:00 AM	Elective
10039	Cardiac	01/10/2020  12:00:00 AM	01/02/2020  12:00:00 AM	Urgent
10040	Plastics	01/10/2020  12:00:00 AM	01/04/2020  12:00:00 AM	Elective
10041	Pulmonary	01/10/2020  12:00:00 AM	12/23/2019  12:00:00 AM	Elective
10042	Cardiac	01/10/2020  12:00:00 AM	12/31/2019  12:00:00 AM	Urgent
10043	Hepatology	01/10/2020  12:00:00 AM	01/01/2020  12:00:00 AM	Elective
10044	Neurosurgery	01/10/2020  12:00:00 AM	01/05/2020  12:00:00 AM	Elective
10045	Pain	01/10/2020  12:00:00 AM	12/30/2019  12:00:00 AM	Elective
10046	Vascular	01/10/2020  12:00:00 AM	12/29/2019  12:00:00 AM	Elective
10047	Podiatry	01/10/2020  12:00:00 AM	12/29/2019  12:00:00 AM	Urgent
10048	General	01/10/2020  12:00:00 AM	01/06/2020  12:00:00 AM	Urgent
10049	Podiatry	01/10/2020  12:00:00 AM	12/25/2019  12:00:00 AM	Urgent
10050	Electroconvulsive Therapy	01/10/2020  12:00:00 AM	01/03/2020  12:00:00 AM	Elective
10051	Pain	01/10/2020  12:00:00 AM	12/30/2019  12:00:00 AM	Elective
10052	Orthopedics	01/10/2020  12:00:00 AM	12/29/2019  12:00:00 AM	Urgent
10053	Gynecology	01/10/2020  12:00:00 AM	12/31/2019  12:00:00 AM	Elective
10054	Urology	01/10/2020  12:00:00 AM	01/04/2020  12:00:00 AM	Elective
10055	General	01/10/2020  12:00:00 AM	01/07/2020  12:00:00 AM	Urgent
10056	Hepatology	01/10/2020  12:00:00 AM	01/03/2020  12:00:00 AM	Elective
10057	Electroconvulsive Therapy	01/10/2020  12:00:00 AM	12/31/2019  12:00:00 AM	Urgent
10058	Vascular	01/10/2020  12:00:00 AM	01/03/2020  12:00:00 AM	Elective
10059	Gastroenterology	01/10/2020  12:00:00 AM	01/09/2020  12:00:00 AM	Urgent
10060	Pulmonary	01/10/2020  12:00:00 AM	01/07/2020  12:00:00 AM	Urgent
10061	Neuroradiology	01/10/2020  12:00:00 AM	01/09/2020  12:00:00 AM	Elective
10062	Gynecology	01/10/2020  12:00:00 AM	01/08/2020  12:00:00 AM	Elective
10063	Orthopedics	01/10/2020  12:00:00 AM	12/22/2019  12:00:00 AM	Urgent
10064	Pain	01/10/2020  12:00:00 AM	12/26/2019  12:00:00 AM	Elective
10065	Pain	01/10/2020  12:00:00 AM	01/01/2020  12:00:00 AM	Urgent
10066	Podiatry	01/10/2020  12:00:00 AM	12/25/2019  12:00:00 AM	Elective
10067	Interventional Radiology	01/10/2020  12:00:00 AM	01/08/2020  12:00:00 AM	Elective
10068	Ophthalmology	01/10/2020  12:00:00 AM	12/22/2019  12:00:00 AM	Urgent
10069	Ophthalmology	01/10/2020  12:00:00 AM	01/07/2020  12:00:00 AM	Urgent
10070	Pain	01/10/2020  12:00:00 AM	12/31/2019  12:00:00 AM	Elective
10071	Pain	01/10/2020  12:00:00 AM	12/27/2019  12:00:00 AM	Elective
10072	Pain	01/10/2020  12:00:00 AM	12/24/2019  12:00:00 AM	Urgent
10073	Neuroradiology	01/10/2020  12:00:00 AM	01/05/2020  12:00:00 AM	Elective
10074	Urology	01/10/2020  12:00:00 AM	01/09/2020  12:00:00 AM	Urgent
10075	Plastics	01/10/2020  12:00:00 AM	01/07/2020  12:00:00 AM	Elective
10076	Electroconvulsive Therapy	01/10/2020  12:00:00 AM	01/05/2020  12:00:00 AM	Urgent
10077	Neuroradiology	01/10/2020  12:00:00 AM	12/29/2019  12:00:00 AM	Elective
10078	Podiatry	01/10/2020  12:00:00 AM	12/24/2019  12:00:00 AM	Urgent
10079	Plastics	01/10/2020  12:00:00 AM	12/29/2019  12:00:00 AM	Elective
10080	Interventional Radiology	01/10/2020  12:00:00 AM	01/06/2020  12:00:00 AM	Elective
10081	Hepatology	01/10/2020  12:00:00 AM	01/04/2020  12:00:00 AM	Urgent
10082	Urology	01/10/2020  12:00:00 AM	01/06/2020  12:00:00 AM	Elective
10083	Obstetrics	01/10/2020  12:00:00 AM	01/05/2020  12:00:00 AM	Elective
10084	Podiatry	01/10/2020  12:00:00 AM	01/03/2020  12:00:00 AM	Urgent
10085	Neurosurgery	01/10/2020  12:00:00 AM	12/31/2019  12:00:00 AM	Urgent
10086	Electroconvulsive Therapy	01/10/2020  12:00:00 AM	12/26/2019  12:00:00 AM	Elective
10087	Ophthalmology	01/10/2020  12:00:00 AM	01/09/2020  12:00:00 AM	Elective
10088	Plastics	01/10/2020  12:00:00 AM	01/02/2020  12:00:00 AM	Elective
10089	Urology	01/10/2020  12:00:00 AM	12/29/2019  12:00:00 AM	Urgent
10090	Electroconvulsive Therapy	01/10/2020  12:00:00 AM	01/03/2020  12:00:00 AM	Elective
10091	Hepatology	01/10/2020  12:00:00 AM	01/03/2020  12:00:00 AM	Urgent
10092	Dental	01/10/2020  12:00:00 AM	01/08/2020  12:00:00 AM	Urgent
10093	Ophthalmology	01/10/2020  12:00:00 AM	01/07/2020  12:00:00 AM	Urgent
10094	Thoracic	01/10/2020  12:00:00 AM	12/27/2019  12:00:00 AM	Elective
10095	Interventional Radiology	01/10/2020  12:00:00 AM	12/27/2019  12:00:00 AM	Urgent
10096	Hepatology	01/10/2020  12:00:00 AM	12/31/2019  12:00:00 AM	Urgent
10097	Orthopedics	01/10/2020  12:00:00 AM	12/24/2019  12:00:00 AM	Elective
10098	Interventional Radiology	01/10/2020  12:00:00 AM	12/26/2019  12:00:00 AM	Elective
10099	Electroconvulsive Therapy	01/10/2020  12:00:00 AM	12/22/2019  12:00:00 AM	Elective
10100	Neuroradiology	01/10/2020  12:00:00 AM	12/23/2019  12:00:00 AM	Urgent
10101	Cardiac	01/10/2020  12:00:00 AM	01/05/2020  12:00:00 AM	Elective
10102	Obstetrics	01/10/2020  12:00:00 AM	12/30/2019  12:00:00 AM	Urgent
10103	Electroconvulsive Therapy	01/10/2020  12:00:00 AM	01/09/2020  12:00:00 AM	Urgent
10104	Gastroenterology	01/10/2020  12:00:00 AM	12/30/2019  12:00:00 AM	Elective
10105	Thoracic	01/10/2020  12:00:00 AM	01/01/2020  12:00:00 AM	Urgent
10106	Obstetrics	01/10/2020  12:00:00 AM	12/29/2019  12:00:00 AM	Urgent
10107	Gastroenterology	01/10/2020  12:00:00 AM	01/03/2020  12:00:00 AM	Urgent
10108	Neuroradiology	01/10/2020  12:00:00 AM	01/07/2020  12:00:00 AM	Elective
10109	Obstetrics	01/10/2020  12:00:00 AM	12/23/2019  12:00:00 AM	Urgent
10110	Obstetrics	01/10/2020  12:00:00 AM	01/02/2020  12:00:00 AM	Elective
10111	Neuroradiology	01/10/2020  12:00:00 AM	12/27/2019  12:00:00 AM	Elective
10112	Gastroenterology	01/10/2020  12:00:00 AM	01/02/2020  12:00:00 AM	Elective
10113	Neurosurgery	01/10/2020  12:00:00 AM	12/26/2019  12:00:00 AM	Elective
10114	Plastics	01/10/2020  12:00:00 AM	12/23/2019  12:00:00 AM	Elective
10115	Hepatology	01/10/2020  12:00:00 AM	01/05/2020  12:00:00 AM	Elective
10116	Neurosurgery	01/10/2020  12:00:00 AM	01/01/2020  12:00:00 AM	Elective
10117	Electrophysiology	01/10/2020  12:00:00 AM	01/01/2020  12:00:00 AM	Urgent
10118	Urology	01/10/2020  12:00:00 AM	12/23/2019  12:00:00 AM	Urgent
10119	Cardiac	01/10/2020  12:00:00 AM	12/22/2019  12:00:00 AM	Elective
10120	Neurosurgery	01/10/2020  12:00:00 AM	01/02/2020  12:00:00 AM	Elective
10121	Plastics	01/10/2020  12:00:00 AM	12/30/2019  12:00:00 AM	Urgent
10122	Pulmonary	01/10/2020  12:00:00 AM	01/02/2020  12:00:00 AM	Urgent
10123	Electroconvulsive Therapy	01/10/2020  12:00:00 AM	12/24/2019  12:00:00 AM	Urgent
10124	Cardiac	01/10/2020  12:00:00 AM	12/22/2019  12:00:00 AM	Elective
10125	General	01/10/2020  12:00:00 AM	12/29/2019  12:00:00 AM	Urgent
10126	Neurosurgery	01/10/2020  12:00:00 AM	01/08/2020  12:00:00 AM	Elective
10127	Plastics	01/10/2020  12:00:00 AM	12/28/2019  12:00:00 AM	Urgent
10128	Pulmonary	01/10/2020  12:00:00 AM	12/29/2019  12:00:00 AM	Elective
10129	Electrophysiology	01/10/2020  12:00:00 AM	01/06/2020  12:00:00 AM	Elective
10130	Dental	01/10/2020  12:00:00 AM	01/01/2020  12:00:00 AM	Elective
10131	Dental	01/10/2020  12:00:00 AM	12/30/2019  12:00:00 AM	Elective
10132	Orthopedics	01/10/2020  12:00:00 AM	01/09/2020  12:00:00 AM	Urgent
10133	Vascular	01/10/2020  12:00:00 AM	12/24/2019  12:00:00 AM	Urgent
10134	Cardiac	01/10/2020  12:00:00 AM	12/31/2019  12:00:00 AM	Urgent
10135	Orthopedics	01/10/2020  12:00:00 AM	01/07/2020  12:00:00 AM	Urgent
10136	Neurosurgery	01/10/2020  12:00:00 AM	12/23/2019  12:00:00 AM	Elective
10137	Neuroradiology	01/10/2020  12:00:00 AM	12/26/2019  12:00:00 AM	Urgent
10138	Thoracic	01/10/2020  12:00:00 AM	12/26/2019  12:00:00 AM	Elective
10139	Gastroenterology	01/10/2020  12:00:00 AM	01/01/2020  12:00:00 AM	Elective
10140	Ophthalmology	01/10/2020  12:00:00 AM	12/22/2019  12:00:00 AM	Urgent
10141	Electroconvulsive Therapy	01/10/2020  12:00:00 AM	12/31/2019  12:00:00 AM	Elective
10142	Electroconvulsive Therapy	01/10/2020  12:00:00 AM	01/05/2020  12:00:00 AM	Urgent
10143	Dental	01/10/2020  12:00:00 AM	01/07/2020  12:00:00 AM	Urgent
10144	Hepatology	01/10/2020  12:00:00 AM	01/07/2020  12:00:00 AM	Elective
10145	General	01/10/2020  12:00:00 AM	12/28/2019  12:00:00 AM	Elective
10146	Cardiac	01/10/2020  12:00:00 AM	01/06/2020  12:00:00 AM	Urgent
10147	Thoracic	01/10/2020  12:00:00 AM	01/03/2020  12:00:00 AM	Urgent
10148	General	01/10/2020  12:00:00 AM	12/23/2019  12:00:00 AM	Urgent
10149	Podiatry	01/10/2020  12:00:00 AM	12/29/2019  12:00:00 AM	Elective
10150	Orthopedics	01/10/2020  12:00:00 AM	01/05/2020  12:00:00 AM	Elective
10151	Neuroradiology	01/10/2020  12:00:00 AM	12/26/2019  12:00:00 AM	Elective
10152	Obstetrics	01/10/2020  12:00:00 AM	12/31/2019  12:00:00 AM	Urgent
10153	Interventional Radiology	01/10/2020  12:00:00 AM	12/25/2019  12:00:00 AM	Urgent
10154	Gynecology	01/10/2020  12:00:00 AM	01/09/2020  12:00:00 AM	Urgent
10155	Hepatology	01/10/2020  12:00:00 AM	01/06/2020  12:00:00 AM	Urgent
10156	Gynecology	01/10/2020  12:00:00 AM	01/07/2020  12:00:00 AM	Elective
10157	Vascular	01/10/2020  12:00:00 AM	01/03/2020  12:00:00 AM	Urgent
10158	Podiatry	01/10/2020  12:00:00 AM	12/30/2019  12:00:00 AM	Elective
10159	Interventional Radiology	01/10/2020  12:00:00 AM	12/29/2019  12:00:00 AM	Elective
10160	Vascular	01/10/2020  12:00:00 AM	12/22/2019  12:00:00 AM	Urgent
10161	Cardiac	01/10/2020  12:00:00 AM	01/09/2020  12:00:00 AM	Urgent
10162	Pain	01/10/2020  12:00:00 AM	12/29/2019  12:00:00 AM	Urgent
10163	General	01/10/2020  12:00:00 AM	01/05/2020  12:00:00 AM	Urgent
10164	Cardiac	01/10/2020  12:00:00 AM	12/28/2019  12:00:00 AM	Elective
10165	Gastroenterology	01/10/2020  12:00:00 AM	01/01/2020  12:00:00 AM	Urgent
10166	Plastics	01/10/2020  12:00:00 AM	01/04/2020  12:00:00 AM	Elective
10167	Plastics	01/10/2020  12:00:00 AM	01/07/2020  12:00:00 AM	Urgent
10168	Gastroenterology	01/10/2020  12:00:00 AM	12/24/2019  12:00:00 AM	Urgent
10169	General	01/10/2020  12:00:00 AM	12/31/2019  12:00:00 AM	Elective
10170	Electrophysiology	01/10/2020  12:00:00 AM	12/24/2019  12:00:00 AM	Urgent
10171	Neuroradiology	01/10/2020  12:00:00 AM	01/06/2020  12:00:00 AM	Elective
10172	Ophthalmology	01/10/2020  12:00:00 AM	12/31/2019  12:00:00 AM	Elective
10173	Dental	01/10/2020  12:00:00 AM	01/08/2020  12:00:00 AM	Elective
10174	Obstetrics	01/10/2020  12:00:00 AM	12/28/2019  12:00:00 AM	Urgent
10175	Neuroradiology	01/10/2020  12:00:00 AM	12/27/2019  12:00:00 AM	Urgent
10176	Plastics	01/10/2020  12:00:00 AM	12/27/2019  12:00:00 AM	Elective
10177	Obstetrics	01/10/2020  12:00:00 AM	12/22/2019  12:00:00 AM	Elective
10178	Plastics	01/10/2020  12:00:00 AM	01/07/2020  12:00:00 AM	Elective
10179	Plastics	01/10/2020  12:00:00 AM	01/05/2020  12:00:00 AM	Urgent
10180	Dental	01/10/2020  12:00:00 AM	01/04/2020  12:00:00 AM	Urgent
10181	Vascular	01/10/2020  12:00:00 AM	12/29/2019  12:00:00 AM	Elective
10182	Gastroenterology	01/10/2020  12:00:00 AM	01/03/2020  12:00:00 AM	Elective
10183	Gynecology	01/10/2020  12:00:00 AM	12/26/2019  12:00:00 AM	Urgent
10184	Electrophysiology	01/10/2020  12:00:00 AM	01/04/2020  12:00:00 AM	Urgent
10185	Urology	01/10/2020  12:00:00 AM	01/07/2020  12:00:00 AM	Urgent
10186	Gastroenterology	01/10/2020  12:00:00 AM	12/22/2019  12:00:00 AM	Urgent
10187	Urology	01/10/2020  12:00:00 AM	01/06/2020  12:00:00 AM	Elective
10188	Electroconvulsive Therapy	01/10/2020  12:00:00 AM	12/25/2019  12:00:00 AM	Elective
10189	Interventional Radiology	01/10/2020  12:00:00 AM	01/05/2020  12:00:00 AM	Urgent
10190	Cardiac	01/10/2020  12:00:00 AM	12/27/2019  12:00:00 AM	Urgent
10191	Obstetrics	01/10/2020  12:00:00 AM	12/22/2019  12:00:00 AM	Elective
10192	Hepatology	01/10/2020  12:00:00 AM	12/30/2019  12:00:00 AM	Urgent
10193	Neurosurgery	01/10/2020  12:00:00 AM	01/09/2020  12:00:00 AM	Elective
10194	Gynecology	01/10/2020  12:00:00 AM	12/22/2019  12:00:00 AM	Urgent
10195	Electroconvulsive Therapy	01/10/2020  12:00:00 AM	12/29/2019  12:00:00 AM	Elective
10196	Cardiac	01/10/2020  12:00:00 AM	12/27/2019  12:00:00 AM	Elective
10197	Neuroradiology	01/10/2020  12:00:00 AM	12/22/2019  12:00:00 AM	Urgent
10198	Electroconvulsive Therapy	01/10/2020  12:00:00 AM	12/31/2019  12:00:00 AM	Elective
10199	Orthopedics	01/10/2020  12:00:00 AM	12/25/2019  12:00:00 AM	Elective
10200	Orthopedics	01/10/2020  12:00:00 AM	12/22/2019  12:00:00 AM	Urgent
10201	Hepatology	01/10/2020  12:00:00 AM	12/23/2019  12:00:00 AM	Elective
10202	Electrophysiology	01/10/2020  12:00:00 AM	12/27/2019  12:00:00 AM	Urgent
10203	Dental	01/10/2020  12:00:00 AM	01/07/2020  12:00:00 AM	Elective
10204	Ophthalmology	01/10/2020  12:00:00 AM	01/02/2020  12:00:00 AM	Elective
10205	Urology	01/10/2020  12:00:00 AM	12/26/2019  12:00:00 AM	Urgent
10206	Pain	01/10/2020  12:00:00 AM	01/07/2020  12:00:00 AM	Elective
10207	Ophthalmology	01/10/2020  12:00:00 AM	12/30/2019  12:00:00 AM	Urgent
10208	Orthopedics	01/10/2020  12:00:00 AM	01/03/2020  12:00:00 AM	Elective
10209	Interventional Radiology	01/10/2020  12:00:00 AM	12/23/2019  12:00:00 AM	Urgent
10210	Pain	01/10/2020  12:00:00 AM	12/23/2019  12:00:00 AM	Urgent
10211	Podiatry	01/10/2020  12:00:00 AM	12/26/2019  12:00:00 AM	Urgent
10212	Obstetrics	01/10/2020  12:00:00 AM	12/28/2019  12:00:00 AM	Elective
10213	Cardiac	01/10/2020  12:00:00 AM	12/28/2019  12:00:00 AM	Urgent
10214	Neurosurgery	01/10/2020  12:00:00 AM	01/03/2020  12:00:00 AM	Urgent
10215	Neurosurgery	01/10/2020  12:00:00 AM	12/24/2019  12:00:00 AM	Urgent
10216	General	01/10/2020  12:00:00 AM	12/28/2019  12:00:00 AM	Urgent
10217	Electroconvulsive Therapy	01/10/2020  12:00:00 AM	12/26/2019  12:00:00 AM	Urgent
10218	Cardiac	01/10/2020  12:00:00 AM	01/03/2020  12:00:00 AM	Urgent
10219	Ophthalmology	01/10/2020  12:00:00 AM	01/07/2020  12:00:00 AM	Elective
10220	Urology	01/10/2020  12:00:00 AM	01/04/2020  12:00:00 AM	Urgent
10221	Plastics	01/10/2020  12:00:00 AM	01/04/2020  12:00:00 AM	Urgent
10222	Cardiac	01/10/2020  12:00:00 AM	12/28/2019  12:00:00 AM	Urgent
10223	Podiatry	01/10/2020  12:00:00 AM	12/25/2019  12:00:00 AM	Elective
10224	Podiatry	01/10/2020  12:00:00 AM	01/02/2020  12:00:00 AM	Urgent
10225	General	01/10/2020  12:00:00 AM	01/09/2020  12:00:00 AM	Elective
10226	Hepatology	01/10/2020  12:00:00 AM	01/01/2020  12:00:00 AM	Urgent
10227	Podiatry	01/10/2020  12:00:00 AM	01/09/2020  12:00:00 AM	Elective
10228	Hepatology	01/10/2020  12:00:00 AM	12/28/2019  12:00:00 AM	Urgent
10229	Gynecology	01/10/2020  12:00:00 AM	12/27/2019  12:00:00 AM	Elective
10230	Hepatology	01/10/2020  12:00:00 AM	01/02/2020  12:00:00 AM	Urgent
10231	Vascular	01/10/2020  12:00:00 AM	12/23/2019  12:00:00 AM	Urgent
10232	Gynecology	01/10/2020  12:00:00 AM	01/07/2020  12:00:00 AM	Urgent
10233	Interventional Radiology	01/10/2020  12:00:00 AM	12/31/2019  12:00:00 AM	Elective
10234	Electrophysiology	01/10/2020  12:00:00 AM	12/22/2019  12:00:00 AM	Urgent
10235	Electroconvulsive Therapy	01/10/2020  12:00:00 AM	12/27/2019  12:00:00 AM	Urgent
10236	General	01/10/2020  12:00:00 AM	01/04/2020  12:00:00 AM	Elective
10237	Pulmonary	01/10/2020  12:00:00 AM	01/06/2020  12:00:00 AM	Elective
10238	Plastics	01/10/2020  12:00:00 AM	01/08/2020  12:00:00 AM	Urgent
10239	Neurosurgery	01/10/2020  12:00:00 AM	12/26/2019  12:00:00 AM	Urgent
10240	Pain	01/10/2020  12:00:00 AM	12/28/2019  12:00:00 AM	Elective
10241	Hepatology	01/10/2020  12:00:00 AM	12/31/2019  12:00:00 AM	Urgent
10242	Electrophysiology	01/10/2020  12:00:00 AM	01/04/2020  12:00:00 AM	Urgent
10243	Pulmonary	01/10/2020  12:00:00 AM	01/04/2020  12:00:00 AM	Elective
10244	Plastics	01/10/2020  12:00:00 AM	12/24/2019  12:00:00 AM	Urgent
10245	Thoracic	01/10/2020  12:00:00 AM	12/31/2019  12:00:00 AM	Elective
10246	Dental	01/10/2020  12:00:00 AM	12/23/2019  12:00:00 AM	Elective
10247	Thoracic	01/10/2020  12:00:00 AM	12/28/2019  12:00:00 AM	Elective
10248	Podiatry	01/10/2020  12:00:00 AM	01/07/2020  12:00:00 AM	Elective
10249	Dental	01/10/2020  12:00:00 AM	12/24/2019  12:00:00 AM	Urgent
10250	Gastroenterology	01/10/2020  12:00:00 AM	01/08/2020  12:00:00 AM	Urgent
10251	Pulmonary	01/10/2020  12:00:00 AM	01/07/2020  12:00:00 AM	Urgent
10252	Orthopedics	01/10/2020  12:00:00 AM	01/05/2020  12:00:00 AM	Elective
10253	Interventional Radiology	01/10/2020  12:00:00 AM	12/25/2019  12:00:00 AM	Urgent
10254	Pain	01/10/2020  12:00:00 AM	01/07/2020  12:00:00 AM	Urgent
10255	Neuroradiology	01/10/2020  12:00:00 AM	12/31/2019  12:00:00 AM	Elective
10256	Pain	01/10/2020  12:00:00 AM	01/04/2020  12:00:00 AM	Elective
10257	Gastroenterology	01/10/2020  12:00:00 AM	01/04/2020  12:00:00 AM	Urgent
10258	Neurosurgery	01/10/2020  12:00:00 AM	12/23/2019  12:00:00 AM	Urgent
10259	Vascular	01/10/2020  12:00:00 AM	01/07/2020  12:00:00 AM	Elective
10260	Orthopedics	01/10/2020  12:00:00 AM	01/02/2020  12:00:00 AM	Urgent
10261	Ophthalmology	01/10/2020  12:00:00 AM	12/28/2019  12:00:00 AM	Urgent
10262	Gastroenterology	01/10/2020  12:00:00 AM	01/09/2020  12:00:00 AM	Urgent
10263	Podiatry	01/10/2020  12:00:00 AM	01/08/2020  12:00:00 AM	Urgent
10264	Electroconvulsive Therapy	01/10/2020  12:00:00 AM	01/01/2020  12:00:00 AM	Urgent
10265	Gynecology	01/10/2020  12:00:00 AM	12/26/2019  12:00:00 AM	Elective
10266	Hepatology	01/10/2020  12:00:00 AM	12/24/2019  12:00:00 AM	Elective
10267	General	01/10/2020  12:00:00 AM	01/02/2020  12:00:00 AM	Urgent
10268	Obstetrics	01/10/2020  12:00:00 AM	01/02/2020  12:00:00 AM	Urgent
10269	Dental	01/10/2020  12:00:00 AM	12/31/2019  12:00:00 AM	Elective
10270	Podiatry	01/10/2020  12:00:00 AM	01/01/2020  12:00:00 AM	Elective
10271	Gynecology	01/10/2020  12:00:00 AM	01/02/2020  12:00:00 AM	Urgent
10272	Neurosurgery	01/10/2020  12:00:00 AM	01/02/2020  12:00:00 AM	Urgent
10273	Orthopedics	01/10/2020  12:00:00 AM	01/03/2020  12:00:00 AM	Elective
10274	Plastics	01/10/2020  12:00:00 AM	12/30/2019  12:00:00 AM	Elective
10275	Cardiac	01/10/2020  12:00:00 AM	01/03/2020  12:00:00 AM	Elective
10276	Interventional Radiology	01/10/2020  12:00:00 AM	01/03/2020  12:00:00 AM	Elective
10277	Plastics	01/10/2020  12:00:00 AM	12/31/2019  12:00:00 AM	Urgent
10278	Podiatry	01/10/2020  12:00:00 AM	12/29/2019  12:00:00 AM	Urgent
10279	Obstetrics	01/10/2020  12:00:00 AM	12/22/2019  12:00:00 AM	Elective
10280	Electrophysiology	01/10/2020  12:00:00 AM	12/23/2019  12:00:00 AM	Urgent
10281	Vascular	01/10/2020  12:00:00 AM	12/31/2019  12:00:00 AM	Urgent
10282	Ophthalmology	01/10/2020  12:00:00 AM	12/22/2019  12:00:00 AM	Elective
10283	Gastroenterology	01/10/2020  12:00:00 AM	12/30/2019  12:00:00 AM	Elective
10284	Gastroenterology	01/10/2020  12:00:00 AM	01/06/2020  12:00:00 AM	Elective
10285	General	01/10/2020  12:00:00 AM	12/22/2019  12:00:00 AM	Elective
10286	Neuroradiology	01/10/2020  12:00:00 AM	01/07/2020  12:00:00 AM	Urgent
10287	Vascular	01/10/2020  12:00:00 AM	12/23/2019  12:00:00 AM	Elective
10288	Plastics	01/10/2020  12:00:00 AM	01/01/2020  12:00:00 AM	Elective
10289	Podiatry	01/10/2020  12:00:00 AM	12/30/2019  12:00:00 AM	Elective
10290	Interventional Radiology	01/10/2020  12:00:00 AM	01/09/2020  12:00:00 AM	Urgent
10291	Plastics	01/10/2020  12:00:00 AM	12/30/2019  12:00:00 AM	Urgent
10292	Orthopedics	01/10/2020  12:00:00 AM	12/25/2019  12:00:00 AM	Elective
10293	Electrophysiology	01/10/2020  12:00:00 AM	12/30/2019  12:00:00 AM	Urgent
10294	Electroconvulsive Therapy	01/10/2020  12:00:00 AM	01/02/2020  12:00:00 AM	Elective
10295	Cardiac	01/10/2020  12:00:00 AM	01/04/2020  12:00:00 AM	Urgent
10296	Orthopedics	01/10/2020  12:00:00 AM	01/07/2020  12:00:00 AM	Urgent
10297	Plastics	01/10/2020  12:00:00 AM	01/01/2020  12:00:00 AM	Urgent
10298	Interventional Radiology	01/10/2020  12:00:00 AM	01/05/2020  12:00:00 AM	Elective
10299	Cardiac	01/10/2020  12:00:00 AM	12/25/2019  12:00:00 AM	Urgent
10300	Plastics	01/10/2020  12:00:00 AM	12/24/2019  12:00:00 AM	Elective
10301	Cardiac	01/10/2020  12:00:00 AM	01/02/2020  12:00:00 AM	Urgent
10302	Ophthalmology	01/10/2020  12:00:00 AM	12/28/2019  12:00:00 AM	Elective
10303	Obstetrics	01/10/2020  12:00:00 AM	12/22/2019  12:00:00 AM	Elective
10304	Obstetrics	01/10/2020  12:00:00 AM	12/29/2019  12:00:00 AM	Elective
10305	Ophthalmology	01/10/2020  12:00:00 AM	12/25/2019  12:00:00 AM	Urgent
10306	Vascular	01/10/2020  12:00:00 AM	01/01/2020  12:00:00 AM	Elective
10307	Thoracic	01/10/2020  12:00:00 AM	01/02/2020  12:00:00 AM	Urgent
10308	Dental	01/10/2020  12:00:00 AM	12/27/2019  12:00:00 AM	Urgent
10309	Obstetrics	01/10/2020  12:00:00 AM	12/31/2019  12:00:00 AM	Elective
10310	Gynecology	01/10/2020  12:00:00 AM	01/08/2020  12:00:00 AM	Urgent
10311	Neurosurgery	01/10/2020  12:00:00 AM	01/05/2020  12:00:00 AM	Elective
10312	Obstetrics	01/10/2020  12:00:00 AM	12/31/2019  12:00:00 AM	Elective
10313	Plastics	01/10/2020  12:00:00 AM	01/02/2020  12:00:00 AM	Elective
10314	Pulmonary	01/10/2020  12:00:00 AM	01/08/2020  12:00:00 AM	Elective
10315	Plastics	01/10/2020  12:00:00 AM	12/29/2019  12:00:00 AM	Urgent
10316	Hepatology	01/10/2020  12:00:00 AM	12/29/2019  12:00:00 AM	Elective
10317	Vascular	01/10/2020  12:00:00 AM	12/25/2019  12:00:00 AM	Urgent
10318	Vascular	01/10/2020  12:00:00 AM	12/31/2019  12:00:00 AM	Elective
10319	Orthopedics	01/10/2020  12:00:00 AM	01/06/2020  12:00:00 AM	Urgent
10320	Electrophysiology	01/10/2020  12:00:00 AM	12/30/2019  12:00:00 AM	Elective
10321	General	01/10/2020  12:00:00 AM	01/04/2020  12:00:00 AM	Urgent
10322	Neurosurgery	01/10/2020  12:00:00 AM	01/09/2020  12:00:00 AM	Urgent
10323	Plastics	01/10/2020  12:00:00 AM	12/27/2019  12:00:00 AM	Urgent
10324	Thoracic	01/10/2020  12:00:00 AM	01/07/2020  12:00:00 AM	Elective
10325	Cardiac	01/10/2020  12:00:00 AM	01/08/2020  12:00:00 AM	Urgent
10326	Ophthalmology	01/10/2020  12:00:00 AM	12/31/2019  12:00:00 AM	Elective
10327	Pain	01/10/2020  12:00:00 AM	12/29/2019  12:00:00 AM	Urgent
10328	General	01/10/2020  12:00:00 AM	01/02/2020  12:00:00 AM	Urgent
10329	Thoracic	01/10/2020  12:00:00 AM	01/09/2020  12:00:00 AM	Elective
10330	General	01/10/2020  12:00:00 AM	01/01/2020  12:00:00 AM	Urgent
10331	Electroconvulsive Therapy	01/10/2020  12:00:00 AM	12/24/2019  12:00:00 AM	Elective
10332	Hepatology	01/10/2020  12:00:00 AM	12/25/2019  12:00:00 AM	Urgent
10333	Vascular	01/10/2020  12:00:00 AM	12/23/2019  12:00:00 AM	Elective
10334	Ophthalmology	01/10/2020  12:00:00 AM	12/30/2019  12:00:00 AM	Urgent
10335	Obstetrics	01/10/2020  12:00:00 AM	12/28/2019  12:00:00 AM	Elective
10336	Neurosurgery	01/10/2020  12:00:00 AM	01/05/2020  12:00:00 AM	Urgent
10337	Vascular	01/10/2020  12:00:00 AM	12/30/2019  12:00:00 AM	Elective
10338	Interventional Radiology	01/10/2020  12:00:00 AM	12/31/2019  12:00:00 AM	Urgent
10339	Cardiac	01/10/2020  12:00:00 AM	12/26/2019  12:00:00 AM	Urgent
10340	Vascular	01/10/2020  12:00:00 AM	01/09/2020  12:00:00 AM	Urgent
10341	General	01/10/2020  12:00:00 AM	01/04/2020  12:00:00 AM	Elective
10342	General	01/10/2020  12:00:00 AM	01/01/2020  12:00:00 AM	Urgent
10343	Hepatology	01/10/2020  12:00:00 AM	12/25/2019  12:00:00 AM	Urgent
10344	General	01/10/2020  12:00:00 AM	01/06/2020  12:00:00 AM	Elective
10345	Cardiac	01/10/2020  12:00:00 AM	01/09/2020  12:00:00 AM	Elective
10346	Obstetrics	01/10/2020  12:00:00 AM	01/08/2020  12:00:00 AM	Elective
10347	Plastics	01/10/2020  12:00:00 AM	12/31/2019  12:00:00 AM	Urgent
10348	Gastroenterology	01/10/2020  12:00:00 AM	12/26/2019  12:00:00 AM	Elective
10349	Electroconvulsive Therapy	01/10/2020  12:00:00 AM	12/25/2019  12:00:00 AM	Urgent
10350	Pain	01/10/2020  12:00:00 AM	01/08/2020  12:00:00 AM	Urgent
10351	Electroconvulsive Therapy	01/10/2020  12:00:00 AM	01/03/2020  12:00:00 AM	Elective
10352	Urology	01/10/2020  12:00:00 AM	01/04/2020  12:00:00 AM	Urgent
10353	Thoracic	01/10/2020  12:00:00 AM	01/07/2020  12:00:00 AM	Urgent
10354	Electroconvulsive Therapy	01/10/2020  12:00:00 AM	01/03/2020  12:00:00 AM	Elective
10355	Neurosurgery	01/10/2020  12:00:00 AM	12/23/2019  12:00:00 AM	Elective
10356	Orthopedics	01/10/2020  12:00:00 AM	12/24/2019  12:00:00 AM	Urgent
10357	Gastroenterology	01/10/2020  12:00:00 AM	12/30/2019  12:00:00 AM	Elective
10358	Electroconvulsive Therapy	01/10/2020  12:00:00 AM	12/28/2019  12:00:00 AM	Elective
10359	Interventional Radiology	01/10/2020  12:00:00 AM	01/05/2020  12:00:00 AM	Urgent
10360	Vascular	01/10/2020  12:00:00 AM	12/31/2019  12:00:00 AM	Urgent
10361	Hepatology	01/10/2020  12:00:00 AM	12/29/2019  12:00:00 AM	Elective
10362	Orthopedics	01/10/2020  12:00:00 AM	12/26/2019  12:00:00 AM	Urgent
10363	Podiatry	01/10/2020  12:00:00 AM	12/25/2019  12:00:00 AM	Urgent
10364	Dental	01/10/2020  12:00:00 AM	01/06/2020  12:00:00 AM	Elective
10365	Pain	01/10/2020  12:00:00 AM	12/25/2019  12:00:00 AM	Urgent
10366	Gastroenterology	01/10/2020  12:00:00 AM	12/28/2019  12:00:00 AM	Elective
10367	Neuroradiology	01/10/2020  12:00:00 AM	01/01/2020  12:00:00 AM	Urgent
10368	Pulmonary	01/10/2020  12:00:00 AM	12/30/2019  12:00:00 AM	Urgent
10369	Interventional Radiology	01/10/2020  12:00:00 AM	01/01/2020  12:00:00 AM	Elective
10370	Pulmonary	01/10/2020  12:00:00 AM	01/04/2020  12:00:00 AM	Urgent
10371	Electroconvulsive Therapy	01/10/2020  12:00:00 AM	01/01/2020  12:00:00 AM	Elective
10372	Urology	01/10/2020  12:00:00 AM	12/30/2019  12:00:00 AM	Elective
10373	Plastics	01/10/2020  12:00:00 AM	01/08/2020  12:00:00 AM	Elective
10374	Electrophysiology	01/10/2020  12:00:00 AM	01/08/2020  12:00:00 AM	Elective
10375	Dental	01/10/2020  12:00:00 AM	12/22/2019  12:00:00 AM	Urgent
10376	Electrophysiology	01/10/2020  12:00:00 AM	12/25/2019  12:00:00 AM	Urgent
10377	Pain	01/10/2020  12:00:00 AM	12/22/2019  12:00:00 AM	Elective
10378	Ophthalmology	01/10/2020  12:00:00 AM	12/31/2019  12:00:00 AM	Elective
10379	Urology	01/10/2020  12:00:00 AM	12/29/2019  12:00:00 AM	Elective
10380	Plastics	01/10/2020  12:00:00 AM	01/09/2020  12:00:00 AM	Urgent
10381	Plastics	01/10/2020  12:00:00 AM	01/09/2020  12:00:00 AM	Urgent
10382	Pain	01/10/2020  12:00:00 AM	12/28/2019  12:00:00 AM	Elective
10383	Interventional Radiology	01/10/2020  12:00:00 AM	01/03/2020  12:00:00 AM	Urgent
10384	Neurosurgery	01/10/2020  12:00:00 AM	01/07/2020  12:00:00 AM	Urgent
10385	Neuroradiology	01/10/2020  12:00:00 AM	01/06/2020  12:00:00 AM	Urgent
10386	General	01/10/2020  12:00:00 AM	01/01/2020  12:00:00 AM	Urgent
10387	Gynecology	01/10/2020  12:00:00 AM	01/09/2020  12:00:00 AM	Elective
10388	Gynecology	01/10/2020  12:00:00 AM	12/30/2019  12:00:00 AM	Elective
10389	General	01/10/2020  12:00:00 AM	12/24/2019  12:00:00 AM	Urgent
10390	Urology	01/10/2020  12:00:00 AM	12/23/2019  12:00:00 AM	Urgent
10391	Gynecology	01/10/2020  12:00:00 AM	01/02/2020  12:00:00 AM	Urgent
10392	Hepatology	01/10/2020  12:00:00 AM	01/06/2020  12:00:00 AM	Urgent
10393	General	01/10/2020  12:00:00 AM	12/29/2019  12:00:00 AM	Elective
10394	Thoracic	01/10/2020  12:00:00 AM	01/07/2020  12:00:00 AM	Elective
10395	Gynecology	01/10/2020  12:00:00 AM	01/04/2020  12:00:00 AM	Elective
10396	Urology	01/10/2020  12:00:00 AM	12/30/2019  12:00:00 AM	Urgent
10397	Ophthalmology	01/10/2020  12:00:00 AM	12/27/2019  12:00:00 AM	Urgent
10398	Electrophysiology	01/10/2020  12:00:00 AM	01/09/2020  12:00:00 AM	Urgent
10399	General	01/10/2020  12:00:00 AM	12/28/2019  12:00:00 AM	Elective
10400	Gastroenterology	01/10/2020  12:00:00 AM	12/28/2019  12:00:00 AM	Elective
10401	Gynecology	01/10/2020  12:00:00 AM	12/22/2019  12:00:00 AM	Urgent
10402	Electrophysiology	01/10/2020  12:00:00 AM	01/06/2020  12:00:00 AM	Urgent
10403	Hepatology	01/10/2020  12:00:00 AM	12/31/2019  12:00:00 AM	Elective
10404	Gastroenterology	01/10/2020  12:00:00 AM	12/25/2019  12:00:00 AM	Urgent
10405	Neurosurgery	01/10/2020  12:00:00 AM	12/23/2019  12:00:00 AM	Urgent
10406	Pulmonary	01/10/2020  12:00:00 AM	01/05/2020  12:00:00 AM	Urgent
10407	Gastroenterology	01/10/2020  12:00:00 AM	12/25/2019  12:00:00 AM	Elective
10408	Podiatry	01/10/2020  12:00:00 AM	01/07/2020  12:00:00 AM	Elective
10409	Pulmonary	01/10/2020  12:00:00 AM	12/30/2019  12:00:00 AM	Urgent
10410	Plastics	01/10/2020  12:00:00 AM	01/08/2020  12:00:00 AM	Elective
10411	Pain	01/10/2020  12:00:00 AM	12/22/2019  12:00:00 AM	Elective
10412	Ophthalmology	01/10/2020  12:00:00 AM	12/29/2019  12:00:00 AM	Urgent
10413	Urology	01/10/2020  12:00:00 AM	01/09/2020  12:00:00 AM	Elective
10414	Ophthalmology	01/10/2020  12:00:00 AM	12/23/2019  12:00:00 AM	Elective
