LOG_ID	OR_SERVICE	SURGERY_DATE	FIRST_SCHED_DATE	CASE_CLASS
10001	Pain	02/28/2020  12:00:00 AM	02/09/2020  12:00:00 AM	Urgent
10002	Ophthalmology	02/28/2020  12:00:00 AM	02/19/2020  12:00:00 AM	Elective
10003	Gynecology	02/28/2020  12:00:00 AM	02/24/2020  12:00:00 AM	Elective
10004	Podiatry	02/28/2020  12:00:00 AM	02/27/2020  12:00:00 AM	Elective
10005	Plastics	02/28/2020  12:00:00 AM	02/24/2020  12:00:00 AM	Elective
10006	Cardiac	02/28/2020  12:00:00 AM	02/16/2020  12:00:00 AM	Elective
10007	Plastics	02/28/2020  12:00:00 AM	02/26/2020  12:00:00 AM	Urgent
10008	Thoracic	02/28/2020  12:00:00 AM	02/12/2020  12:00:00 AM	Urgent
10009	Interventional Radiology	02/28/2020  12:00:00 AM	02/19/2020  12:00:00 AM	Urgent
10010	Plastics	02/28/2020  12:00:00 AM	02/18/2020  12:00:00 AM	Urgent
10011	Thoracic	02/28/2020  12:00:00 AM	02/21/2020  12:00:00 AM	Urgent
10012	Neurosurgery	02/28/2020  12:00:00 AM	02/18/2020  12:00:00 AM	Urgent
10013	Pain	02/28/2020  12:00:00 AM	02/15/2020  12:00:00 AM	Urgent
10014	Pulmonary	02/28/2020  12:00:00 AM	02/20/2020  12:00:00 AM	Elective
10015	Electroconvulsive Therapy	02/28/2020  12:00:00 AM	02/14/2020  12:00:00 AM	Urgent
10016	Urology	02/28/2020  12:00:00 AM	02/27/2020  12:00:00 AM	Urgent
10017	Plastics	02/28/2020  12:00:00 AM	02/12/2020  12:00:00 AM	Elective
10018	Electroconvulsive Therapy	02/28/2020  12:00:00 AM	02/26/2020  12:00:00 AM	Urgent
10019	Cardiac	02/28/2020  12:00:00 AM	02/16/2020  12:00:00 AM	Urgent
10020	Dental	02/28/2020  12:00:00 AM	02/21/2020  12:00:00 AM	Urgent
10021	Urology	02/28/2020  12:00:00 AM	02/22/2020  12:00:00 AM	Urgent
10022	Thoracic	02/28/2020  12:00:00 AM	02/22/2020  12:00:00 AM	Elective
10023	Pulmonary	02/28/2020  12:00:00 AM	02/17/2020  12:00:00 AM	Urgent
10024	Gastroenterology	02/28/2020  12:00:00 AM	02/25/2020  12:00:00 AM	Elective
10025	Urology	02/28/2020  12:00:00 AM	02/21/2020  12:00:00 AM	Urgent
10026	Electrophysiology	02/28/2020  12:00:00 AM	02/09/2020  12:00:00 AM	Elective
10027	Hepatology	02/28/2020  12:00:00 AM	02/26/2020  12:00:00 AM	Urgent
10028	Gynecology	02/28/2020  12:00:00 AM	02/09/2020  12:00:00 AM	Urgent
10029	Urology	02/28/2020  12:00:00 AM	02/19/2020  12:00:00 AM	Elective
10030	Ophthalmology	02/28/2020  12:00:00 AM	02/20/2020  12:00:00 AM	Urgent
10031	Urology	02/28/2020  12:00:00 AM	02/25/2020  12:00:00 AM	Elective
10032	Gastroenterology	02/28/2020  12:00:00 AM	02/23/2020  12:00:00 AM	Urgent
10033	General	02/28/2020  12:00:00 AM	02/24/2020  12:00:00 AM	Elective
10034	Podiatry	02/28/2020  12:00:00 AM	02/15/2020  12:00:00 AM	Urgent
10035	Interventional Radiology	02/28/2020  12:00:00 AM	02/10/2020  12:00:00 AM	Urgent
10036	Podiatry	02/28/2020  12:00:00 AM	02/24/2020  12:00:00 AM	Urgent
10037	Electrophysiology	02/28/2020  12:00:00 AM	02/19/2020  12:00:00 AM	Elective
10038	Neuroradiology	02/28/2020  12:00:00 AM	02/26/2020  12:00:00 AM	Urgent
10039	Pain	02/28/2020  12:00:00 AM	02/09/2020  12:00:00 AM	Urgent
10040	Plastics	02/28/2020  12:00:00 AM	02/27/2020  12:00:00 AM	Urgent
10041	Electrophysiology	02/28/2020  12:00:00 AM	02/18/2020  12:00:00 AM	Urgent
10042	Gynecology	02/28/2020  12:00:00 AM	02/14/2020  12:00:00 AM	Urgent
10043	Hepatology	02/28/2020  12:00:00 AM	02/10/2020  12:00:00 AM	Urgent
10044	Urology	02/28/2020  12:00:00 AM	02/11/2020  12:00:00 AM	Elective
10045	Urology	02/28/2020  12:00:00 AM	02/21/2020  12:00:00 AM	Elective
10046	Orthopedics	02/28/2020  12:00:00 AM	02/12/2020  12:00:00 AM	Urgent
10047	Pain	02/28/2020  12:00:00 AM	02/14/2020  12:00:00 AM	Urgent
10048	Obstetrics	02/28/2020  12:00:00 AM	02/11/2020  12:00:00 AM	Urgent
10049	Gynecology	02/28/2020  12:00:00 AM	02/10/2020  12:00:00 AM	Elective
10050	Podiatry	02/28/2020  12:00:00 AM	02/12/2020  12:00:00 AM	Urgent
10051	Neuroradiology	02/28/2020  12:00:00 AM	02/25/2020  12:00:00 AM	Urgent
10052	Interventional Radiology	02/28/2020  12:00:00 AM	02/25/2020  12:00:00 AM	Urgent
10053	Electrophysiology	02/28/2020  12:00:00 AM	02/12/2020  12:00:00 AM	Elective
10054	Cardiac	02/28/2020  12:00:00 AM	02/23/2020  12:00:00 AM	Urgent
10055	Interventional Radiology	02/28/2020  12:00:00 AM	02/20/2020  12:00:00 AM	Urgent
10056	Pain	02/28/2020  12:00:00 AM	02/22/2020  12:00:00 AM	Elective
10057	Dental	02/28/2020  12:00:00 AM	02/15/2020  12:00:00 AM	Urgent
10058	Thoracic	02/28/2020  12:00:00 AM	02/24/2020  12:00:00 AM	Urgent
10059	Ophthalmology	02/28/2020  12:00:00 AM	02/25/2020  12:00:00 AM	Urgent
10060	General	02/28/2020  12:00:00 AM	02/27/2020  12:00:00 AM	Elective
10061	Hepatology	02/28/2020  12:00:00 AM	02/14/2020  12:00:00 AM	Elective
10062	Gynecology	02/28/2020  12:00:00 AM	02/12/2020  12:00:00 AM	Urgent
10063	Pulmonary	02/28/2020  12:00:00 AM	02/17/2020  12:00:00 AM	Elective
10064	Electrophysiology	02/28/2020  12:00:00 AM	02/10/2020  12:00:00 AM	Elective
10065	Pain	02/28/2020  12:00:00 AM	02/22/2020  12:00:00 AM	Elective
10066	Neuroradiology	02/28/2020  12:00:00 AM	02/21/2020  12:00:00 AM	Elective
10067	Obstetrics	02/28/2020  12:00:00 AM	02/26/2020  12:00:00 AM	Elective
10068	Hepatology	02/28/2020  12:00:00 AM	02/15/2020  12:00:00 AM	Elective
10069	Dental	02/28/2020  12:00:00 AM	02/15/2020  12:00:00 AM	Elective
10070	Pulmonary	02/28/2020  12:00:00 AM	02/12/2020  12:00:00 AM	Urgent
10071	Electrophysiology	02/28/2020  12:00:00 AM	02/17/2020  12:00:00 AM	Urgent
10072	Electroconvulsive Therapy	02/28/2020  12:00:00 AM	02/14/2020  12:00:00 AM	Urgent
10073	Electroconvulsive Therapy	02/28/2020  12:00:00 AM	02/25/2020  12:00:00 AM	Elective
10074	Cardiac	02/28/2020  12:00:00 AM	02/19/2020  12:00:00 AM	Urgent
10075	Dental	02/28/2020  12:00:00 AM	02/27/2020  12:00:00 AM	Elective
10076	Thoracic	02/28/2020  12:00:00 AM	02/19/2020  12:00:00 AM	Urgent
10077	Electroconvulsive Therapy	02/28/2020  12:00:00 AM	02/17/2020  12:00:00 AM	Urgent
10078	Obstetrics	02/28/2020  12:00:00 AM	02/22/2020  12:00:00 AM	Urgent
10079	Interventional Radiology	02/28/2020  12:00:00 AM	02/12/2020  12:00:00 AM	Urgent
10080	Gastroenterology	02/28/2020  12:00:00 AM	02/11/2020  12:00:00 AM	Elective
10081	Electroconvulsive Therapy	02/28/2020  12:00:00 AM	02/14/2020  12:00:00 AM	Urgent
10082	Pulmonary	02/28/2020  12:00:00 AM	02/15/2020  12:00:00 AM	Urgent
10083	Dental	02/28/2020  12:00:00 AM	02/19/2020  12:00:00 AM	Elective
10084	Thoracic	02/28/2020  12:00:00 AM	02/17/2020  12:00:00 AM	Urgent
10085	Urology	02/28/2020  12:00:00 AM	02/24/2020  12:00:00 AM	Elective
10086	General	02/28/2020  12:00:00 AM	02/19/2020  12:00:00 AM	Urgent
10087	Cardiac	02/28/2020  12:00:00 AM	02/26/2020  12:00:00 AM	Elective
10088	Podiatry	02/28/2020  12:00:00 AM	02/10/2020  12:00:00 AM	Urgent
10089	Orthopedics	02/28/2020  12:00:00 AM	02/16/2020  12:00:00 AM	Urgent
10090	Neurosurgery	02/28/2020  12:00:00 AM	02/10/2020  12:00:00 AM	Urgent
10091	Urology	02/28/2020  12:00:00 AM	02/20/2020  12:00:00 AM	Elective
10092	Podiatry	02/28/2020  12:00:00 AM	02/16/2020  12:00:00 AM	Elective
10093	Obstetrics	02/28/2020  12:00:00 AM	02/13/2020  12:00:00 AM	Urgent
10094	Gynecology	02/28/2020  12:00:00 AM	02/27/2020  12:00:00 AM	Urgent
10095	Pulmonary	02/28/2020  12:00:00 AM	02/27/2020  12:00:00 AM	Urgent
10096	Vascular	02/28/2020  12:00:00 AM	02/20/2020  12:00:00 AM	Urgent
10097	Obstetrics	02/28/2020  12:00:00 AM	02/20/2020  12:00:00 AM	Elective
10098	Vascular	02/28/2020  12:00:00 AM	02/23/2020  12:00:00 AM	Urgent
10099	Ophthalmology	02/28/2020  12:00:00 AM	02/21/2020  12:00:00 AM	Elective
10100	Neuroradiology	02/28/2020  12:00:00 AM	02/25/2020  12:00:00 AM	Elective
10101	Vascular	02/28/2020  12:00:00 AM	02/20/2020  12:00:00 AM	Elective
10102	Urology	02/28/2020  12:00:00 AM	02/24/2020  12:00:00 AM	Elective
10103	Hepatology	02/28/2020  12:00:00 AM	02/27/2020  12:00:00 AM	Urgent
10104	Obstetrics	02/28/2020  12:00:00 AM	02/15/2020  12:00:00 AM	Urgent
10105	Electrophysiology	02/28/2020  12:00:00 AM	02/25/2020  12:00:00 AM	Urgent
10106	Dental	02/28/2020  12:00:00 AM	02/10/2020  12:00:00 AM	Urgent
10107	Pulmonary	02/28/2020  12:00:00 AM	02/26/2020  12:00:00 AM	Urgent
10108	Gynecology	02/28/2020  12:00:00 AM	02/25/2020  12:00:00 AM	Elective
10109	Urology	02/28/2020  12:00:00 AM	02/17/2020  12:00:00 AM	Elective
10110	Vascular	02/28/2020  12:00:00 AM	02/13/2020  12:00:00 AM	Elective
10111	Hepatology	02/28/2020  12:00:00 AM	02/18/2020  12:00:00 AM	Elective
10112	Pulmonary	02/28/2020  12:00:00 AM	02/18/2020  12:00:00 AM	Elective
10113	Ophthalmology	02/28/2020  12:00:00 AM	02/21/2020  12:00:00 AM	Elective
10114	Orthopedics	02/28/2020  12:00:00 AM	02/23/2020  12:00:00 AM	Urgent
10115	Pain	02/28/2020  12:00:00 AM	02/10/2020  12:00:00 AM	Elective
10116	Gastroenterology	02/28/2020  12:00:00 AM	02/26/2020  12:00:00 AM	Urgent
10117	Neurosurgery	02/28/2020  12:00:00 AM	02/10/2020  12:00:00 AM	Urgent
10118	Gastroenterology	02/28/2020  12:00:00 AM	02/12/2020  12:00:00 AM	Urgent
10119	Pain	02/28/2020  12:00:00 AM	02/20/2020  12:00:00 AM	Elective
10120	Plastics	02/28/2020  12:00:00 AM	02/18/2020  12:00:00 AM	Urgent
10121	Pain	02/28/2020  12:00:00 AM	02/17/2020  12:00:00 AM	Elective
10122	Gastroenterology	02/28/2020  12:00:00 AM	02/20/2020  12:00:00 AM	Urgent
10123	Vascular	02/28/2020  12:00:00 AM	02/22/2020  12:00:00 AM	Elective
10124	Dental	02/28/2020  12:00:00 AM	02/25/2020  12:00:00 AM	Elective
10125	Plastics	02/28/2020  12:00:00 AM	02/20/2020  12:00:00 AM	Elective
10126	Gastroenterology	02/28/2020  12:00:00 AM	02/27/2020  12:00:00 AM	Elective
10127	Plastics	02/28/2020  12:00:00 AM	02/10/2020  12:00:00 AM	Elective
10128	Cardiac	02/28/2020  12:00:00 AM	02/09/2020  12:00:00 AM	Urgent
10129	Podiatry	02/28/2020  12:00:00 AM	02/11/2020  12:00:00 AM	Elective
10130	Plastics	02/28/2020  12:00:00 AM	02/11/2020  12:00:00 AM	Elective
10131	Vascular	02/28/2020  12:00:00 AM	02/11/2020  12:00:00 AM	Urgent
10132	Electrophysiology	02/28/2020  12:00:00 AM	02/19/2020  12:00:00 AM	Elective
10133	Plastics	02/28/2020  12:00:00 AM	02/27/2020  12:00:00 AM	Elective
10134	Ophthalmology	02/28/2020  12:00:00 AM	02/27/2020  12:00:00 AM	Elective
10135	General	02/28/2020  12:00:00 AM	02/13/2020  12:00:00 AM	Elective
10136	Gastroenterology	02/28/2020  12:00:00 AM	02/18/2020  12:00:00 AM	Urgent
10137	Obstetrics	02/28/2020  12:00:00 AM	02/15/2020  12:00:00 AM	Elective
10138	Vascular	02/28/2020  12:00:00 AM	02/25/2020  12:00:00 AM	Urgent
10139	Electrophysiology	02/28/2020  12:00:00 AM	02/22/2020  12:00:00 AM	Elective
10140	Dental	02/28/2020  12:00:00 AM	02/09/2020  12:00:00 AM	Urgent
10141	Electroconvulsive Therapy	02/28/2020  12:00:00 AM	02/11/2020  12:00:00 AM	Elective
10142	Interventional Radiology	02/28/2020  12:00:00 AM	02/10/2020  12:00:00 AM	Urgent
10143	Urology	02/28/2020  12:00:00 AM	02/13/2020  12:00:00 AM	Elective
10144	Interventional Radiology	02/28/2020  12:00:00 AM	02/23/2020  12:00:00 AM	Elective
10145	Neurosurgery	02/28/2020  12:00:00 AM	02/27/2020  12:00:00 AM	Urgent
10146	Dental	02/28/2020  12:00:00 AM	02/25/2020  12:00:00 AM	Urgent
10147	Plastics	02/28/2020  12:00:00 AM	02/27/2020  12:00:00 AM	Elective
10148	Electroconvulsive Therapy	02/28/2020  12:00:00 AM	02/27/2020  12:00:00 AM	Elective
10149	Cardiac	02/28/2020  12:00:00 AM	02/26/2020  12:00:00 AM	Urgent
10150	Gastroenterology	02/28/2020  12:00:00 AM	02/24/2020  12:00:00 AM	Elective
10151	Electrophysiology	02/28/2020  12:00:00 AM	02/10/2020  12:00:00 AM	Urgent
10152	Plastics	02/28/2020  12:00:00 AM	02/11/2020  12:00:00 AM	Urgent
10153	Obstetrics	02/28/2020  12:00:00 AM	02/21/2020  12:00:00 AM	Urgent
10154	Cardiac	02/28/2020  12:00:00 AM	02/11/2020  12:00:00 AM	Urgent
10155	Vascular	02/28/2020  12:00:00 AM	02/18/2020  12:00:00 AM	Elective
10156	Electroconvulsive Therapy	02/28/2020  12:00:00 AM	02/26/2020  12:00:00 AM	Urgent
10157	Orthopedics	02/28/2020  12:00:00 AM	02/16/2020  12:00:00 AM	Urgent
10158	Ophthalmology	02/28/2020  12:00:00 AM	02/16/2020  12:00:00 AM	Urgent
10159	Hepatology	02/28/2020  12:00:00 AM	02/19/2020  12:00:00 AM	Elective
10160	General	02/28/2020  12:00:00 AM	02/11/2020  12:00:00 AM	Urgent
10161	Vascular	02/28/2020  12:00:00 AM	02/15/2020  12:00:00 AM	Elective
10162	Electroconvulsive Therapy	02/28/2020  12:00:00 AM	02/24/2020  12:00:00 AM	Elective
10163	Plastics	02/28/2020  12:00:00 AM	02/20/2020  12:00:00 AM	Urgent
10164	Pain	02/28/2020  12:00:00 AM	02/16/2020  12:00:00 AM	Elective
10165	Neuroradiology	02/28/2020  12:00:00 AM	02/17/2020  12:00:00 AM	Elective
10166	Interventional Radiology	02/28/2020  12:00:00 AM	02/23/2020  12:00:00 AM	Urgent
10167	Pain	02/28/2020  12:00:00 AM	02/14/2020  12:00:00 AM	Urgent
10168	Urology	02/28/2020  12:00:00 AM	02/15/2020  12:00:00 AM	Urgent
10169	Dental	02/28/2020  12:00:00 AM	02/14/2020  12:00:00 AM	Elective
10170	Plastics	02/28/2020  12:00:00 AM	02/27/2020  12:00:00 AM	Urgent
10171	Podiatry	02/28/2020  12:00:00 AM	02/22/2020  12:00:00 AM	Elective
10172	Thoracic	02/28/2020  12:00:00 AM	02/27/2020  12:00:00 AM	Elective
10173	Plastics	02/28/2020  12:00:00 AM	02/13/2020  12:00:00 AM	Elective
10174	Gynecology	02/28/2020  12:00:00 AM	02/13/2020  12:00:00 AM	Urgent
10175	Neurosurgery	02/28/2020  12:00:00 AM	02/22/2020  12:00:00 AM	Elective
10176	General	02/28/2020  12:00:00 AM	02/18/2020  12:00:00 AM	Urgent
10177	Podiatry	02/28/2020  12:00:00 AM	02/16/2020  12:00:00 AM	Elective
10178	Orthopedics	02/28/2020  12:00:00 AM	02/21/2020  12:00:00 AM	Urgent
10179	Thoracic	02/28/2020  12:00:00 AM	02/26/2020  12:00:00 AM	Elective
10180	Pulmonary	02/28/2020  12:00:00 AM	02/27/2020  12:00:00 AM	Elective
10181	Neurosurgery	02/28/2020  12:00:00 AM	02/12/2020  12:00:00 AM	Urgent
10182	Gastroenterology	02/28/2020  12:00:00 AM	02/27/2020  12:00:00 AM	Urgent
10183	Hepatology	02/28/2020  12:00:00 AM	02/16/2020  12:00:00 AM	Urgent
10184	Urology	02/28/2020  12:00:00 AM	02/23/2020  12:00:00 AM	Urgent
10185	Electrophysiology	02/28/2020  12:00:00 AM	02/19/2020  12:00:00 AM	Elective
10186	Electroconvulsive Therapy	02/28/2020  12:00:00 AM	02/17/2020  12:00:00 AM	Urgent
10187	Neurosurgery	02/28/2020  12:00:00 AM	02/27/2020  12:00:00 AM	Elective
10188	Neuroradiology	02/28/2020  12:00:00 AM	02/25/2020  12:00:00 AM	Urgent
10189	Interventional Radiology	02/28/2020  12:00:00 AM	02/09/2020  12:00:00 AM	Elective
10190	Electrophysiology	02/28/2020  12:00:00 AM	02/18/2020  12:00:00 AM	Urgent
10191	Gastroenterology	02/28/2020  12:00:00 AM	02/10/2020  12:00:00 AM	Urgent
10192	Neurosurgery	02/28/2020  12:00:00 AM	02/18/2020  12:00:00 AM	Elective
10193	Cardiac	02/28/2020  12:00:00 AM	02/17/2020  12:00:00 AM	Urgent
10194	Neuroradiology	02/28/2020  12:00:00 AM	02/16/2020  12:00:00 AM	Urgent
10195	Hepatology	02/28/2020  12:00:00 AM	02/09/2020  12:00:00 AM	Urgent
10196	Vascular	02/28/2020  12:00:00 AM	02/10/2020  12:00:00 AM	Elective
10197	Dental	02/28/2020  12:00:00 AM	02/15/2020  12:00:00 AM	Urgent
10198	Electrophysiology	02/28/2020  12:00:00 AM	02/22/2020  12:00:00 AM	Urgent
10199	Neuroradiology	02/28/2020  12:00:00 AM	02/21/2020  12:00:00 AM	Elective
10200	Pulmonary	02/28/2020  12:00:00 AM	02/20/2020  12:00:00 AM	Urgent
10201	Orthopedics	02/28/2020  12:00:00 AM	02/22/2020  12:00:00 AM	Elective
10202	Podiatry	02/28/2020  12:00:00 AM	02/25/2020  12:00:00 AM	Urgent
10203	Gastroenterology	02/28/2020  12:00:00 AM	02/25/2020  12:00:00 AM	Elective
10204	Pulmonary	02/28/2020  12:00:00 AM	02/13/2020  12:00:00 AM	Urgent
10205	Plastics	02/28/2020  12:00:00 AM	02/21/2020  12:00:00 AM	Urgent
10206	Podiatry	02/28/2020  12:00:00 AM	02/16/2020  12:00:00 AM	Elective
10207	Obstetrics	02/28/2020  12:00:00 AM	02/24/2020  12:00:00 AM	Elective
10208	Ophthalmology	02/28/2020  12:00:00 AM	02/10/2020  12:00:00 AM	Elective
10209	Hepatology	02/28/2020  12:00:00 AM	02/25/2020  12:00:00 AM	Urgent
10210	Orthopedics	02/28/2020  12:00:00 AM	02/16/2020  12:00:00 AM	Elective
10211	Neuroradiology	02/28/2020  12:00:00 AM	02/13/2020  12:00:00 AM	Urgent
10212	Gynecology	02/28/2020  12:00:00 AM	02/21/2020  12:00:00 AM	Urgent
10213	General	02/28/2020  12:00:00 AM	02/22/2020  12:00:00 AM	Urgent
10214	Thoracic	02/28/2020  12:00:00 AM	02/26/2020  12:00:00 AM	Urgent
10215	Hepatology	02/28/2020  12:00:00 AM	02/09/2020  12:00:00 AM	Urgent
10216	Neurosurgery	02/28/2020  12:00:00 AM	02/25/2020  12:00:00 AM	Elective
10217	Interventional Radiology	02/28/2020  12:00:00 AM	02/26/2020  12:00:00 AM	Elective
10218	Plastics	02/28/2020  12:00:00 AM	02/14/2020  12:00:00 AM	Urgent
10219	Obstetrics	02/28/2020  12:00:00 AM	02/26/2020  12:00:00 AM	Urgent
10220	Dental	02/28/2020  12:00:00 AM	02/14/2020  12:00:00 AM	Elective
10221	Pulmonary	02/28/2020  12:00:00 AM	02/11/2020  12:00:00 AM	Elective
10222	Neurosurgery	02/28/2020  12:00:00 AM	02/21/2020  12:00:00 AM	Elective
10223	Orthopedics	02/28/2020  12:00:00 AM	02/18/2020  12:00:00 AM	Elective
10224	Dental	02/28/2020  12:00:00 AM	02/13/2020  12:00:00 AM	Urgent
10225	Hepatology	02/28/2020  12:00:00 AM	02/25/2020  12:00:00 AM	Urgent
10226	General	02/28/2020  12:00:00 AM	02/25/2020  12:00:00 AM	Urgent
10227	Vascular	02/28/2020  12:00:00 AM	02/24/2020  12:00:00 AM	Elective
10228	Dental	02/28/2020  12:00:00 AM	02/19/2020  12:00:00 AM	Elective
10229	Podiatry	02/28/2020  12:00:00 AM	02/14/2020  12:00:00 AM	Elective
10230	General	02/28/2020  12:00:00 AM	02/12/2020  12:00:00 AM	Urgent
10231	General	02/28/2020  12:00:00 AM	02/15/2020  12:00:00 AM	Elective
10232	Pulmonary	02/28/2020  12:00:00 AM	02/14/2020  12:00:00 AM	Elective
10233	Gynecology	02/28/2020  12:00:00 AM	02/17/2020  12:00:00 AM	Urgent
10234	Electrophysiology	02/28/2020  12:00:00 AM	02/11/2020  12:00:00 AM	Elective
10235	Cardiac	02/28/2020  12:00:00 AM	02/24/2020  12:00:00 AM	Elective
10236	Gynecology	02/28/2020  12:00:00 AM	02/14/2020  12:00:00 AM	Urgent
10237	Plastics	02/28/2020  12:00:00 AM	02/18/2020  12:00:00 AM	Urgent
10238	Gastroenterology	02/28/2020  12:00:00 AM	02/25/2020  12:00:00 AM	Urgent
10239	Gastroenterology	02/28/2020  12:00:00 AM	02/23/2020  12:00:00 AM	Elective
10240	Gynecology	02/28/2020  12:00:00 AM	02/26/2020  12:00:00 AM	Urgent
10241	Urology	02/28/2020  12:00:00 AM	02/20/2020  12:00:00 AM	Urgent
10242	General	02/28/2020  12:00:00 AM	02/17/2020  12:00:00 AM	Elective
10243	Neurosurgery	02/28/2020  12:00:00 AM	02/10/2020  12:00:00 AM	Elective
10244	Interventional Radiology	02/28/2020  12:00:00 AM	02/24/2020  12:00:00 AM	Urgent
10245	Cardiac	02/28/2020  12:00:00 AM	02/13/2020  12:00:00 AM	Elective
10246	Vascular	02/28/2020  12:00:00 AM	02/10/2020  12:00:00 AM	Urgent
10247	Orthopedics	02/28/2020  12:00:00 AM	02/12/2020  12:00:00 AM	Urgent
10248	General	02/28/2020  12:00:00 AM	02/25/2020  12:00:00 AM	Elective
10249	Cardiac	02/28/2020  12:00:00 AM	02/19/2020  12:00:00 AM	Urgent
10250	Neurosurgery	02/28/2020  12:00:00 AM	02/25/2020  12:00:00 AM	Elective
10251	General	02/28/2020  12:00:00 AM	02/18/2020  12:00:00 AM	Elective
10252	Pain	02/28/2020  12:00:00 AM	02/15/2020  12:00:00 AM	Elective
10253	Podiatry	02/28/2020  12:00:00 AM	02/21/2020  12:00:00 AM	Urgent
10254	Neurosurgery	02/28/2020  12:00:00 AM	02/11/2020  12:00:00 AM	Urgent
10255	Thoracic	02/28/2020  12:00:00 AM	02/25/2020  12:00:00 AM	Elective
10256	Urology	02/28/2020  12:00:00 AM	02/17/2020  12:00:00 AM	Urgent
10257	Electroconvulsive Therapy	02/28/2020  12:00:00 AM	02/10/2020  12:00:00 AM	Elective
10258	Podiatry	02/28/2020  12:00:00 AM	02/20/2020  12:00:00 AM	Urgent
10259	Neurosurgery	02/28/2020  12:00:00 AM	02/09/2020  12:00:00 AM	Elective
10260	Pain	02/28/2020  12:00:00 AM	02/16/2020  12:00:00 AM	Urgent
10261	Cardiac	02/28/2020  12:00:00 AM	02/16/2020  12:00:00 AM	Urgent
10262	Dental	02/28/2020  12:00:00 AM	02/12/2020  12:00:00 AM	Elective
10263	Electroconvulsive Therapy	02/28/2020  12:00:00 AM	02/13/2020  12:00:00 AM	Elective
10264	Vascular	02/28/2020  12:00:00 AM	02/11/2020  12:00:00 AM	Urgent
10265	Dental	02/28/2020  12:00:00 AM	02/12/2020  12:00:00 AM	Elective
10266	Urology	02/28/2020  12:00:00 AM	02/09/2020  12:00:00 AM	Urgent
10267	Electrophysiology	02/28/2020  12:00:00 AM	02/19/2020  12:00:00 AM	Elective
10268	Dental	02/28/2020  12:00:00 AM	02/17/2020  12:00:00 AM	Elective
10269	Interventional Radiology	02/28/2020  12:00:00 AM	02/25/2020  12:00:00 AM	Elective
10270	Dental	02/28/2020  12:00:00 AM	02/13/2020  12:00:00 AM	Elective
10271	Thoracic	02/28/2020  12:00:00 AM	02/12/2020  12:00:00 AM	Elective
10272	Electroconvulsive Therapy	02/28/2020  12:00:00 AM	02/24/2020  12:00:00 AM	Elective
10273	Plastics	02/28/2020  12:00:00 AM	02/09/2020  12:00:00 AM	Urgent
10274	Obstetrics	02/28/2020  12:00:00 AM	02/19/2020  12:00:00 AM	Elective
10275	Electroconvulsive Therapy	02/28/2020  12:00:00 AM	02/10/2020  12:00:00 AM	Elective
10276	Neurosurgery	02/28/2020  12:00:00 AM	02/21/2020  12:00:00 AM	Urgent
10277	General	02/28/2020  12:00:00 AM	02/09/2020  12:00:00 AM	Elective
10278	Gynecology	02/28/2020  12:00:00 AM	02/26/2020  12:00:00 AM	Elective
10279	Dental	02/28/2020  12:00:00 AM	02/13/2020  12:00:00 AM	Urgent
10280	Electrophysiology	02/28/2020  12:00:00 AM	02/09/2020  12:00:00 AM	Elective
10281	Hepatology	02/28/2020  12:00:00 AM	02/23/2020  12:00:00 AM	Elective
10282	Gastroenterology	02/28/2020  12:00:00 AM	02/12/2020  12:00:00 AM	Elective
10283	Pain	02/28/2020  12:00:00 AM	02/24/2020  12:00:00 AM	Elective
10284	Orthopedics	02/28/2020  12:00:00 AM	02/19/2020  12:00:00 AM	Urgent
10285	Gastroenterology	02/28/2020  12:00:00 AM	02/17/2020  12:00:00 AM	Urgent
10286	Gynecology	02/28/2020  12:00:00 AM	02/10/2020  12:00:00 AM	Urgent
10287	Urology	02/28/2020  12:00:00 AM	02/15/2020  12:00:00 AM	Elective
10288	Urology	02/28/2020  12:00:00 AM	02/16/2020  12:00:00 AM	Urgent
10289	Electroconvulsive Therapy	02/28/2020  12:00:00 AM	02/15/2020  12:00:00 AM	Elective
10290	Gastroenterology	02/28/2020  12:00:00 AM	02/13/2020  12:00:00 AM	Urgent
10291	Orthopedics	02/28/2020  12:00:00 AM	02/11/2020  12:00:00 AM	Elective
10292	Hepatology	02/28/2020  12:00:00 AM	02/21/2020  12:00:00 AM	Elective
10293	Cardiac	02/28/2020  12:00:00 AM	02/17/2020  12:00:00 AM	Elective
10294	Electroconvulsive Therapy	02/28/2020  12:00:00 AM	02/19/2020  12:00:00 AM	Urgent
10295	Plastics	02/28/2020  12:00:00 AM	02/10/2020  12:00:00 AM	Elective
10296	Thoracic	02/28/2020  12:00:00 AM	02/10/2020  12:00:00 AM	Urgent
10297	Dental	02/28/2020  12:00:00 AM	02/22/2020  12:00:00 AM	Urgent
10298	Interventional Radiology	02/28/2020  12:00:00 AM	02/27/2020  12:00:00 AM	Urgent
10299	Thoracic	02/28/2020  12:00:00 AM	02/16/2020  12:00:00 AM	Elective
10300	General	02/28/2020  12:00:00 AM	02/20/2020  12:00:00 AM	Elective
10301	Ophthalmology	02/28/2020  12:00:00 AM	02/21/2020  12:00:00 AM	Urgent
10302	Pain	02/28/2020  12:00:00 AM	02/27/2020  12:00:00 AM	Urgent
10303	Orthopedics	02/28/2020  12:00:00 AM	02/09/2020  12:00:00 AM	Elective
10304	Gynecology	02/28/2020  12:00:00 AM	02/16/2020  12:00:00 AM	Urgent
10305	Neurosurgery	02/28/2020  12:00:00 AM	02/15/2020  12:00:00 AM	Elective
10306	Neuroradiology	02/28/2020  12:00:00 AM	02/15/2020  12:00:00 AM	Elective
10307	Pain	02/28/2020  12:00:00 AM	02/11/2020  12:00:00 AM	Elective
10308	Thoracic	02/28/2020  12:00:00 AM	02/27/2020  12:00:00 AM	Elective
10309	Pulmonary	02/28/2020  12:00:00 AM	02/17/2020  12:00:00 AM	Urgent
10310	General	02/28/2020  12:00:00 AM	02/21/2020  12:00:00 AM	Urgent
10311	Vascular	02/28/2020  12:00:00 AM	02/17/2020  12:00:00 AM	Elective
10312	General	02/28/2020  12:00:00 AM	02/19/2020  12:00:00 AM	Urgent
10313	Vascular	02/28/2020  12:00:00 AM	02/20/2020  12:00:00 AM	Urgent
10314	Thoracic	02/28/2020  12:00:00 AM	02/21/2020  12:00:00 AM	Elective
10315	Orthopedics	02/28/2020  12:00:00 AM	02/18/2020  12:00:00 AM	Urgent
10316	Urology	02/28/2020  12:00:00 AM	02/09/2020  12:00:00 AM	Urgent
10317	Gynecology	02/28/2020  12:00:00 AM	02/14/2020  12:00:00 AM	Elective
10318	Electrophysiology	02/28/2020  12:00:00 AM	02/25/2020  12:00:00 AM	Elective
10319	Thoracic	02/28/2020  12:00:00 AM	02/13/2020  12:00:00 AM	Urgent
10320	Interventional Radiology	02/28/2020  12:00:00 AM	02/16/2020  12:00:00 AM	Elective
10321	Electrophysiology	02/28/2020  12:00:00 AM	02/12/2020  12:00:00 AM	Elective
10322	Electroconvulsive Therapy	02/28/2020  12:00:00 AM	02/15/2020  12:00:00 AM	Urgent
10323	Thoracic	02/28/2020  12:00:00 AM	02/18/2020  12:00:00 AM	Elective
10324	Interventional Radiology	02/28/2020  12:00:00 AM	02/25/2020  12:00:00 AM	Elective
10325	General	02/28/2020  12:00:00 AM	02/11/2020  12:00:00 AM	Urgent
10326	Pulmonary	02/28/2020  12:00:00 AM	02/21/2020  12:00:00 AM	Elective
10327	Dental	02/28/2020  12:00:00 AM	02/21/2020  12:00:00 AM	Elective
10328	Orthopedics	02/28/2020  12:00:00 AM	02/19/2020  12:00:00 AM	Elective
10329	Gynecology	02/28/2020  12:00:00 AM	02/23/2020  12:00:00 AM	Urgent
10330	Neuroradiology	02/28/2020  12:00:00 AM	02/15/2020  12:00:00 AM	Urgent
10331	Dental	02/28/2020  12:00:00 AM	02/09/2020  12:00:00 AM	Urgent
10332	Gynecology	02/28/2020  12:00:00 AM	02/13/2020  12:00:00 AM	Urgent
10333	Gastroenterology	02/28/2020  12:00:00 AM	02/26/2020  12:00:00 AM	Elective
10334	Podiatry	02/28/2020  12:00:00 AM	02/26/2020  12:00:00 AM	Urgent
10335	Neuroradiology	02/28/2020  12:00:00 AM	02/13/2020  12:00:00 AM	Elective
10336	Pain	02/28/2020  12:00:00 AM	02/21/2020  12:00:00 AM	Elective
10337	Hepatology	02/28/2020  12:00:00 AM	02/27/2020  12:00:00 AM	Urgent
10338	Pain	02/28/2020  12:00:00 AM	02/18/2020  12:00:00 AM	Urgent
10339	Neuroradiology	02/28/2020  12:00:00 AM	02/16/2020  12:00:00 AM	Elective
10340	Gynecology	02/28/2020  12:00:00 AM	02/24/2020  12:00:00 AM	Urgent
10341	Vascular	02/28/2020  12:00:00 AM	02/09/2020  12:00:00 AM	Elective
10342	Interventional Radiology	02/28/2020  12:00:00 AM	02/22/2020  12:00:00 AM	Urgent
10343	Orthopedics	02/28/2020  12:00:00 AM	02/11/2020  12:00:00 AM	Urgent
10344	Gynecology	02/28/2020  12:00:00 AM	02/13/2020  12:00:00 AM	Elective
10345	Electroconvulsive Therapy	02/28/2020  12:00:00 AM	02/26/2020  12:00:00 AM	Elective
10346	Gynecology	02/28/2020  12:00:00 AM	02/18/2020  12:00:00 AM	Elective
10347	Electroconvulsive Therapy	02/28/2020  12:00:00 AM	02/14/2020  12:00:00 AM	Urgent
10348	General	02/28/2020  12:00:00 AM	02/17/2020  12:00:00 AM	Elective
10349	Plastics	02/28/2020  12:00:00 AM	02/11/2020  12:00:00 AM	Elective
10350	Pulmonary	02/28/2020  12:00:00 AM	02/18/2020  12:00:00 AM	Urgent
10351	Urology	02/28/2020  12:00:00 AM	02/12/2020  12:00:00 AM	Elective
10352	Pulmonary	02/28/2020  12:00:00 AM	02/23/2020  12:00:00 AM	Urgent
10353	Orthopedics	02/28/2020  12:00:00 AM	02/15/2020  12:00:00 AM	Elective
10354	Hepatology	02/28/2020  12:00:00 AM	02/09/2020  12:00:00 AM	Urgent
10355	Electrophysiology	02/28/2020  12:00:00 AM	02/26/2020  12:00:00 AM	Urgent
10356	Interventional Radiology	02/28/2020  12:00:00 AM	02/16/2020  12:00:00 AM	Elective
10357	Interventional Radiology	02/28/2020  12:00:00 AM	02/21/2020  12:00:00 AM	Urgent
10358	Urology	02/28/2020  12:00:00 AM	02/17/2020  12:00:00 AM	Urgent
10359	General	02/28/2020  12:00:00 AM	02/26/2020  12:00:00 AM	Urgent
10360	Podiatry	02/28/2020  12:00:00 AM	02/10/2020  12:00:00 AM	Urgent
10361	Interventional Radiology	02/28/2020  12:00:00 AM	02/10/2020  12:00:00 AM	Elective
10362	Pulmonary	02/28/2020  12:00:00 AM	02/24/2020  12:00:00 AM	Elective
10363	Vascular	02/28/2020  12:00:00 AM	02/18/2020  12:00:00 AM	Elective
10364	Interventional Radiology	02/28/2020  12:00:00 AM	02/19/2020  12:00:00 AM	Urgent
10365	Plastics	02/28/2020  12:00:00 AM	02/09/2020  12:00:00 AM	Urgent
10366	Orthopedics	02/28/2020  12:00:00 AM	02/11/2020  12:00:00 AM	Urgent
10367	Urology	02/28/2020  12:00:00 AM	02/27/2020  12:00:00 AM	Elective
10368	Plastics	02/28/2020  12:00:00 AM	02/20/2020  12:00:00 AM	Urgent
10369	Ophthalmology	02/28/2020  12:00:00 AM	02/21/2020  12:00:00 AM	Urgent
10370	Pain	02/28/2020  12:00:00 AM	02/15/2020  12:00:00 AM	Elective
10371	Pain	02/28/2020  12:00:00 AM	02/25/2020  12:00:00 AM	Elective
10372	Obstetrics	02/28/2020  12:00:00 AM	02/21/2020  12:00:00 AM	Elective
10373	Vascular	02/28/2020  12:00:00 AM	02/19/2020  12:00:00 AM	Elective
10374	Pulmonary	02/28/2020  12:00:00 AM	02/10/2020  12:00:00 AM	Elective
10375	General	02/28/2020  12:00:00 AM	02/18/2020  12:00:00 AM	Elective
10376	General	02/28/2020  12:00:00 AM	02/16/2020  12:00:00 AM	Urgent
10377	Dental	02/28/2020  12:00:00 AM	02/26/2020  12:00:00 AM	Elective
10378	Neurosurgery	02/28/2020  12:00:00 AM	02/19/2020  12:00:00 AM	Elective
10379	Thoracic	02/28/2020  12:00:00 AM	02/24/2020  12:00:00 AM	Urgent
10380	Neuroradiology	02/28/2020  12:00:00 AM	02/21/2020  12:00:00 AM	Elective
10381	Neurosurgery	02/28/2020  12:00:00 AM	02/14/2020  12:00:00 AM	Elective
10382	Pain	02/28/2020  12:00:00 AM	02/22/2020  12:00:00 AM	Elective
10383	Neuroradiology	02/28/2020  12:00:00 AM	02/15/2020  12:00:00 AM	Elective
10384	Neuroradiology	02/28/2020  12:00:00 AM	02/10/2020  12:00:00 AM	Elective
10385	Pain	02/28/2020  12:00:00 AM	02/16/2020  12:00:00 AM	Elective
10386	Obstetrics	02/28/2020  12:00:00 AM	02/18/2020  12:00:00 AM	Urgent
10387	Neurosurgery	02/28/2020  12:00:00 AM	02/27/2020  12:00:00 AM	Urgent
10388	Pulmonary	02/28/2020  12:00:00 AM	02/12/2020  12:00:00 AM	Elective
10389	Cardiac	02/28/2020  12:00:00 AM	02/14/2020  12:00:00 AM	Urgent
10390	Orthopedics	02/28/2020  12:00:00 AM	02/13/2020  12:00:00 AM	Urgent
10391	Gynecology	02/28/2020  12:00:00 AM	02/21/2020  12:00:00 AM	Urgent
10392	Neuroradiology	02/28/2020  12:00:00 AM	02/17/2020  12:00:00 AM	Urgent
10393	Thoracic	02/28/2020  12:00:00 AM	02/23/2020  12:00:00 AM	Elective
10394	Thoracic	02/28/2020  12:00:00 AM	02/26/2020  12:00:00 AM	Urgent
10395	Podiatry	02/28/2020  12:00:00 AM	02/19/2020  12:00:00 AM	Elective
10396	Urology	02/28/2020  12:00:00 AM	02/19/2020  12:00:00 AM	Urgent
10397	Neuroradiology	02/28/2020  12:00:00 AM	02/21/2020  12:00:00 AM	Elective
10398	Podiatry	02/28/2020  12:00:00 AM	02/18/2020  12:00:00 AM	Urgent
10399	Plastics	02/28/2020  12:00:00 AM	02/27/2020  12:00:00 AM	Elective
10400	Neurosurgery	02/28/2020  12:00:00 AM	02/17/2020  12:00:00 AM	Elective
10401	Plastics	02/28/2020  12:00:00 AM	02/27/2020  12:00:00 AM	Urgent
10402	Ophthalmology	02/28/2020  12:00:00 AM	02/27/2020  12:00:00 AM	Elective
10403	Dental	02/28/2020  12:00:00 AM	02/26/2020  12:00:00 AM	Elective
10404	Podiatry	02/28/2020  12:00:00 AM	02/13/2020  12:00:00 AM	Elective
10405	Neurosurgery	02/28/2020  12:00:00 AM	02/26/2020  12:00:00 AM	Elective
10406	Obstetrics	02/28/2020  12:00:00 AM	02/17/2020  12:00:00 AM	Elective
10407	Electrophysiology	02/28/2020  12:00:00 AM	02/13/2020  12:00:00 AM	Elective
10408	Podiatry	02/28/2020  12:00:00 AM	02/15/2020  12:00:00 AM	Urgent
10409	Neuroradiology	02/28/2020  12:00:00 AM	02/27/2020  12:00:00 AM	Elective
10410	General	02/28/2020  12:00:00 AM	02/23/2020  12:00:00 AM	Urgent
10411	Obstetrics	02/28/2020  12:00:00 AM	02/17/2020  12:00:00 AM	Urgent
10412	General	02/28/2020  12:00:00 AM	02/19/2020  12:00:00 AM	Urgent
10413	Gynecology	02/28/2020  12:00:00 AM	02/14/2020  12:00:00 AM	Elective
10414	Gynecology	02/28/2020  12:00:00 AM	02/16/2020  12:00:00 AM	Elective
