LOG_ID	OR_SERVICE	SURGERY_DATE	FIRST_SCHED_DATE	CASE_CLASS
10001	General	02/27/2020  12:00:00 AM	02/24/2020  12:00:00 AM	Elective
10002	Urology	02/27/2020  12:00:00 AM	02/26/2020  12:00:00 AM	Elective
10003	Gastroenterology	02/27/2020  12:00:00 AM	02/19/2020  12:00:00 AM	Elective
10004	Interventional Radiology	02/27/2020  12:00:00 AM	02/10/2020  12:00:00 AM	Elective
10005	Cardiac	02/27/2020  12:00:00 AM	02/24/2020  12:00:00 AM	Elective
10006	Interventional Radiology	02/27/2020  12:00:00 AM	02/18/2020  12:00:00 AM	Elective
10007	Obstetrics	02/27/2020  12:00:00 AM	02/20/2020  12:00:00 AM	Elective
10008	Gynecology	02/27/2020  12:00:00 AM	02/08/2020  12:00:00 AM	Urgent
10009	Thoracic	02/27/2020  12:00:00 AM	02/19/2020  12:00:00 AM	Urgent
10010	General	02/27/2020  12:00:00 AM	02/13/2020  12:00:00 AM	Urgent
10011	Pain	02/27/2020  12:00:00 AM	02/25/2020  12:00:00 AM	Urgent
10012	General	02/27/2020  12:00:00 AM	02/12/2020  12:00:00 AM	Urgent
10013	Gastroenterology	02/27/2020  12:00:00 AM	02/13/2020  12:00:00 AM	Urgent
10014	General	02/27/2020  12:00:00 AM	02/20/2020  12:00:00 AM	Elective
10015	Electroconvulsive Therapy	02/27/2020  12:00:00 AM	02/24/2020  12:00:00 AM	Elective
10016	Electrophysiology	02/27/2020  12:00:00 AM	02/10/2020  12:00:00 AM	Urgent
10017	Neuroradiology	02/27/2020  12:00:00 AM	02/12/2020  12:00:00 AM	Elective
10018	Obstetrics	02/27/2020  12:00:00 AM	02/20/2020  12:00:00 AM	Urgent
10019	General	02/27/2020  12:00:00 AM	02/21/2020  12:00:00 AM	Urgent
10020	Neurosurgery	02/27/2020  12:00:00 AM	02/10/2020  12:00:00 AM	Urgent
10021	Urology	02/27/2020  12:00:00 AM	02/25/2020  12:00:00 AM	Elective
10022	Ophthalmology	02/27/2020  12:00:00 AM	02/17/2020  12:00:00 AM	Elective
10023	Thoracic	02/27/2020  12:00:00 AM	02/08/2020  12:00:00 AM	Urgent
10024	Neuroradiology	02/27/2020  12:00:00 AM	02/20/2020  12:00:00 AM	Elective
10025	Cardiac	02/27/2020  12:00:00 AM	02/16/2020  12:00:00 AM	Urgent
10026	Orthopedics	02/27/2020  12:00:00 AM	02/19/2020  12:00:00 AM	Elective
10027	Neurosurgery	02/27/2020  12:00:00 AM	02/17/2020  12:00:00 AM	Urgent
10028	Pain	02/27/2020  12:00:00 AM	02/08/2020  12:00:00 AM	Elective
10029	Ophthalmology	02/27/2020  12:00:00 AM	02/15/2020  12:00:00 AM	Elective
10030	Neuroradiology	02/27/2020  12:00:00 AM	02/16/2020  12:00:00 AM	Urgent
10031	Neurosurgery	02/27/2020  12:00:00 AM	02/13/2020  12:00:00 AM	Urgent
10032	Podiatry	02/27/2020  12:00:00 AM	02/24/2020  12:00:00 AM	Urgent
10033	Electrophysiology	02/27/2020  12:00:00 AM	02/13/2020  12:00:00 AM	Urgent
10034	General	02/27/2020  12:00:00 AM	02/24/2020  12:00:00 AM	Elective
10035	General	02/27/2020  12:00:00 AM	02/12/2020  12:00:00 AM	Elective
10036	Urology	02/27/2020  12:00:00 AM	02/17/2020  12:00:00 AM	Elective
10037	Pulmonary	02/27/2020  12:00:00 AM	02/08/2020  12:00:00 AM	Elective
10038	Pain	02/27/2020  12:00:00 AM	02/13/2020  12:00:00 AM	Urgent
10039	Pain	02/27/2020  12:00:00 AM	02/17/2020  12:00:00 AM	Urgent
10040	Podiatry	02/27/2020  12:00:00 AM	02/11/2020  12:00:00 AM	Urgent
10041	General	02/27/2020  12:00:00 AM	02/21/2020  12:00:00 AM	Urgent
10042	Pain	02/27/2020  12:00:00 AM	02/20/2020  12:00:00 AM	Urgent
10043	Gastroenterology	02/27/2020  12:00:00 AM	02/16/2020  12:00:00 AM	Elective
10044	Urology	02/27/2020  12:00:00 AM	02/14/2020  12:00:00 AM	Elective
10045	Thoracic	02/27/2020  12:00:00 AM	02/22/2020  12:00:00 AM	Urgent
10046	Interventional Radiology	02/27/2020  12:00:00 AM	02/23/2020  12:00:00 AM	Elective
10047	Electrophysiology	02/27/2020  12:00:00 AM	02/14/2020  12:00:00 AM	Urgent
10048	Dental	02/27/2020  12:00:00 AM	02/24/2020  12:00:00 AM	Elective
10049	Ophthalmology	02/27/2020  12:00:00 AM	02/11/2020  12:00:00 AM	Urgent
10050	General	02/27/2020  12:00:00 AM	02/19/2020  12:00:00 AM	Urgent
10051	Neuroradiology	02/27/2020  12:00:00 AM	02/12/2020  12:00:00 AM	Urgent
10052	Ophthalmology	02/27/2020  12:00:00 AM	02/20/2020  12:00:00 AM	Elective
10053	Dental	02/27/2020  12:00:00 AM	02/10/2020  12:00:00 AM	Elective
10054	Dental	02/27/2020  12:00:00 AM	02/20/2020  12:00:00 AM	Urgent
10055	Gastroenterology	02/27/2020  12:00:00 AM	02/16/2020  12:00:00 AM	Urgent
10056	Electrophysiology	02/27/2020  12:00:00 AM	02/09/2020  12:00:00 AM	Urgent
10057	Electroconvulsive Therapy	02/27/2020  12:00:00 AM	02/10/2020  12:00:00 AM	Elective
10058	Pain	02/27/2020  12:00:00 AM	02/12/2020  12:00:00 AM	Urgent
10059	Neuroradiology	02/27/2020  12:00:00 AM	02/19/2020  12:00:00 AM	Elective
10060	General	02/27/2020  12:00:00 AM	02/16/2020  12:00:00 AM	Elective
10061	Electroconvulsive Therapy	02/27/2020  12:00:00 AM	02/17/2020  12:00:00 AM	Urgent
10062	Orthopedics	02/27/2020  12:00:00 AM	02/25/2020  12:00:00 AM	Urgent
10063	Orthopedics	02/27/2020  12:00:00 AM	02/11/2020  12:00:00 AM	Elective
10064	Neuroradiology	02/27/2020  12:00:00 AM	02/25/2020  12:00:00 AM	Elective
10065	Interventional Radiology	02/27/2020  12:00:00 AM	02/11/2020  12:00:00 AM	Urgent
10066	Electrophysiology	02/27/2020  12:00:00 AM	02/26/2020  12:00:00 AM	Urgent
10067	Thoracic	02/27/2020  12:00:00 AM	02/16/2020  12:00:00 AM	Elective
10068	Cardiac	02/27/2020  12:00:00 AM	02/11/2020  12:00:00 AM	Elective
10069	Gastroenterology	02/27/2020  12:00:00 AM	02/08/2020  12:00:00 AM	Urgent
10070	Obstetrics	02/27/2020  12:00:00 AM	02/13/2020  12:00:00 AM	Elective
10071	Gastroenterology	02/27/2020  12:00:00 AM	02/21/2020  12:00:00 AM	Urgent
10072	Pain	02/27/2020  12:00:00 AM	02/12/2020  12:00:00 AM	Urgent
10073	Neuroradiology	02/27/2020  12:00:00 AM	02/18/2020  12:00:00 AM	Elective
10074	Neuroradiology	02/27/2020  12:00:00 AM	02/15/2020  12:00:00 AM	Urgent
10075	Gastroenterology	02/27/2020  12:00:00 AM	02/21/2020  12:00:00 AM	Elective
10076	Electroconvulsive Therapy	02/27/2020  12:00:00 AM	02/22/2020  12:00:00 AM	Elective
10077	Pulmonary	02/27/2020  12:00:00 AM	02/08/2020  12:00:00 AM	Urgent
10078	Dental	02/27/2020  12:00:00 AM	02/10/2020  12:00:00 AM	Elective
10079	Neurosurgery	02/27/2020  12:00:00 AM	02/20/2020  12:00:00 AM	Urgent
10080	Dental	02/27/2020  12:00:00 AM	02/17/2020  12:00:00 AM	Elective
10081	Hepatology	02/27/2020  12:00:00 AM	02/23/2020  12:00:00 AM	Urgent
10082	Dental	02/27/2020  12:00:00 AM	02/26/2020  12:00:00 AM	Elective
10083	General	02/27/2020  12:00:00 AM	02/22/2020  12:00:00 AM	Elective
10084	Thoracic	02/27/2020  12:00:00 AM	02/11/2020  12:00:00 AM	Elective
10085	Electrophysiology	02/27/2020  12:00:00 AM	02/09/2020  12:00:00 AM	Elective
10086	Pulmonary	02/27/2020  12:00:00 AM	02/25/2020  12:00:00 AM	Elective
10087	Vascular	02/27/2020  12:00:00 AM	02/18/2020  12:00:00 AM	Urgent
10088	Obstetrics	02/27/2020  12:00:00 AM	02/26/2020  12:00:00 AM	Urgent
10089	Interventional Radiology	02/27/2020  12:00:00 AM	02/14/2020  12:00:00 AM	Urgent
10090	General	02/27/2020  12:00:00 AM	02/18/2020  12:00:00 AM	Elective
10091	Ophthalmology	02/27/2020  12:00:00 AM	02/12/2020  12:00:00 AM	Elective
10092	Podiatry	02/27/2020  12:00:00 AM	02/14/2020  12:00:00 AM	Elective
10093	Interventional Radiology	02/27/2020  12:00:00 AM	02/21/2020  12:00:00 AM	Urgent
10094	Podiatry	02/27/2020  12:00:00 AM	02/22/2020  12:00:00 AM	Elective
10095	Dental	02/27/2020  12:00:00 AM	02/21/2020  12:00:00 AM	Urgent
10096	Obstetrics	02/27/2020  12:00:00 AM	02/08/2020  12:00:00 AM	Urgent
10097	General	02/27/2020  12:00:00 AM	02/25/2020  12:00:00 AM	Urgent
10098	Dental	02/27/2020  12:00:00 AM	02/08/2020  12:00:00 AM	Urgent
10099	Hepatology	02/27/2020  12:00:00 AM	02/26/2020  12:00:00 AM	Elective
10100	Electrophysiology	02/27/2020  12:00:00 AM	02/15/2020  12:00:00 AM	Elective
10101	Pulmonary	02/27/2020  12:00:00 AM	02/26/2020  12:00:00 AM	Urgent
10102	Podiatry	02/27/2020  12:00:00 AM	02/21/2020  12:00:00 AM	Elective
10103	Interventional Radiology	02/27/2020  12:00:00 AM	02/21/2020  12:00:00 AM	Urgent
10104	Thoracic	02/27/2020  12:00:00 AM	02/11/2020  12:00:00 AM	Elective
10105	General	02/27/2020  12:00:00 AM	02/20/2020  12:00:00 AM	Elective
10106	General	02/27/2020  12:00:00 AM	02/18/2020  12:00:00 AM	Elective
10107	Ophthalmology	02/27/2020  12:00:00 AM	02/15/2020  12:00:00 AM	Elective
10108	Electrophysiology	02/27/2020  12:00:00 AM	02/11/2020  12:00:00 AM	Urgent
10109	Dental	02/27/2020  12:00:00 AM	02/20/2020  12:00:00 AM	Elective
10110	Podiatry	02/27/2020  12:00:00 AM	02/22/2020  12:00:00 AM	Elective
10111	Obstetrics	02/27/2020  12:00:00 AM	02/26/2020  12:00:00 AM	Urgent
10112	Electroconvulsive Therapy	02/27/2020  12:00:00 AM	02/13/2020  12:00:00 AM	Urgent
10113	Vascular	02/27/2020  12:00:00 AM	02/21/2020  12:00:00 AM	Urgent
10114	Thoracic	02/27/2020  12:00:00 AM	02/17/2020  12:00:00 AM	Elective
10115	Electrophysiology	02/27/2020  12:00:00 AM	02/20/2020  12:00:00 AM	Urgent
10116	Electrophysiology	02/27/2020  12:00:00 AM	02/10/2020  12:00:00 AM	Elective
10117	Cardiac	02/27/2020  12:00:00 AM	02/12/2020  12:00:00 AM	Urgent
10118	Hepatology	02/27/2020  12:00:00 AM	02/14/2020  12:00:00 AM	Urgent
10119	Thoracic	02/27/2020  12:00:00 AM	02/21/2020  12:00:00 AM	Urgent
10120	Pulmonary	02/27/2020  12:00:00 AM	02/17/2020  12:00:00 AM	Elective
10121	Vascular	02/27/2020  12:00:00 AM	02/09/2020  12:00:00 AM	Elective
10122	General	02/27/2020  12:00:00 AM	02/16/2020  12:00:00 AM	Urgent
10123	Urology	02/27/2020  12:00:00 AM	02/08/2020  12:00:00 AM	Elective
10124	Pulmonary	02/27/2020  12:00:00 AM	02/18/2020  12:00:00 AM	Urgent
10125	Interventional Radiology	02/27/2020  12:00:00 AM	02/16/2020  12:00:00 AM	Urgent
10126	Urology	02/27/2020  12:00:00 AM	02/20/2020  12:00:00 AM	Elective
10127	Urology	02/27/2020  12:00:00 AM	02/23/2020  12:00:00 AM	Urgent
10128	Pain	02/27/2020  12:00:00 AM	02/22/2020  12:00:00 AM	Elective
10129	Electroconvulsive Therapy	02/27/2020  12:00:00 AM	02/11/2020  12:00:00 AM	Elective
10130	Orthopedics	02/27/2020  12:00:00 AM	02/25/2020  12:00:00 AM	Urgent
10131	Electrophysiology	02/27/2020  12:00:00 AM	02/08/2020  12:00:00 AM	Elective
10132	Ophthalmology	02/27/2020  12:00:00 AM	02/16/2020  12:00:00 AM	Urgent
10133	Ophthalmology	02/27/2020  12:00:00 AM	02/08/2020  12:00:00 AM	Urgent
10134	Electroconvulsive Therapy	02/27/2020  12:00:00 AM	02/25/2020  12:00:00 AM	Urgent
10135	Electroconvulsive Therapy	02/27/2020  12:00:00 AM	02/25/2020  12:00:00 AM	Urgent
10136	Electrophysiology	02/27/2020  12:00:00 AM	02/17/2020  12:00:00 AM	Urgent
10137	Pain	02/27/2020  12:00:00 AM	02/14/2020  12:00:00 AM	Urgent
10138	Gynecology	02/27/2020  12:00:00 AM	02/08/2020  12:00:00 AM	Elective
10139	Gynecology	02/27/2020  12:00:00 AM	02/16/2020  12:00:00 AM	Urgent
10140	Thoracic	02/27/2020  12:00:00 AM	02/13/2020  12:00:00 AM	Urgent
10141	Pain	02/27/2020  12:00:00 AM	02/16/2020  12:00:00 AM	Elective
10142	Electrophysiology	02/27/2020  12:00:00 AM	02/09/2020  12:00:00 AM	Urgent
10143	Gastroenterology	02/27/2020  12:00:00 AM	02/15/2020  12:00:00 AM	Elective
10144	Gastroenterology	02/27/2020  12:00:00 AM	02/19/2020  12:00:00 AM	Urgent
10145	Plastics	02/27/2020  12:00:00 AM	02/20/2020  12:00:00 AM	Urgent
10146	Interventional Radiology	02/27/2020  12:00:00 AM	02/10/2020  12:00:00 AM	Urgent
10147	Hepatology	02/27/2020  12:00:00 AM	02/16/2020  12:00:00 AM	Urgent
10148	Ophthalmology	02/27/2020  12:00:00 AM	02/13/2020  12:00:00 AM	Elective
10149	Podiatry	02/27/2020  12:00:00 AM	02/15/2020  12:00:00 AM	Urgent
10150	Neurosurgery	02/27/2020  12:00:00 AM	02/19/2020  12:00:00 AM	Urgent
10151	Podiatry	02/27/2020  12:00:00 AM	02/08/2020  12:00:00 AM	Urgent
10152	Ophthalmology	02/27/2020  12:00:00 AM	02/23/2020  12:00:00 AM	Urgent
10153	Neuroradiology	02/27/2020  12:00:00 AM	02/25/2020  12:00:00 AM	Urgent
10154	Orthopedics	02/27/2020  12:00:00 AM	02/12/2020  12:00:00 AM	Elective
10155	Gastroenterology	02/27/2020  12:00:00 AM	02/24/2020  12:00:00 AM	Elective
10156	Neuroradiology	02/27/2020  12:00:00 AM	02/25/2020  12:00:00 AM	Elective
10157	Podiatry	02/27/2020  12:00:00 AM	02/25/2020  12:00:00 AM	Elective
10158	Electrophysiology	02/27/2020  12:00:00 AM	02/18/2020  12:00:00 AM	Elective
10159	Interventional Radiology	02/27/2020  12:00:00 AM	02/21/2020  12:00:00 AM	Urgent
10160	Neurosurgery	02/27/2020  12:00:00 AM	02/26/2020  12:00:00 AM	Urgent
10161	Vascular	02/27/2020  12:00:00 AM	02/23/2020  12:00:00 AM	Elective
10162	Vascular	02/27/2020  12:00:00 AM	02/13/2020  12:00:00 AM	Urgent
10163	Interventional Radiology	02/27/2020  12:00:00 AM	02/22/2020  12:00:00 AM	Elective
10164	Neuroradiology	02/27/2020  12:00:00 AM	02/15/2020  12:00:00 AM	Elective
10165	General	02/27/2020  12:00:00 AM	02/13/2020  12:00:00 AM	Elective
10166	Electrophysiology	02/27/2020  12:00:00 AM	02/25/2020  12:00:00 AM	Urgent
10167	Neurosurgery	02/27/2020  12:00:00 AM	02/26/2020  12:00:00 AM	Elective
10168	General	02/27/2020  12:00:00 AM	02/23/2020  12:00:00 AM	Elective
10169	Gynecology	02/27/2020  12:00:00 AM	02/10/2020  12:00:00 AM	Urgent
10170	Gastroenterology	02/27/2020  12:00:00 AM	02/13/2020  12:00:00 AM	Urgent
10171	Hepatology	02/27/2020  12:00:00 AM	02/12/2020  12:00:00 AM	Elective
10172	Hepatology	02/27/2020  12:00:00 AM	02/09/2020  12:00:00 AM	Urgent
10173	Electrophysiology	02/27/2020  12:00:00 AM	02/23/2020  12:00:00 AM	Elective
10174	Pain	02/27/2020  12:00:00 AM	02/17/2020  12:00:00 AM	Urgent
10175	Vascular	02/27/2020  12:00:00 AM	02/26/2020  12:00:00 AM	Elective
10176	Cardiac	02/27/2020  12:00:00 AM	02/19/2020  12:00:00 AM	Urgent
10177	Obstetrics	02/27/2020  12:00:00 AM	02/11/2020  12:00:00 AM	Urgent
10178	Obstetrics	02/27/2020  12:00:00 AM	02/11/2020  12:00:00 AM	Urgent
10179	Thoracic	02/27/2020  12:00:00 AM	02/19/2020  12:00:00 AM	Elective
10180	Neuroradiology	02/27/2020  12:00:00 AM	02/26/2020  12:00:00 AM	Urgent
10181	Gastroenterology	02/27/2020  12:00:00 AM	02/13/2020  12:00:00 AM	Urgent
10182	Neuroradiology	02/27/2020  12:00:00 AM	02/16/2020  12:00:00 AM	Elective
10183	Electroconvulsive Therapy	02/27/2020  12:00:00 AM	02/26/2020  12:00:00 AM	Urgent
10184	Gynecology	02/27/2020  12:00:00 AM	02/11/2020  12:00:00 AM	Elective
10185	Thoracic	02/27/2020  12:00:00 AM	02/18/2020  12:00:00 AM	Urgent
10186	Gastroenterology	02/27/2020  12:00:00 AM	02/19/2020  12:00:00 AM	Elective
10187	Thoracic	02/27/2020  12:00:00 AM	02/24/2020  12:00:00 AM	Elective
10188	Dental	02/27/2020  12:00:00 AM	02/23/2020  12:00:00 AM	Urgent
10189	Pain	02/27/2020  12:00:00 AM	02/24/2020  12:00:00 AM	Urgent
10190	Podiatry	02/27/2020  12:00:00 AM	02/09/2020  12:00:00 AM	Elective
10191	Podiatry	02/27/2020  12:00:00 AM	02/11/2020  12:00:00 AM	Urgent
10192	Neuroradiology	02/27/2020  12:00:00 AM	02/12/2020  12:00:00 AM	Urgent
10193	Neuroradiology	02/27/2020  12:00:00 AM	02/10/2020  12:00:00 AM	Urgent
10194	Podiatry	02/27/2020  12:00:00 AM	02/25/2020  12:00:00 AM	Urgent
10195	Plastics	02/27/2020  12:00:00 AM	02/19/2020  12:00:00 AM	Urgent
10196	Electrophysiology	02/27/2020  12:00:00 AM	02/19/2020  12:00:00 AM	Urgent
10197	Neuroradiology	02/27/2020  12:00:00 AM	02/16/2020  12:00:00 AM	Urgent
10198	Neuroradiology	02/27/2020  12:00:00 AM	02/20/2020  12:00:00 AM	Urgent
10199	Electroconvulsive Therapy	02/27/2020  12:00:00 AM	02/22/2020  12:00:00 AM	Urgent
10200	Electroconvulsive Therapy	02/27/2020  12:00:00 AM	02/24/2020  12:00:00 AM	Elective
10201	Obstetrics	02/27/2020  12:00:00 AM	02/17/2020  12:00:00 AM	Elective
10202	Gynecology	02/27/2020  12:00:00 AM	02/13/2020  12:00:00 AM	Elective
10203	Dental	02/27/2020  12:00:00 AM	02/09/2020  12:00:00 AM	Elective
10204	Podiatry	02/27/2020  12:00:00 AM	02/14/2020  12:00:00 AM	Elective
10205	Podiatry	02/27/2020  12:00:00 AM	02/24/2020  12:00:00 AM	Elective
10206	Neurosurgery	02/27/2020  12:00:00 AM	02/13/2020  12:00:00 AM	Urgent
10207	Gynecology	02/27/2020  12:00:00 AM	02/24/2020  12:00:00 AM	Elective
10208	Hepatology	02/27/2020  12:00:00 AM	02/16/2020  12:00:00 AM	Urgent
10209	Cardiac	02/27/2020  12:00:00 AM	02/19/2020  12:00:00 AM	Elective
10210	General	02/27/2020  12:00:00 AM	02/14/2020  12:00:00 AM	Urgent
10211	Neuroradiology	02/27/2020  12:00:00 AM	02/11/2020  12:00:00 AM	Urgent
10212	Podiatry	02/27/2020  12:00:00 AM	02/23/2020  12:00:00 AM	Urgent
10213	Ophthalmology	02/27/2020  12:00:00 AM	02/11/2020  12:00:00 AM	Elective
10214	Obstetrics	02/27/2020  12:00:00 AM	02/25/2020  12:00:00 AM	Elective
10215	Gynecology	02/27/2020  12:00:00 AM	02/22/2020  12:00:00 AM	Elective
10216	Thoracic	02/27/2020  12:00:00 AM	02/26/2020  12:00:00 AM	Urgent
10217	Podiatry	02/27/2020  12:00:00 AM	02/08/2020  12:00:00 AM	Urgent
10218	Hepatology	02/27/2020  12:00:00 AM	02/09/2020  12:00:00 AM	Elective
10219	Interventional Radiology	02/27/2020  12:00:00 AM	02/12/2020  12:00:00 AM	Elective
10220	Ophthalmology	02/27/2020  12:00:00 AM	02/17/2020  12:00:00 AM	Urgent
10221	Electroconvulsive Therapy	02/27/2020  12:00:00 AM	02/13/2020  12:00:00 AM	Elective
10222	Gastroenterology	02/27/2020  12:00:00 AM	02/08/2020  12:00:00 AM	Urgent
10223	Neurosurgery	02/27/2020  12:00:00 AM	02/23/2020  12:00:00 AM	Urgent
10224	Pain	02/27/2020  12:00:00 AM	02/19/2020  12:00:00 AM	Elective
10225	Electroconvulsive Therapy	02/27/2020  12:00:00 AM	02/15/2020  12:00:00 AM	Urgent
10226	Podiatry	02/27/2020  12:00:00 AM	02/19/2020  12:00:00 AM	Elective
10227	General	02/27/2020  12:00:00 AM	02/19/2020  12:00:00 AM	Urgent
10228	Pain	02/27/2020  12:00:00 AM	02/20/2020  12:00:00 AM	Urgent
10229	Orthopedics	02/27/2020  12:00:00 AM	02/23/2020  12:00:00 AM	Urgent
10230	Orthopedics	02/27/2020  12:00:00 AM	02/19/2020  12:00:00 AM	Urgent
10231	General	02/27/2020  12:00:00 AM	02/13/2020  12:00:00 AM	Urgent
10232	Vascular	02/27/2020  12:00:00 AM	02/16/2020  12:00:00 AM	Urgent
10233	Neurosurgery	02/27/2020  12:00:00 AM	02/08/2020  12:00:00 AM	Elective
10234	Interventional Radiology	02/27/2020  12:00:00 AM	02/24/2020  12:00:00 AM	Elective
10235	Ophthalmology	02/27/2020  12:00:00 AM	02/25/2020  12:00:00 AM	Elective
10236	Pain	02/27/2020  12:00:00 AM	02/22/2020  12:00:00 AM	Elective
10237	Dental	02/27/2020  12:00:00 AM	02/25/2020  12:00:00 AM	Elective
10238	Electroconvulsive Therapy	02/27/2020  12:00:00 AM	02/11/2020  12:00:00 AM	Urgent
10239	Obstetrics	02/27/2020  12:00:00 AM	02/10/2020  12:00:00 AM	Elective
10240	Electroconvulsive Therapy	02/27/2020  12:00:00 AM	02/08/2020  12:00:00 AM	Urgent
10241	Gastroenterology	02/27/2020  12:00:00 AM	02/19/2020  12:00:00 AM	Urgent
10242	Electrophysiology	02/27/2020  12:00:00 AM	02/22/2020  12:00:00 AM	Urgent
10243	Orthopedics	02/27/2020  12:00:00 AM	02/14/2020  12:00:00 AM	Elective
10244	Gastroenterology	02/27/2020  12:00:00 AM	02/22/2020  12:00:00 AM	Urgent
10245	Vascular	02/27/2020  12:00:00 AM	02/11/2020  12:00:00 AM	Urgent
10246	General	02/27/2020  12:00:00 AM	02/09/2020  12:00:00 AM	Elective
10247	Vascular	02/27/2020  12:00:00 AM	02/17/2020  12:00:00 AM	Elective
10248	Obstetrics	02/27/2020  12:00:00 AM	02/22/2020  12:00:00 AM	Elective
10249	Ophthalmology	02/27/2020  12:00:00 AM	02/20/2020  12:00:00 AM	Elective
10250	Podiatry	02/27/2020  12:00:00 AM	02/11/2020  12:00:00 AM	Elective
10251	Electroconvulsive Therapy	02/27/2020  12:00:00 AM	02/15/2020  12:00:00 AM	Urgent
10252	Neurosurgery	02/27/2020  12:00:00 AM	02/26/2020  12:00:00 AM	Urgent
10253	Neuroradiology	02/27/2020  12:00:00 AM	02/08/2020  12:00:00 AM	Urgent
10254	Obstetrics	02/27/2020  12:00:00 AM	02/25/2020  12:00:00 AM	Urgent
10255	Hepatology	02/27/2020  12:00:00 AM	02/14/2020  12:00:00 AM	Urgent
10256	Urology	02/27/2020  12:00:00 AM	02/10/2020  12:00:00 AM	Urgent
10257	Cardiac	02/27/2020  12:00:00 AM	02/10/2020  12:00:00 AM	Elective
10258	Neurosurgery	02/27/2020  12:00:00 AM	02/26/2020  12:00:00 AM	Elective
10259	Hepatology	02/27/2020  12:00:00 AM	02/15/2020  12:00:00 AM	Urgent
10260	Neuroradiology	02/27/2020  12:00:00 AM	02/09/2020  12:00:00 AM	Elective
10261	Electrophysiology	02/27/2020  12:00:00 AM	02/20/2020  12:00:00 AM	Urgent
10262	Plastics	02/27/2020  12:00:00 AM	02/15/2020  12:00:00 AM	Elective
10263	Ophthalmology	02/27/2020  12:00:00 AM	02/15/2020  12:00:00 AM	Urgent
10264	Orthopedics	02/27/2020  12:00:00 AM	02/23/2020  12:00:00 AM	Urgent
10265	Hepatology	02/27/2020  12:00:00 AM	02/24/2020  12:00:00 AM	Elective
10266	Gastroenterology	02/27/2020  12:00:00 AM	02/14/2020  12:00:00 AM	Urgent
10267	Orthopedics	02/27/2020  12:00:00 AM	02/19/2020  12:00:00 AM	Elective
10268	Gynecology	02/27/2020  12:00:00 AM	02/10/2020  12:00:00 AM	Elective
10269	Electrophysiology	02/27/2020  12:00:00 AM	02/25/2020  12:00:00 AM	Elective
10270	Gastroenterology	02/27/2020  12:00:00 AM	02/13/2020  12:00:00 AM	Elective
10271	Orthopedics	02/27/2020  12:00:00 AM	02/17/2020  12:00:00 AM	Urgent
10272	Neurosurgery	02/27/2020  12:00:00 AM	02/20/2020  12:00:00 AM	Urgent
10273	Gynecology	02/27/2020  12:00:00 AM	02/11/2020  12:00:00 AM	Urgent
10274	Podiatry	02/27/2020  12:00:00 AM	02/14/2020  12:00:00 AM	Elective
10275	Obstetrics	02/27/2020  12:00:00 AM	02/09/2020  12:00:00 AM	Elective
10276	Urology	02/27/2020  12:00:00 AM	02/12/2020  12:00:00 AM	Urgent
10277	Gynecology	02/27/2020  12:00:00 AM	02/23/2020  12:00:00 AM	Elective
10278	Cardiac	02/27/2020  12:00:00 AM	02/18/2020  12:00:00 AM	Elective
10279	Pain	02/27/2020  12:00:00 AM	02/23/2020  12:00:00 AM	Urgent
10280	Cardiac	02/27/2020  12:00:00 AM	02/19/2020  12:00:00 AM	Urgent
10281	Electroconvulsive Therapy	02/27/2020  12:00:00 AM	02/25/2020  12:00:00 AM	Urgent
10282	Plastics	02/27/2020  12:00:00 AM	02/18/2020  12:00:00 AM	Elective
10283	Podiatry	02/27/2020  12:00:00 AM	02/19/2020  12:00:00 AM	Urgent
10284	Obstetrics	02/27/2020  12:00:00 AM	02/16/2020  12:00:00 AM	Urgent
10285	Podiatry	02/27/2020  12:00:00 AM	02/08/2020  12:00:00 AM	Urgent
10286	Pain	02/27/2020  12:00:00 AM	02/17/2020  12:00:00 AM	Urgent
10287	Neuroradiology	02/27/2020  12:00:00 AM	02/20/2020  12:00:00 AM	Urgent
10288	Pulmonary	02/27/2020  12:00:00 AM	02/10/2020  12:00:00 AM	Urgent
10289	Vascular	02/27/2020  12:00:00 AM	02/18/2020  12:00:00 AM	Urgent
10290	Gynecology	02/27/2020  12:00:00 AM	02/09/2020  12:00:00 AM	Elective
10291	Urology	02/27/2020  12:00:00 AM	02/25/2020  12:00:00 AM	Elective
10292	Neurosurgery	02/27/2020  12:00:00 AM	02/21/2020  12:00:00 AM	Urgent
10293	Plastics	02/27/2020  12:00:00 AM	02/24/2020  12:00:00 AM	Urgent
10294	Dental	02/27/2020  12:00:00 AM	02/10/2020  12:00:00 AM	Urgent
10295	Pulmonary	02/27/2020  12:00:00 AM	02/25/2020  12:00:00 AM	Urgent
10296	Ophthalmology	02/27/2020  12:00:00 AM	02/11/2020  12:00:00 AM	Elective
10297	Vascular	02/27/2020  12:00:00 AM	02/18/2020  12:00:00 AM	Elective
10298	Interventional Radiology	02/27/2020  12:00:00 AM	02/25/2020  12:00:00 AM	Elective
10299	Pain	02/27/2020  12:00:00 AM	02/19/2020  12:00:00 AM	Urgent
10300	Interventional Radiology	02/27/2020  12:00:00 AM	02/21/2020  12:00:00 AM	Elective
10301	Pain	02/27/2020  12:00:00 AM	02/09/2020  12:00:00 AM	Elective
10302	Vascular	02/27/2020  12:00:00 AM	02/16/2020  12:00:00 AM	Elective
10303	Orthopedics	02/27/2020  12:00:00 AM	02/14/2020  12:00:00 AM	Urgent
10304	Podiatry	02/27/2020  12:00:00 AM	02/21/2020  12:00:00 AM	Urgent
10305	Vascular	02/27/2020  12:00:00 AM	02/21/2020  12:00:00 AM	Elective
10306	Cardiac	02/27/2020  12:00:00 AM	02/10/2020  12:00:00 AM	Elective
10307	Electrophysiology	02/27/2020  12:00:00 AM	02/17/2020  12:00:00 AM	Elective
10308	Urology	02/27/2020  12:00:00 AM	02/23/2020  12:00:00 AM	Urgent
10309	Plastics	02/27/2020  12:00:00 AM	02/23/2020  12:00:00 AM	Elective
10310	Ophthalmology	02/27/2020  12:00:00 AM	02/23/2020  12:00:00 AM	Urgent
10311	Neurosurgery	02/27/2020  12:00:00 AM	02/25/2020  12:00:00 AM	Urgent
10312	Gynecology	02/27/2020  12:00:00 AM	02/25/2020  12:00:00 AM	Elective
10313	Gynecology	02/27/2020  12:00:00 AM	02/24/2020  12:00:00 AM	Urgent
10314	Orthopedics	02/27/2020  12:00:00 AM	02/08/2020  12:00:00 AM	Elective
10315	Plastics	02/27/2020  12:00:00 AM	02/26/2020  12:00:00 AM	Elective
10316	Plastics	02/27/2020  12:00:00 AM	02/11/2020  12:00:00 AM	Elective
10317	Orthopedics	02/27/2020  12:00:00 AM	02/17/2020  12:00:00 AM	Elective
10318	Thoracic	02/27/2020  12:00:00 AM	02/09/2020  12:00:00 AM	Elective
10319	Pain	02/27/2020  12:00:00 AM	02/22/2020  12:00:00 AM	Urgent
10320	Thoracic	02/27/2020  12:00:00 AM	02/26/2020  12:00:00 AM	Urgent
10321	Orthopedics	02/27/2020  12:00:00 AM	02/12/2020  12:00:00 AM	Elective
10322	Electroconvulsive Therapy	02/27/2020  12:00:00 AM	02/26/2020  12:00:00 AM	Elective
10323	Dental	02/27/2020  12:00:00 AM	02/09/2020  12:00:00 AM	Urgent
10324	Gastroenterology	02/27/2020  12:00:00 AM	02/16/2020  12:00:00 AM	Elective
10325	Interventional Radiology	02/27/2020  12:00:00 AM	02/21/2020  12:00:00 AM	Urgent
10326	Gastroenterology	02/27/2020  12:00:00 AM	02/13/2020  12:00:00 AM	Urgent
10327	Hepatology	02/27/2020  12:00:00 AM	02/23/2020  12:00:00 AM	Urgent
10328	Electroconvulsive Therapy	02/27/2020  12:00:00 AM	02/23/2020  12:00:00 AM	Urgent
10329	Hepatology	02/27/2020  12:00:00 AM	02/18/2020  12:00:00 AM	Urgent
10330	Ophthalmology	02/27/2020  12:00:00 AM	02/25/2020  12:00:00 AM	Urgent
10331	Pulmonary	02/27/2020  12:00:00 AM	02/11/2020  12:00:00 AM	Urgent
10332	Hepatology	02/27/2020  12:00:00 AM	02/26/2020  12:00:00 AM	Urgent
10333	Electroconvulsive Therapy	02/27/2020  12:00:00 AM	02/22/2020  12:00:00 AM	Urgent
10334	Hepatology	02/27/2020  12:00:00 AM	02/26/2020  12:00:00 AM	Elective
10335	Pulmonary	02/27/2020  12:00:00 AM	02/09/2020  12:00:00 AM	Urgent
10336	Orthopedics	02/27/2020  12:00:00 AM	02/19/2020  12:00:00 AM	Elective
10337	Electrophysiology	02/27/2020  12:00:00 AM	02/16/2020  12:00:00 AM	Urgent
10338	General	02/27/2020  12:00:00 AM	02/12/2020  12:00:00 AM	Urgent
10339	Plastics	02/27/2020  12:00:00 AM	02/26/2020  12:00:00 AM	Urgent
10340	Dental	02/27/2020  12:00:00 AM	02/14/2020  12:00:00 AM	Urgent
10341	Interventional Radiology	02/27/2020  12:00:00 AM	02/25/2020  12:00:00 AM	Elective
10342	Electrophysiology	02/27/2020  12:00:00 AM	02/17/2020  12:00:00 AM	Urgent
10343	Cardiac	02/27/2020  12:00:00 AM	02/19/2020  12:00:00 AM	Elective
10344	Electroconvulsive Therapy	02/27/2020  12:00:00 AM	02/20/2020  12:00:00 AM	Urgent
10345	Cardiac	02/27/2020  12:00:00 AM	02/19/2020  12:00:00 AM	Elective
10346	Plastics	02/27/2020  12:00:00 AM	02/14/2020  12:00:00 AM	Urgent
10347	Dental	02/27/2020  12:00:00 AM	02/09/2020  12:00:00 AM	Urgent
10348	Urology	02/27/2020  12:00:00 AM	02/09/2020  12:00:00 AM	Urgent
10349	Electrophysiology	02/27/2020  12:00:00 AM	02/11/2020  12:00:00 AM	Urgent
10350	Plastics	02/27/2020  12:00:00 AM	02/12/2020  12:00:00 AM	Elective
10351	Electrophysiology	02/27/2020  12:00:00 AM	02/16/2020  12:00:00 AM	Urgent
10352	Urology	02/27/2020  12:00:00 AM	02/16/2020  12:00:00 AM	Urgent
10353	Plastics	02/27/2020  12:00:00 AM	02/09/2020  12:00:00 AM	Urgent
10354	Dental	02/27/2020  12:00:00 AM	02/20/2020  12:00:00 AM	Urgent
10355	Vascular	02/27/2020  12:00:00 AM	02/20/2020  12:00:00 AM	Urgent
10356	Gastroenterology	02/27/2020  12:00:00 AM	02/13/2020  12:00:00 AM	Elective
10357	Neuroradiology	02/27/2020  12:00:00 AM	02/14/2020  12:00:00 AM	Elective
10358	Vascular	02/27/2020  12:00:00 AM	02/26/2020  12:00:00 AM	Elective
10359	Electrophysiology	02/27/2020  12:00:00 AM	02/18/2020  12:00:00 AM	Urgent
10360	Electroconvulsive Therapy	02/27/2020  12:00:00 AM	02/21/2020  12:00:00 AM	Urgent
10361	Orthopedics	02/27/2020  12:00:00 AM	02/13/2020  12:00:00 AM	Urgent
10362	Hepatology	02/27/2020  12:00:00 AM	02/26/2020  12:00:00 AM	Urgent
10363	Neuroradiology	02/27/2020  12:00:00 AM	02/20/2020  12:00:00 AM	Urgent
10364	Hepatology	02/27/2020  12:00:00 AM	02/09/2020  12:00:00 AM	Elective
10365	Obstetrics	02/27/2020  12:00:00 AM	02/15/2020  12:00:00 AM	Elective
10366	Electrophysiology	02/27/2020  12:00:00 AM	02/14/2020  12:00:00 AM	Urgent
10367	Obstetrics	02/27/2020  12:00:00 AM	02/11/2020  12:00:00 AM	Urgent
10368	Thoracic	02/27/2020  12:00:00 AM	02/16/2020  12:00:00 AM	Elective
10369	Obstetrics	02/27/2020  12:00:00 AM	02/12/2020  12:00:00 AM	Elective
10370	Dental	02/27/2020  12:00:00 AM	02/09/2020  12:00:00 AM	Urgent
10371	Gastroenterology	02/27/2020  12:00:00 AM	02/20/2020  12:00:00 AM	Elective
10372	Dental	02/27/2020  12:00:00 AM	02/23/2020  12:00:00 AM	Elective
10373	Urology	02/27/2020  12:00:00 AM	02/12/2020  12:00:00 AM	Elective
10374	Electroconvulsive Therapy	02/27/2020  12:00:00 AM	02/22/2020  12:00:00 AM	Urgent
10375	Pain	02/27/2020  12:00:00 AM	02/12/2020  12:00:00 AM	Urgent
10376	Gynecology	02/27/2020  12:00:00 AM	02/11/2020  12:00:00 AM	Elective
10377	Ophthalmology	02/27/2020  12:00:00 AM	02/20/2020  12:00:00 AM	Elective
10378	Plastics	02/27/2020  12:00:00 AM	02/09/2020  12:00:00 AM	Urgent
10379	Ophthalmology	02/27/2020  12:00:00 AM	02/12/2020  12:00:00 AM	Urgent
10380	Hepatology	02/27/2020  12:00:00 AM	02/11/2020  12:00:00 AM	Urgent
10381	Interventional Radiology	02/27/2020  12:00:00 AM	02/25/2020  12:00:00 AM	Urgent
10382	Neurosurgery	02/27/2020  12:00:00 AM	02/08/2020  12:00:00 AM	Elective
10383	Podiatry	02/27/2020  12:00:00 AM	02/25/2020  12:00:00 AM	Urgent
10384	Electrophysiology	02/27/2020  12:00:00 AM	02/19/2020  12:00:00 AM	Elective
10385	Urology	02/27/2020  12:00:00 AM	02/25/2020  12:00:00 AM	Urgent
10386	Electrophysiology	02/27/2020  12:00:00 AM	02/22/2020  12:00:00 AM	Elective
10387	Ophthalmology	02/27/2020  12:00:00 AM	02/10/2020  12:00:00 AM	Elective
10388	Electrophysiology	02/27/2020  12:00:00 AM	02/23/2020  12:00:00 AM	Elective
10389	Thoracic	02/27/2020  12:00:00 AM	02/09/2020  12:00:00 AM	Elective
10390	Ophthalmology	02/27/2020  12:00:00 AM	02/10/2020  12:00:00 AM	Elective
10391	Gastroenterology	02/27/2020  12:00:00 AM	02/08/2020  12:00:00 AM	Elective
10392	Podiatry	02/27/2020  12:00:00 AM	02/08/2020  12:00:00 AM	Urgent
10393	Podiatry	02/27/2020  12:00:00 AM	02/20/2020  12:00:00 AM	Urgent
10394	Neurosurgery	02/27/2020  12:00:00 AM	02/09/2020  12:00:00 AM	Elective
10395	Dental	02/27/2020  12:00:00 AM	02/21/2020  12:00:00 AM	Elective
10396	Hepatology	02/27/2020  12:00:00 AM	02/10/2020  12:00:00 AM	Elective
10397	Neuroradiology	02/27/2020  12:00:00 AM	02/09/2020  12:00:00 AM	Elective
10398	Orthopedics	02/27/2020  12:00:00 AM	02/26/2020  12:00:00 AM	Elective
10399	Vascular	02/27/2020  12:00:00 AM	02/18/2020  12:00:00 AM	Urgent
10400	Gynecology	02/27/2020  12:00:00 AM	02/15/2020  12:00:00 AM	Urgent
10401	Electrophysiology	02/27/2020  12:00:00 AM	02/13/2020  12:00:00 AM	Elective
10402	Neurosurgery	02/27/2020  12:00:00 AM	02/26/2020  12:00:00 AM	Urgent
10403	Urology	02/27/2020  12:00:00 AM	02/17/2020  12:00:00 AM	Elective
10404	Neurosurgery	02/27/2020  12:00:00 AM	02/23/2020  12:00:00 AM	Urgent
10405	Plastics	02/27/2020  12:00:00 AM	02/10/2020  12:00:00 AM	Elective
10406	Pain	02/27/2020  12:00:00 AM	02/17/2020  12:00:00 AM	Urgent
10407	Gynecology	02/27/2020  12:00:00 AM	02/23/2020  12:00:00 AM	Elective
10408	Vascular	02/27/2020  12:00:00 AM	02/26/2020  12:00:00 AM	Urgent
10409	Electrophysiology	02/27/2020  12:00:00 AM	02/09/2020  12:00:00 AM	Urgent
10410	Plastics	02/27/2020  12:00:00 AM	02/21/2020  12:00:00 AM	Urgent
10411	Ophthalmology	02/27/2020  12:00:00 AM	02/13/2020  12:00:00 AM	Elective
10412	Plastics	02/27/2020  12:00:00 AM	02/19/2020  12:00:00 AM	Urgent
10413	Plastics	02/27/2020  12:00:00 AM	02/23/2020  12:00:00 AM	Elective
10414	Podiatry	02/27/2020  12:00:00 AM	02/19/2020  12:00:00 AM	Urgent
