LOG_ID	OR_SERVICE	SURGERY_DATE	FIRST_SCHED_DATE	CASE_CLASS
10001	Podiatry	12/19/2019  12:00:00 AM	12/13/2019  12:00:00 AM	Elective
10002	Electroconvulsive Therapy	12/19/2019  12:00:00 AM	12/01/2019  12:00:00 AM	Elective
10003	Electrophysiology	12/19/2019  12:00:00 AM	12/12/2019  12:00:00 AM	Elective
10004	Hepatology	12/19/2019  12:00:00 AM	12/18/2019  12:00:00 AM	Urgent
10005	Orthopedics	12/19/2019  12:00:00 AM	12/07/2019  12:00:00 AM	Elective
10006	Electrophysiology	12/19/2019  12:00:00 AM	12/04/2019  12:00:00 AM	Urgent
10007	Gynecology	12/19/2019  12:00:00 AM	12/07/2019  12:00:00 AM	Urgent
10008	Neurosurgery	12/19/2019  12:00:00 AM	12/07/2019  12:00:00 AM	Elective
10009	Vascular	12/19/2019  12:00:00 AM	12/16/2019  12:00:00 AM	Elective
10010	Hepatology	12/19/2019  12:00:00 AM	12/15/2019  12:00:00 AM	Urgent
10011	Pulmonary	12/19/2019  12:00:00 AM	12/06/2019  12:00:00 AM	Urgent
10012	Podiatry	12/19/2019  12:00:00 AM	12/16/2019  12:00:00 AM	Urgent
10013	Hepatology	12/19/2019  12:00:00 AM	12/12/2019  12:00:00 AM	Elective
10014	Neuroradiology	12/19/2019  12:00:00 AM	12/07/2019  12:00:00 AM	Elective
10015	Hepatology	12/19/2019  12:00:00 AM	12/13/2019  12:00:00 AM	Urgent
10016	General	12/19/2019  12:00:00 AM	12/10/2019  12:00:00 AM	Urgent
10017	Electroconvulsive Therapy	12/19/2019  12:00:00 AM	12/04/2019  12:00:00 AM	Urgent
10018	Neurosurgery	12/19/2019  12:00:00 AM	12/14/2019  12:00:00 AM	Elective
10019	Interventional Radiology	12/19/2019  12:00:00 AM	12/03/2019  12:00:00 AM	Elective
10020	Hepatology	12/19/2019  12:00:00 AM	12/08/2019  12:00:00 AM	Urgent
10021	Electrophysiology	12/19/2019  12:00:00 AM	12/18/2019  12:00:00 AM	Urgent
10022	Orthopedics	12/19/2019  12:00:00 AM	12/17/2019  12:00:00 AM	Urgent
10023	Ophthalmology	12/19/2019  12:00:00 AM	12/02/2019  12:00:00 AM	Elective
10024	Thoracic	12/19/2019  12:00:00 AM	12/10/2019  12:00:00 AM	Urgent
10025	Interventional Radiology	12/19/2019  12:00:00 AM	12/10/2019  12:00:00 AM	Urgent
10026	General	12/19/2019  12:00:00 AM	12/06/2019  12:00:00 AM	Elective
10027	Electroconvulsive Therapy	12/19/2019  12:00:00 AM	12/03/2019  12:00:00 AM	Urgent
10028	Vascular	12/19/2019  12:00:00 AM	12/07/2019  12:00:00 AM	Urgent
10029	Interventional Radiology	12/19/2019  12:00:00 AM	12/08/2019  12:00:00 AM	Urgent
10030	Pain	12/19/2019  12:00:00 AM	12/04/2019  12:00:00 AM	Elective
10031	Pain	12/19/2019  12:00:00 AM	12/09/2019  12:00:00 AM	Elective
10032	Podiatry	12/19/2019  12:00:00 AM	12/18/2019  12:00:00 AM	Elective
10033	Interventional Radiology	12/19/2019  12:00:00 AM	12/14/2019  12:00:00 AM	Urgent
10034	Pulmonary	12/19/2019  12:00:00 AM	12/12/2019  12:00:00 AM	Urgent
10035	Urology	12/19/2019  12:00:00 AM	12/09/2019  12:00:00 AM	Urgent
10036	Pulmonary	12/19/2019  12:00:00 AM	12/14/2019  12:00:00 AM	Urgent
10037	Podiatry	12/19/2019  12:00:00 AM	12/01/2019  12:00:00 AM	Urgent
10038	Obstetrics	12/19/2019  12:00:00 AM	12/17/2019  12:00:00 AM	Elective
10039	Hepatology	12/19/2019  12:00:00 AM	12/18/2019  12:00:00 AM	Elective
10040	Urology	12/19/2019  12:00:00 AM	12/14/2019  12:00:00 AM	Elective
10041	Obstetrics	12/19/2019  12:00:00 AM	12/07/2019  12:00:00 AM	Urgent
10042	Podiatry	12/19/2019  12:00:00 AM	12/02/2019  12:00:00 AM	Urgent
10043	Neuroradiology	12/19/2019  12:00:00 AM	12/03/2019  12:00:00 AM	Elective
10044	Neurosurgery	12/19/2019  12:00:00 AM	12/01/2019  12:00:00 AM	Elective
10045	Hepatology	12/19/2019  12:00:00 AM	12/03/2019  12:00:00 AM	Elective
10046	Pulmonary	12/19/2019  12:00:00 AM	12/14/2019  12:00:00 AM	Urgent
10047	Orthopedics	12/19/2019  12:00:00 AM	12/14/2019  12:00:00 AM	Elective
10048	Neurosurgery	12/19/2019  12:00:00 AM	12/05/2019  12:00:00 AM	Elective
10049	Vascular	12/19/2019  12:00:00 AM	11/30/2019  12:00:00 AM	Elective
10050	Obstetrics	12/19/2019  12:00:00 AM	12/10/2019  12:00:00 AM	Urgent
10051	Vascular	12/19/2019  12:00:00 AM	12/12/2019  12:00:00 AM	Urgent
10052	Interventional Radiology	12/19/2019  12:00:00 AM	12/04/2019  12:00:00 AM	Urgent
10053	Neuroradiology	12/19/2019  12:00:00 AM	12/16/2019  12:00:00 AM	Urgent
10054	Obstetrics	12/19/2019  12:00:00 AM	12/02/2019  12:00:00 AM	Elective
10055	Electrophysiology	12/19/2019  12:00:00 AM	12/15/2019  12:00:00 AM	Elective
10056	Hepatology	12/19/2019  12:00:00 AM	12/14/2019  12:00:00 AM	Elective
10057	Obstetrics	12/19/2019  12:00:00 AM	12/15/2019  12:00:00 AM	Urgent
10058	Gastroenterology	12/19/2019  12:00:00 AM	12/17/2019  12:00:00 AM	Elective
10059	Thoracic	12/19/2019  12:00:00 AM	12/09/2019  12:00:00 AM	Elective
10060	General	12/19/2019  12:00:00 AM	12/05/2019  12:00:00 AM	Urgent
10061	Obstetrics	12/19/2019  12:00:00 AM	11/30/2019  12:00:00 AM	Urgent
10062	Neurosurgery	12/19/2019  12:00:00 AM	12/12/2019  12:00:00 AM	Urgent
10063	Thoracic	12/19/2019  12:00:00 AM	12/17/2019  12:00:00 AM	Elective
10064	Gynecology	12/19/2019  12:00:00 AM	12/02/2019  12:00:00 AM	Elective
10065	Hepatology	12/19/2019  12:00:00 AM	12/14/2019  12:00:00 AM	Elective
10066	Electroconvulsive Therapy	12/19/2019  12:00:00 AM	12/02/2019  12:00:00 AM	Urgent
10067	Obstetrics	12/19/2019  12:00:00 AM	12/04/2019  12:00:00 AM	Elective
10068	Neuroradiology	12/19/2019  12:00:00 AM	12/18/2019  12:00:00 AM	Urgent
10069	Neurosurgery	12/19/2019  12:00:00 AM	12/16/2019  12:00:00 AM	Urgent
10070	Gynecology	12/19/2019  12:00:00 AM	11/30/2019  12:00:00 AM	Elective
10071	Orthopedics	12/19/2019  12:00:00 AM	12/01/2019  12:00:00 AM	Urgent
10072	Obstetrics	12/19/2019  12:00:00 AM	12/15/2019  12:00:00 AM	Urgent
10073	Hepatology	12/19/2019  12:00:00 AM	12/09/2019  12:00:00 AM	Urgent
10074	Electrophysiology	12/19/2019  12:00:00 AM	12/16/2019  12:00:00 AM	Urgent
10075	Electrophysiology	12/19/2019  12:00:00 AM	12/05/2019  12:00:00 AM	Urgent
10076	Gastroenterology	12/19/2019  12:00:00 AM	12/13/2019  12:00:00 AM	Elective
10077	Gastroenterology	12/19/2019  12:00:00 AM	12/07/2019  12:00:00 AM	Elective
10078	Urology	12/19/2019  12:00:00 AM	12/11/2019  12:00:00 AM	Elective
10079	Gynecology	12/19/2019  12:00:00 AM	12/02/2019  12:00:00 AM	Elective
10080	Gastroenterology	12/19/2019  12:00:00 AM	12/14/2019  12:00:00 AM	Elective
10081	Dental	12/19/2019  12:00:00 AM	12/12/2019  12:00:00 AM	Urgent
10082	Gynecology	12/19/2019  12:00:00 AM	12/17/2019  12:00:00 AM	Elective
10083	Urology	12/19/2019  12:00:00 AM	12/06/2019  12:00:00 AM	Urgent
10084	Interventional Radiology	12/19/2019  12:00:00 AM	12/03/2019  12:00:00 AM	Urgent
10085	Thoracic	12/19/2019  12:00:00 AM	12/07/2019  12:00:00 AM	Elective
10086	Urology	12/19/2019  12:00:00 AM	12/01/2019  12:00:00 AM	Urgent
10087	Orthopedics	12/19/2019  12:00:00 AM	12/03/2019  12:00:00 AM	Urgent
10088	General	12/19/2019  12:00:00 AM	12/16/2019  12:00:00 AM	Urgent
10089	Gynecology	12/19/2019  12:00:00 AM	12/14/2019  12:00:00 AM	Urgent
10090	Orthopedics	12/19/2019  12:00:00 AM	12/04/2019  12:00:00 AM	Elective
10091	Electroconvulsive Therapy	12/19/2019  12:00:00 AM	12/18/2019  12:00:00 AM	Urgent
10092	Electroconvulsive Therapy	12/19/2019  12:00:00 AM	11/30/2019  12:00:00 AM	Urgent
10093	Urology	12/19/2019  12:00:00 AM	12/12/2019  12:00:00 AM	Urgent
10094	Neuroradiology	12/19/2019  12:00:00 AM	12/14/2019  12:00:00 AM	Urgent
10095	Gastroenterology	12/19/2019  12:00:00 AM	12/13/2019  12:00:00 AM	Urgent
10096	Dental	12/19/2019  12:00:00 AM	12/17/2019  12:00:00 AM	Urgent
10097	Vascular	12/19/2019  12:00:00 AM	12/18/2019  12:00:00 AM	Urgent
10098	Hepatology	12/19/2019  12:00:00 AM	11/30/2019  12:00:00 AM	Urgent
10099	Interventional Radiology	12/19/2019  12:00:00 AM	12/12/2019  12:00:00 AM	Elective
10100	Neurosurgery	12/19/2019  12:00:00 AM	12/04/2019  12:00:00 AM	Elective
10101	Pulmonary	12/19/2019  12:00:00 AM	12/18/2019  12:00:00 AM	Elective
10102	Pulmonary	12/19/2019  12:00:00 AM	12/09/2019  12:00:00 AM	Urgent
10103	General	12/19/2019  12:00:00 AM	11/30/2019  12:00:00 AM	Elective
10104	Orthopedics	12/19/2019  12:00:00 AM	12/07/2019  12:00:00 AM	Urgent
10105	Ophthalmology	12/19/2019  12:00:00 AM	12/15/2019  12:00:00 AM	Urgent
10106	Urology	12/19/2019  12:00:00 AM	12/02/2019  12:00:00 AM	Urgent
10107	Obstetrics	12/19/2019  12:00:00 AM	12/03/2019  12:00:00 AM	Elective
10108	Hepatology	12/19/2019  12:00:00 AM	12/01/2019  12:00:00 AM	Urgent
10109	Dental	12/19/2019  12:00:00 AM	12/17/2019  12:00:00 AM	Urgent
10110	Ophthalmology	12/19/2019  12:00:00 AM	12/12/2019  12:00:00 AM	Urgent
10111	Gynecology	12/19/2019  12:00:00 AM	12/06/2019  12:00:00 AM	Urgent
10112	Obstetrics	12/19/2019  12:00:00 AM	12/09/2019  12:00:00 AM	Elective
10113	Podiatry	12/19/2019  12:00:00 AM	12/05/2019  12:00:00 AM	Urgent
10114	Obstetrics	12/19/2019  12:00:00 AM	12/13/2019  12:00:00 AM	Elective
10115	Pulmonary	12/19/2019  12:00:00 AM	12/07/2019  12:00:00 AM	Elective
10116	Pulmonary	12/19/2019  12:00:00 AM	12/02/2019  12:00:00 AM	Elective
10117	Urology	12/19/2019  12:00:00 AM	12/08/2019  12:00:00 AM	Urgent
10118	General	12/19/2019  12:00:00 AM	12/16/2019  12:00:00 AM	Urgent
10119	Neurosurgery	12/19/2019  12:00:00 AM	12/11/2019  12:00:00 AM	Urgent
10120	Ophthalmology	12/19/2019  12:00:00 AM	12/05/2019  12:00:00 AM	Urgent
10121	Orthopedics	12/19/2019  12:00:00 AM	12/08/2019  12:00:00 AM	Elective
10122	Cardiac	12/19/2019  12:00:00 AM	12/11/2019  12:00:00 AM	Elective
10123	Vascular	12/19/2019  12:00:00 AM	12/04/2019  12:00:00 AM	Elective
10124	Ophthalmology	12/19/2019  12:00:00 AM	12/01/2019  12:00:00 AM	Elective
10125	Vascular	12/19/2019  12:00:00 AM	11/30/2019  12:00:00 AM	Elective
10126	Cardiac	12/19/2019  12:00:00 AM	12/02/2019  12:00:00 AM	Elective
10127	Urology	12/19/2019  12:00:00 AM	12/17/2019  12:00:00 AM	Urgent
10128	Pulmonary	12/19/2019  12:00:00 AM	12/03/2019  12:00:00 AM	Elective
10129	Cardiac	12/19/2019  12:00:00 AM	12/17/2019  12:00:00 AM	Urgent
10130	Hepatology	12/19/2019  12:00:00 AM	12/18/2019  12:00:00 AM	Urgent
10131	Pulmonary	12/19/2019  12:00:00 AM	12/04/2019  12:00:00 AM	Urgent
10132	Obstetrics	12/19/2019  12:00:00 AM	12/13/2019  12:00:00 AM	Elective
10133	Gastroenterology	12/19/2019  12:00:00 AM	12/13/2019  12:00:00 AM	Elective
10134	Obstetrics	12/19/2019  12:00:00 AM	12/15/2019  12:00:00 AM	Urgent
10135	Pulmonary	12/19/2019  12:00:00 AM	12/14/2019  12:00:00 AM	Elective
10136	Pain	12/19/2019  12:00:00 AM	12/07/2019  12:00:00 AM	Urgent
10137	Neuroradiology	12/19/2019  12:00:00 AM	12/07/2019  12:00:00 AM	Urgent
10138	Gastroenterology	12/19/2019  12:00:00 AM	12/10/2019  12:00:00 AM	Elective
10139	Electroconvulsive Therapy	12/19/2019  12:00:00 AM	12/17/2019  12:00:00 AM	Elective
10140	Urology	12/19/2019  12:00:00 AM	12/11/2019  12:00:00 AM	Elective
10141	Vascular	12/19/2019  12:00:00 AM	12/08/2019  12:00:00 AM	Elective
10142	Podiatry	12/19/2019  12:00:00 AM	12/13/2019  12:00:00 AM	Urgent
10143	Urology	12/19/2019  12:00:00 AM	12/08/2019  12:00:00 AM	Elective
10144	Electrophysiology	12/19/2019  12:00:00 AM	11/30/2019  12:00:00 AM	Elective
10145	Pulmonary	12/19/2019  12:00:00 AM	12/01/2019  12:00:00 AM	Urgent
10146	Vascular	12/19/2019  12:00:00 AM	12/08/2019  12:00:00 AM	Urgent
10147	Gastroenterology	12/19/2019  12:00:00 AM	12/12/2019  12:00:00 AM	Elective
10148	Neuroradiology	12/19/2019  12:00:00 AM	12/17/2019  12:00:00 AM	Urgent
10149	Interventional Radiology	12/19/2019  12:00:00 AM	12/10/2019  12:00:00 AM	Urgent
10150	Dental	12/19/2019  12:00:00 AM	11/30/2019  12:00:00 AM	Elective
10151	Thoracic	12/19/2019  12:00:00 AM	12/17/2019  12:00:00 AM	Urgent
10152	Neuroradiology	12/19/2019  12:00:00 AM	12/06/2019  12:00:00 AM	Urgent
10153	Electroconvulsive Therapy	12/19/2019  12:00:00 AM	12/12/2019  12:00:00 AM	Elective
10154	Electrophysiology	12/19/2019  12:00:00 AM	12/17/2019  12:00:00 AM	Elective
10155	Gastroenterology	12/19/2019  12:00:00 AM	12/15/2019  12:00:00 AM	Urgent
10156	Urology	12/19/2019  12:00:00 AM	12/06/2019  12:00:00 AM	Urgent
10157	Ophthalmology	12/19/2019  12:00:00 AM	12/04/2019  12:00:00 AM	Urgent
10158	Vascular	12/19/2019  12:00:00 AM	12/13/2019  12:00:00 AM	Elective
10159	Neuroradiology	12/19/2019  12:00:00 AM	12/11/2019  12:00:00 AM	Urgent
10160	Gynecology	12/19/2019  12:00:00 AM	12/12/2019  12:00:00 AM	Elective
10161	Electrophysiology	12/19/2019  12:00:00 AM	12/01/2019  12:00:00 AM	Elective
10162	Pain	12/19/2019  12:00:00 AM	12/11/2019  12:00:00 AM	Urgent
10163	Pulmonary	12/19/2019  12:00:00 AM	12/11/2019  12:00:00 AM	Elective
10164	Podiatry	12/19/2019  12:00:00 AM	11/30/2019  12:00:00 AM	Urgent
10165	Vascular	12/19/2019  12:00:00 AM	12/07/2019  12:00:00 AM	Elective
10166	Plastics	12/19/2019  12:00:00 AM	12/04/2019  12:00:00 AM	Elective
10167	Hepatology	12/19/2019  12:00:00 AM	12/01/2019  12:00:00 AM	Elective
10168	Vascular	12/19/2019  12:00:00 AM	12/06/2019  12:00:00 AM	Urgent
10169	Gastroenterology	12/19/2019  12:00:00 AM	12/12/2019  12:00:00 AM	Urgent
10170	Plastics	12/19/2019  12:00:00 AM	12/06/2019  12:00:00 AM	Elective
10171	Plastics	12/19/2019  12:00:00 AM	12/09/2019  12:00:00 AM	Elective
10172	General	12/19/2019  12:00:00 AM	11/30/2019  12:00:00 AM	Urgent
10173	Thoracic	12/19/2019  12:00:00 AM	12/14/2019  12:00:00 AM	Urgent
10174	Obstetrics	12/19/2019  12:00:00 AM	12/12/2019  12:00:00 AM	Elective
10175	Pulmonary	12/19/2019  12:00:00 AM	12/12/2019  12:00:00 AM	Elective
10176	Pulmonary	12/19/2019  12:00:00 AM	12/14/2019  12:00:00 AM	Urgent
10177	Ophthalmology	12/19/2019  12:00:00 AM	12/16/2019  12:00:00 AM	Elective
10178	Hepatology	12/19/2019  12:00:00 AM	12/04/2019  12:00:00 AM	Elective
10179	Cardiac	12/19/2019  12:00:00 AM	12/17/2019  12:00:00 AM	Elective
10180	Gynecology	12/19/2019  12:00:00 AM	12/06/2019  12:00:00 AM	Elective
10181	Electroconvulsive Therapy	12/19/2019  12:00:00 AM	12/03/2019  12:00:00 AM	Urgent
10182	Ophthalmology	12/19/2019  12:00:00 AM	12/12/2019  12:00:00 AM	Urgent
10183	Electroconvulsive Therapy	12/19/2019  12:00:00 AM	12/02/2019  12:00:00 AM	Urgent
10184	Plastics	12/19/2019  12:00:00 AM	12/08/2019  12:00:00 AM	Urgent
10185	Plastics	12/19/2019  12:00:00 AM	12/17/2019  12:00:00 AM	Elective
10186	Dental	12/19/2019  12:00:00 AM	12/01/2019  12:00:00 AM	Urgent
10187	Thoracic	12/19/2019  12:00:00 AM	12/17/2019  12:00:00 AM	Urgent
10188	Hepatology	12/19/2019  12:00:00 AM	12/08/2019  12:00:00 AM	Urgent
10189	Podiatry	12/19/2019  12:00:00 AM	12/05/2019  12:00:00 AM	Elective
10190	Obstetrics	12/19/2019  12:00:00 AM	12/05/2019  12:00:00 AM	Elective
10191	Neuroradiology	12/19/2019  12:00:00 AM	12/02/2019  12:00:00 AM	Elective
10192	Plastics	12/19/2019  12:00:00 AM	12/11/2019  12:00:00 AM	Urgent
10193	Hepatology	12/19/2019  12:00:00 AM	12/17/2019  12:00:00 AM	Urgent
10194	Neuroradiology	12/19/2019  12:00:00 AM	12/08/2019  12:00:00 AM	Elective
10195	Pain	12/19/2019  12:00:00 AM	12/10/2019  12:00:00 AM	Urgent
10196	Dental	12/19/2019  12:00:00 AM	12/16/2019  12:00:00 AM	Urgent
10197	Interventional Radiology	12/19/2019  12:00:00 AM	12/02/2019  12:00:00 AM	Elective
10198	Hepatology	12/19/2019  12:00:00 AM	12/15/2019  12:00:00 AM	Elective
10199	Interventional Radiology	12/19/2019  12:00:00 AM	12/01/2019  12:00:00 AM	Elective
10200	General	12/19/2019  12:00:00 AM	12/03/2019  12:00:00 AM	Urgent
10201	Hepatology	12/19/2019  12:00:00 AM	12/16/2019  12:00:00 AM	Elective
10202	Urology	12/19/2019  12:00:00 AM	12/08/2019  12:00:00 AM	Elective
10203	General	12/19/2019  12:00:00 AM	12/10/2019  12:00:00 AM	Elective
10204	Interventional Radiology	12/19/2019  12:00:00 AM	12/15/2019  12:00:00 AM	Elective
10205	Interventional Radiology	12/19/2019  12:00:00 AM	12/10/2019  12:00:00 AM	Elective
10206	Gastroenterology	12/19/2019  12:00:00 AM	12/17/2019  12:00:00 AM	Elective
10207	Plastics	12/19/2019  12:00:00 AM	11/30/2019  12:00:00 AM	Elective
10208	Gastroenterology	12/19/2019  12:00:00 AM	11/30/2019  12:00:00 AM	Urgent
10209	Urology	12/19/2019  12:00:00 AM	12/14/2019  12:00:00 AM	Elective
10210	Gynecology	12/19/2019  12:00:00 AM	12/01/2019  12:00:00 AM	Elective
10211	Dental	12/19/2019  12:00:00 AM	12/11/2019  12:00:00 AM	Elective
10212	Gastroenterology	12/19/2019  12:00:00 AM	12/03/2019  12:00:00 AM	Urgent
10213	Urology	12/19/2019  12:00:00 AM	12/11/2019  12:00:00 AM	Elective
10214	Pulmonary	12/19/2019  12:00:00 AM	12/16/2019  12:00:00 AM	Urgent
10215	Gastroenterology	12/19/2019  12:00:00 AM	12/17/2019  12:00:00 AM	Elective
10216	Electrophysiology	12/19/2019  12:00:00 AM	12/12/2019  12:00:00 AM	Urgent
10217	Plastics	12/19/2019  12:00:00 AM	12/13/2019  12:00:00 AM	Elective
10218	Cardiac	12/19/2019  12:00:00 AM	12/17/2019  12:00:00 AM	Urgent
10219	Hepatology	12/19/2019  12:00:00 AM	11/30/2019  12:00:00 AM	Elective
10220	Ophthalmology	12/19/2019  12:00:00 AM	12/15/2019  12:00:00 AM	Urgent
10221	Podiatry	12/19/2019  12:00:00 AM	12/02/2019  12:00:00 AM	Elective
10222	Neuroradiology	12/19/2019  12:00:00 AM	12/03/2019  12:00:00 AM	Urgent
10223	Gastroenterology	12/19/2019  12:00:00 AM	12/08/2019  12:00:00 AM	Elective
10224	Interventional Radiology	12/19/2019  12:00:00 AM	12/07/2019  12:00:00 AM	Urgent
10225	Neuroradiology	12/19/2019  12:00:00 AM	12/09/2019  12:00:00 AM	Urgent
10226	Neurosurgery	12/19/2019  12:00:00 AM	12/09/2019  12:00:00 AM	Elective
10227	Obstetrics	12/19/2019  12:00:00 AM	12/04/2019  12:00:00 AM	Urgent
10228	Plastics	12/19/2019  12:00:00 AM	12/01/2019  12:00:00 AM	Urgent
10229	Plastics	12/19/2019  12:00:00 AM	12/15/2019  12:00:00 AM	Urgent
10230	Gynecology	12/19/2019  12:00:00 AM	12/08/2019  12:00:00 AM	Elective
10231	Urology	12/19/2019  12:00:00 AM	12/03/2019  12:00:00 AM	Urgent
10232	Dental	12/19/2019  12:00:00 AM	12/10/2019  12:00:00 AM	Elective
10233	Electrophysiology	12/19/2019  12:00:00 AM	12/13/2019  12:00:00 AM	Elective
10234	Ophthalmology	12/19/2019  12:00:00 AM	12/17/2019  12:00:00 AM	Elective
10235	Orthopedics	12/19/2019  12:00:00 AM	12/03/2019  12:00:00 AM	Urgent
10236	Ophthalmology	12/19/2019  12:00:00 AM	12/13/2019  12:00:00 AM	Urgent
10237	Gynecology	12/19/2019  12:00:00 AM	12/16/2019  12:00:00 AM	Elective
10238	Electroconvulsive Therapy	12/19/2019  12:00:00 AM	12/15/2019  12:00:00 AM	Elective
10239	Obstetrics	12/19/2019  12:00:00 AM	12/06/2019  12:00:00 AM	Urgent
10240	Cardiac	12/19/2019  12:00:00 AM	12/11/2019  12:00:00 AM	Elective
10241	Neuroradiology	12/19/2019  12:00:00 AM	12/07/2019  12:00:00 AM	Elective
10242	Orthopedics	12/19/2019  12:00:00 AM	11/30/2019  12:00:00 AM	Elective
10243	Interventional Radiology	12/19/2019  12:00:00 AM	12/11/2019  12:00:00 AM	Elective
10244	Gastroenterology	12/19/2019  12:00:00 AM	12/10/2019  12:00:00 AM	Elective
10245	Interventional Radiology	12/19/2019  12:00:00 AM	12/10/2019  12:00:00 AM	Elective
10246	Dental	12/19/2019  12:00:00 AM	12/13/2019  12:00:00 AM	Urgent
10247	Vascular	12/19/2019  12:00:00 AM	11/30/2019  12:00:00 AM	Urgent
10248	Plastics	12/19/2019  12:00:00 AM	12/18/2019  12:00:00 AM	Urgent
10249	Obstetrics	12/19/2019  12:00:00 AM	12/01/2019  12:00:00 AM	Elective
10250	Cardiac	12/19/2019  12:00:00 AM	12/10/2019  12:00:00 AM	Elective
10251	Vascular	12/19/2019  12:00:00 AM	12/04/2019  12:00:00 AM	Elective
10252	Urology	12/19/2019  12:00:00 AM	12/18/2019  12:00:00 AM	Elective
10253	Gastroenterology	12/19/2019  12:00:00 AM	12/02/2019  12:00:00 AM	Urgent
10254	Electroconvulsive Therapy	12/19/2019  12:00:00 AM	12/18/2019  12:00:00 AM	Elective
10255	Ophthalmology	12/19/2019  12:00:00 AM	12/07/2019  12:00:00 AM	Elective
10256	Cardiac	12/19/2019  12:00:00 AM	12/05/2019  12:00:00 AM	Urgent
10257	Ophthalmology	12/19/2019  12:00:00 AM	12/17/2019  12:00:00 AM	Elective
10258	Neuroradiology	12/19/2019  12:00:00 AM	12/04/2019  12:00:00 AM	Urgent
10259	Neuroradiology	12/19/2019  12:00:00 AM	12/16/2019  12:00:00 AM	Elective
10260	Interventional Radiology	12/19/2019  12:00:00 AM	12/18/2019  12:00:00 AM	Urgent
10261	Orthopedics	12/19/2019  12:00:00 AM	12/04/2019  12:00:00 AM	Urgent
10262	Electrophysiology	12/19/2019  12:00:00 AM	12/07/2019  12:00:00 AM	Elective
10263	Pain	12/19/2019  12:00:00 AM	12/09/2019  12:00:00 AM	Elective
10264	Vascular	12/19/2019  12:00:00 AM	11/30/2019  12:00:00 AM	Elective
10265	Pulmonary	12/19/2019  12:00:00 AM	12/10/2019  12:00:00 AM	Elective
10266	Vascular	12/19/2019  12:00:00 AM	12/04/2019  12:00:00 AM	Urgent
10267	Urology	12/19/2019  12:00:00 AM	12/12/2019  12:00:00 AM	Elective
10268	Urology	12/19/2019  12:00:00 AM	12/15/2019  12:00:00 AM	Elective
10269	Podiatry	12/19/2019  12:00:00 AM	12/06/2019  12:00:00 AM	Urgent
10270	Electrophysiology	12/19/2019  12:00:00 AM	12/07/2019  12:00:00 AM	Urgent
10271	Cardiac	12/19/2019  12:00:00 AM	12/13/2019  12:00:00 AM	Elective
10272	Hepatology	12/19/2019  12:00:00 AM	12/14/2019  12:00:00 AM	Elective
10273	Interventional Radiology	12/19/2019  12:00:00 AM	12/03/2019  12:00:00 AM	Elective
10274	Electrophysiology	12/19/2019  12:00:00 AM	12/16/2019  12:00:00 AM	Urgent
10275	Pulmonary	12/19/2019  12:00:00 AM	12/05/2019  12:00:00 AM	Elective
10276	Vascular	12/19/2019  12:00:00 AM	12/08/2019  12:00:00 AM	Elective
10277	Hepatology	12/19/2019  12:00:00 AM	12/11/2019  12:00:00 AM	Urgent
10278	Thoracic	12/19/2019  12:00:00 AM	12/13/2019  12:00:00 AM	Elective
10279	Thoracic	12/19/2019  12:00:00 AM	11/30/2019  12:00:00 AM	Urgent
10280	Neuroradiology	12/19/2019  12:00:00 AM	12/14/2019  12:00:00 AM	Elective
10281	Plastics	12/19/2019  12:00:00 AM	12/17/2019  12:00:00 AM	Urgent
10282	Podiatry	12/19/2019  12:00:00 AM	12/08/2019  12:00:00 AM	Urgent
10283	Dental	12/19/2019  12:00:00 AM	12/11/2019  12:00:00 AM	Urgent
10284	Gastroenterology	12/19/2019  12:00:00 AM	12/07/2019  12:00:00 AM	Urgent
10285	Gastroenterology	12/19/2019  12:00:00 AM	12/10/2019  12:00:00 AM	Urgent
10286	Electrophysiology	12/19/2019  12:00:00 AM	12/07/2019  12:00:00 AM	Urgent
10287	Gynecology	12/19/2019  12:00:00 AM	12/04/2019  12:00:00 AM	Elective
10288	Podiatry	12/19/2019  12:00:00 AM	12/16/2019  12:00:00 AM	Elective
10289	Electrophysiology	12/19/2019  12:00:00 AM	12/14/2019  12:00:00 AM	Elective
10290	Hepatology	12/19/2019  12:00:00 AM	12/02/2019  12:00:00 AM	Urgent
10291	Cardiac	12/19/2019  12:00:00 AM	12/11/2019  12:00:00 AM	Urgent
10292	Gastroenterology	12/19/2019  12:00:00 AM	12/06/2019  12:00:00 AM	Urgent
10293	Interventional Radiology	12/19/2019  12:00:00 AM	12/08/2019  12:00:00 AM	Urgent
10294	Cardiac	12/19/2019  12:00:00 AM	12/13/2019  12:00:00 AM	Urgent
10295	Orthopedics	12/19/2019  12:00:00 AM	12/11/2019  12:00:00 AM	Elective
10296	Urology	12/19/2019  12:00:00 AM	12/07/2019  12:00:00 AM	Urgent
10297	Plastics	12/19/2019  12:00:00 AM	12/13/2019  12:00:00 AM	Elective
10298	Electrophysiology	12/19/2019  12:00:00 AM	12/03/2019  12:00:00 AM	Elective
10299	General	12/19/2019  12:00:00 AM	12/07/2019  12:00:00 AM	Urgent
10300	Ophthalmology	12/19/2019  12:00:00 AM	11/30/2019  12:00:00 AM	Elective
10301	Obstetrics	12/19/2019  12:00:00 AM	12/15/2019  12:00:00 AM	Urgent
10302	Cardiac	12/19/2019  12:00:00 AM	12/10/2019  12:00:00 AM	Elective
10303	Obstetrics	12/19/2019  12:00:00 AM	12/18/2019  12:00:00 AM	Elective
10304	Gynecology	12/19/2019  12:00:00 AM	12/05/2019  12:00:00 AM	Elective
10305	Pulmonary	12/19/2019  12:00:00 AM	12/18/2019  12:00:00 AM	Elective
10306	Interventional Radiology	12/19/2019  12:00:00 AM	12/14/2019  12:00:00 AM	Urgent
10307	Podiatry	12/19/2019  12:00:00 AM	12/11/2019  12:00:00 AM	Urgent
10308	Gastroenterology	12/19/2019  12:00:00 AM	12/06/2019  12:00:00 AM	Urgent
10309	Dental	12/19/2019  12:00:00 AM	12/14/2019  12:00:00 AM	Urgent
10310	Pain	12/19/2019  12:00:00 AM	12/15/2019  12:00:00 AM	Urgent
10311	Dental	12/19/2019  12:00:00 AM	12/11/2019  12:00:00 AM	Elective
10312	Pain	12/19/2019  12:00:00 AM	12/04/2019  12:00:00 AM	Urgent
10313	Hepatology	12/19/2019  12:00:00 AM	12/01/2019  12:00:00 AM	Elective
10314	Pain	12/19/2019  12:00:00 AM	12/17/2019  12:00:00 AM	Elective
10315	Pulmonary	12/19/2019  12:00:00 AM	12/02/2019  12:00:00 AM	Urgent
10316	Electroconvulsive Therapy	12/19/2019  12:00:00 AM	12/03/2019  12:00:00 AM	Urgent
10317	Hepatology	12/19/2019  12:00:00 AM	12/01/2019  12:00:00 AM	Urgent
10318	Neurosurgery	12/19/2019  12:00:00 AM	11/30/2019  12:00:00 AM	Urgent
10319	Pain	12/19/2019  12:00:00 AM	11/30/2019  12:00:00 AM	Elective
10320	Electroconvulsive Therapy	12/19/2019  12:00:00 AM	12/10/2019  12:00:00 AM	Elective
10321	Orthopedics	12/19/2019  12:00:00 AM	11/30/2019  12:00:00 AM	Elective
10322	Podiatry	12/19/2019  12:00:00 AM	12/13/2019  12:00:00 AM	Elective
10323	Ophthalmology	12/19/2019  12:00:00 AM	12/05/2019  12:00:00 AM	Urgent
10324	General	12/19/2019  12:00:00 AM	12/04/2019  12:00:00 AM	Urgent
10325	Cardiac	12/19/2019  12:00:00 AM	12/01/2019  12:00:00 AM	Elective
10326	Pulmonary	12/19/2019  12:00:00 AM	12/16/2019  12:00:00 AM	Urgent
10327	Neurosurgery	12/19/2019  12:00:00 AM	12/07/2019  12:00:00 AM	Urgent
10328	Electrophysiology	12/19/2019  12:00:00 AM	12/01/2019  12:00:00 AM	Urgent
10329	Pain	12/19/2019  12:00:00 AM	12/04/2019  12:00:00 AM	Elective
10330	Electrophysiology	12/19/2019  12:00:00 AM	12/03/2019  12:00:00 AM	Elective
10331	Gastroenterology	12/19/2019  12:00:00 AM	12/01/2019  12:00:00 AM	Elective
10332	Pulmonary	12/19/2019  12:00:00 AM	12/01/2019  12:00:00 AM	Urgent
10333	Cardiac	12/19/2019  12:00:00 AM	12/14/2019  12:00:00 AM	Elective
10334	Pulmonary	12/19/2019  12:00:00 AM	12/11/2019  12:00:00 AM	Elective
10335	Plastics	12/19/2019  12:00:00 AM	12/01/2019  12:00:00 AM	Urgent
10336	Vascular	12/19/2019  12:00:00 AM	12/11/2019  12:00:00 AM	Elective
10337	Obstetrics	12/19/2019  12:00:00 AM	12/12/2019  12:00:00 AM	Elective
10338	Orthopedics	12/19/2019  12:00:00 AM	12/09/2019  12:00:00 AM	Urgent
10339	Electroconvulsive Therapy	12/19/2019  12:00:00 AM	12/04/2019  12:00:00 AM	Elective
10340	Plastics	12/19/2019  12:00:00 AM	12/18/2019  12:00:00 AM	Elective
10341	Neurosurgery	12/19/2019  12:00:00 AM	12/04/2019  12:00:00 AM	Urgent
10342	Neuroradiology	12/19/2019  12:00:00 AM	12/07/2019  12:00:00 AM	Elective
10343	Plastics	12/19/2019  12:00:00 AM	12/08/2019  12:00:00 AM	Urgent
10344	Gynecology	12/19/2019  12:00:00 AM	12/03/2019  12:00:00 AM	Elective
10345	Electroconvulsive Therapy	12/19/2019  12:00:00 AM	11/30/2019  12:00:00 AM	Elective
10346	Neuroradiology	12/19/2019  12:00:00 AM	12/03/2019  12:00:00 AM	Elective
10347	Ophthalmology	12/19/2019  12:00:00 AM	12/07/2019  12:00:00 AM	Elective
10348	Obstetrics	12/19/2019  12:00:00 AM	12/11/2019  12:00:00 AM	Urgent
10349	Vascular	12/19/2019  12:00:00 AM	12/06/2019  12:00:00 AM	Elective
10350	Vascular	12/19/2019  12:00:00 AM	12/07/2019  12:00:00 AM	Urgent
10351	Orthopedics	12/19/2019  12:00:00 AM	12/13/2019  12:00:00 AM	Elective
10352	Urology	12/19/2019  12:00:00 AM	12/16/2019  12:00:00 AM	Urgent
10353	Interventional Radiology	12/19/2019  12:00:00 AM	12/13/2019  12:00:00 AM	Urgent
10354	Obstetrics	12/19/2019  12:00:00 AM	12/01/2019  12:00:00 AM	Urgent
10355	Plastics	12/19/2019  12:00:00 AM	12/18/2019  12:00:00 AM	Elective
10356	Urology	12/19/2019  12:00:00 AM	12/10/2019  12:00:00 AM	Urgent
10357	Electrophysiology	12/19/2019  12:00:00 AM	12/01/2019  12:00:00 AM	Elective
10358	General	12/19/2019  12:00:00 AM	12/10/2019  12:00:00 AM	Elective
10359	Orthopedics	12/19/2019  12:00:00 AM	12/13/2019  12:00:00 AM	Elective
10360	Vascular	12/19/2019  12:00:00 AM	12/12/2019  12:00:00 AM	Elective
10361	Urology	12/19/2019  12:00:00 AM	12/18/2019  12:00:00 AM	Elective
10362	Hepatology	12/19/2019  12:00:00 AM	12/10/2019  12:00:00 AM	Urgent
10363	Orthopedics	12/19/2019  12:00:00 AM	12/16/2019  12:00:00 AM	Urgent
10364	Obstetrics	12/19/2019  12:00:00 AM	12/16/2019  12:00:00 AM	Elective
10365	Neuroradiology	12/19/2019  12:00:00 AM	12/12/2019  12:00:00 AM	Elective
10366	Podiatry	12/19/2019  12:00:00 AM	12/12/2019  12:00:00 AM	Elective
10367	Urology	12/19/2019  12:00:00 AM	12/11/2019  12:00:00 AM	Elective
10368	Pain	12/19/2019  12:00:00 AM	12/16/2019  12:00:00 AM	Urgent
10369	Neurosurgery	12/19/2019  12:00:00 AM	12/16/2019  12:00:00 AM	Elective
10370	Podiatry	12/19/2019  12:00:00 AM	12/10/2019  12:00:00 AM	Urgent
10371	Hepatology	12/19/2019  12:00:00 AM	12/02/2019  12:00:00 AM	Urgent
10372	Thoracic	12/19/2019  12:00:00 AM	12/13/2019  12:00:00 AM	Urgent
10373	Ophthalmology	12/19/2019  12:00:00 AM	12/14/2019  12:00:00 AM	Elective
10374	Ophthalmology	12/19/2019  12:00:00 AM	12/14/2019  12:00:00 AM	Urgent
10375	Neuroradiology	12/19/2019  12:00:00 AM	12/12/2019  12:00:00 AM	Elective
10376	Gastroenterology	12/19/2019  12:00:00 AM	12/04/2019  12:00:00 AM	Elective
10377	Urology	12/19/2019  12:00:00 AM	12/16/2019  12:00:00 AM	Elective
10378	Gastroenterology	12/19/2019  12:00:00 AM	12/07/2019  12:00:00 AM	Urgent
10379	Hepatology	12/19/2019  12:00:00 AM	12/07/2019  12:00:00 AM	Urgent
10380	Vascular	12/19/2019  12:00:00 AM	12/15/2019  12:00:00 AM	Urgent
10381	Cardiac	12/19/2019  12:00:00 AM	12/04/2019  12:00:00 AM	Urgent
10382	Vascular	12/19/2019  12:00:00 AM	11/30/2019  12:00:00 AM	Elective
10383	Vascular	12/19/2019  12:00:00 AM	12/16/2019  12:00:00 AM	Elective
10384	Podiatry	12/19/2019  12:00:00 AM	12/17/2019  12:00:00 AM	Elective
10385	Ophthalmology	12/19/2019  12:00:00 AM	12/10/2019  12:00:00 AM	Urgent
10386	Orthopedics	12/19/2019  12:00:00 AM	12/02/2019  12:00:00 AM	Urgent
10387	Obstetrics	12/19/2019  12:00:00 AM	12/09/2019  12:00:00 AM	Urgent
10388	Podiatry	12/19/2019  12:00:00 AM	12/13/2019  12:00:00 AM	Urgent
10389	Pain	12/19/2019  12:00:00 AM	12/06/2019  12:00:00 AM	Urgent
10390	Dental	12/19/2019  12:00:00 AM	12/02/2019  12:00:00 AM	Elective
10391	Cardiac	12/19/2019  12:00:00 AM	12/18/2019  12:00:00 AM	Urgent
10392	Vascular	12/19/2019  12:00:00 AM	12/16/2019  12:00:00 AM	Urgent
10393	Gynecology	12/19/2019  12:00:00 AM	12/17/2019  12:00:00 AM	Urgent
10394	Hepatology	12/19/2019  12:00:00 AM	12/17/2019  12:00:00 AM	Elective
10395	Pain	12/19/2019  12:00:00 AM	12/09/2019  12:00:00 AM	Urgent
10396	Ophthalmology	12/19/2019  12:00:00 AM	12/14/2019  12:00:00 AM	Elective
10397	Electrophysiology	12/19/2019  12:00:00 AM	12/16/2019  12:00:00 AM	Urgent
10398	Orthopedics	12/19/2019  12:00:00 AM	12/15/2019  12:00:00 AM	Urgent
10399	Orthopedics	12/19/2019  12:00:00 AM	12/11/2019  12:00:00 AM	Urgent
10400	Electrophysiology	12/19/2019  12:00:00 AM	12/08/2019  12:00:00 AM	Elective
10401	Thoracic	12/19/2019  12:00:00 AM	12/10/2019  12:00:00 AM	Urgent
10402	General	12/19/2019  12:00:00 AM	12/02/2019  12:00:00 AM	Urgent
10403	Dental	12/19/2019  12:00:00 AM	12/17/2019  12:00:00 AM	Urgent
10404	Electrophysiology	12/19/2019  12:00:00 AM	12/12/2019  12:00:00 AM	Urgent
10405	Plastics	12/19/2019  12:00:00 AM	12/13/2019  12:00:00 AM	Elective
10406	Obstetrics	12/19/2019  12:00:00 AM	12/15/2019  12:00:00 AM	Elective
10407	Dental	12/19/2019  12:00:00 AM	12/10/2019  12:00:00 AM	Urgent
10408	Neurosurgery	12/19/2019  12:00:00 AM	12/14/2019  12:00:00 AM	Elective
10409	Cardiac	12/19/2019  12:00:00 AM	12/03/2019  12:00:00 AM	Urgent
10410	Podiatry	12/19/2019  12:00:00 AM	12/04/2019  12:00:00 AM	Urgent
10411	Hepatology	12/19/2019  12:00:00 AM	12/04/2019  12:00:00 AM	Elective
10412	Dental	12/19/2019  12:00:00 AM	12/08/2019  12:00:00 AM	Elective
10413	Pulmonary	12/19/2019  12:00:00 AM	12/11/2019  12:00:00 AM	Elective
10414	General	12/19/2019  12:00:00 AM	12/18/2019  12:00:00 AM	Urgent
