LOG_ID	OR_SERVICE	SURGERY_DATE	FIRST_SCHED_DATE	CASE_CLASS
10001	Ophthalmology	04/23/2020  12:00:00 AM	04/06/2020  12:00:00 AM	Elective
10002	Thoracic	04/23/2020  12:00:00 AM	04/07/2020  12:00:00 AM	Elective
10003	Interventional Radiology	04/23/2020  12:00:00 AM	04/15/2020  12:00:00 AM	Urgent
10004	Podiatry	04/23/2020  12:00:00 AM	04/16/2020  12:00:00 AM	Elective
10005	Gastroenterology	04/23/2020  12:00:00 AM	04/05/2020  12:00:00 AM	Elective
10006	Gastroenterology	04/23/2020  12:00:00 AM	04/16/2020  12:00:00 AM	Urgent
10007	Thoracic	04/23/2020  12:00:00 AM	04/11/2020  12:00:00 AM	Urgent
10008	Obstetrics	04/23/2020  12:00:00 AM	04/16/2020  12:00:00 AM	Elective
10009	Hepatology	04/23/2020  12:00:00 AM	04/19/2020  12:00:00 AM	Elective
10010	Obstetrics	04/23/2020  12:00:00 AM	04/10/2020  12:00:00 AM	Elective
10011	Orthopedics	04/23/2020  12:00:00 AM	04/20/2020  12:00:00 AM	Urgent
10012	Electrophysiology	04/23/2020  12:00:00 AM	04/20/2020  12:00:00 AM	Elective
10013	Interventional Radiology	04/23/2020  12:00:00 AM	04/17/2020  12:00:00 AM	Elective
10014	Hepatology	04/23/2020  12:00:00 AM	04/12/2020  12:00:00 AM	Urgent
10015	Electroconvulsive Therapy	04/23/2020  12:00:00 AM	04/04/2020  12:00:00 AM	Elective
10016	Interventional Radiology	04/23/2020  12:00:00 AM	04/08/2020  12:00:00 AM	Urgent
10017	Pulmonary	04/23/2020  12:00:00 AM	04/10/2020  12:00:00 AM	Elective
10018	Plastics	04/23/2020  12:00:00 AM	04/21/2020  12:00:00 AM	Urgent
10019	Neurosurgery	04/23/2020  12:00:00 AM	04/05/2020  12:00:00 AM	Elective
10020	Gynecology	04/23/2020  12:00:00 AM	04/10/2020  12:00:00 AM	Urgent
10021	Urology	04/23/2020  12:00:00 AM	04/17/2020  12:00:00 AM	Urgent
10022	Interventional Radiology	04/23/2020  12:00:00 AM	04/15/2020  12:00:00 AM	Urgent
10023	Thoracic	04/23/2020  12:00:00 AM	04/15/2020  12:00:00 AM	Urgent
10024	Plastics	04/23/2020  12:00:00 AM	04/14/2020  12:00:00 AM	Urgent
10025	Podiatry	04/23/2020  12:00:00 AM	04/17/2020  12:00:00 AM	Elective
10026	Orthopedics	04/23/2020  12:00:00 AM	04/20/2020  12:00:00 AM	Urgent
10027	Interventional Radiology	04/23/2020  12:00:00 AM	04/07/2020  12:00:00 AM	Urgent
10028	Podiatry	04/23/2020  12:00:00 AM	04/17/2020  12:00:00 AM	Elective
10029	Podiatry	04/23/2020  12:00:00 AM	04/07/2020  12:00:00 AM	Urgent
10030	General	04/23/2020  12:00:00 AM	04/07/2020  12:00:00 AM	Elective
10031	Gastroenterology	04/23/2020  12:00:00 AM	04/15/2020  12:00:00 AM	Urgent
10032	Vascular	04/23/2020  12:00:00 AM	04/11/2020  12:00:00 AM	Urgent
10033	Dental	04/23/2020  12:00:00 AM	04/20/2020  12:00:00 AM	Urgent
10034	Interventional Radiology	04/23/2020  12:00:00 AM	04/04/2020  12:00:00 AM	Elective
10035	Vascular	04/23/2020  12:00:00 AM	04/06/2020  12:00:00 AM	Urgent
10036	Pain	04/23/2020  12:00:00 AM	04/17/2020  12:00:00 AM	Urgent
10037	Gastroenterology	04/23/2020  12:00:00 AM	04/12/2020  12:00:00 AM	Urgent
10038	Vascular	04/23/2020  12:00:00 AM	04/21/2020  12:00:00 AM	Urgent
10039	Vascular	04/23/2020  12:00:00 AM	04/20/2020  12:00:00 AM	Elective
10040	Orthopedics	04/23/2020  12:00:00 AM	04/09/2020  12:00:00 AM	Urgent
10041	Electrophysiology	04/23/2020  12:00:00 AM	04/20/2020  12:00:00 AM	Urgent
10042	Obstetrics	04/23/2020  12:00:00 AM	04/05/2020  12:00:00 AM	Urgent
10043	Electrophysiology	04/23/2020  12:00:00 AM	04/22/2020  12:00:00 AM	Urgent
10044	Podiatry	04/23/2020  12:00:00 AM	04/05/2020  12:00:00 AM	Elective
10045	Vascular	04/23/2020  12:00:00 AM	04/08/2020  12:00:00 AM	Urgent
10046	Hepatology	04/23/2020  12:00:00 AM	04/15/2020  12:00:00 AM	Urgent
10047	Podiatry	04/23/2020  12:00:00 AM	04/15/2020  12:00:00 AM	Urgent
10048	Gynecology	04/23/2020  12:00:00 AM	04/14/2020  12:00:00 AM	Urgent
10049	Electroconvulsive Therapy	04/23/2020  12:00:00 AM	04/12/2020  12:00:00 AM	Elective
10050	Hepatology	04/23/2020  12:00:00 AM	04/05/2020  12:00:00 AM	Urgent
10051	Neurosurgery	04/23/2020  12:00:00 AM	04/14/2020  12:00:00 AM	Elective
10052	Podiatry	04/23/2020  12:00:00 AM	04/12/2020  12:00:00 AM	Urgent
10053	Electroconvulsive Therapy	04/23/2020  12:00:00 AM	04/17/2020  12:00:00 AM	Urgent
10054	Podiatry	04/23/2020  12:00:00 AM	04/06/2020  12:00:00 AM	Elective
10055	Pulmonary	04/23/2020  12:00:00 AM	04/15/2020  12:00:00 AM	Urgent
10056	Electrophysiology	04/23/2020  12:00:00 AM	04/12/2020  12:00:00 AM	Elective
10057	Dental	04/23/2020  12:00:00 AM	04/10/2020  12:00:00 AM	Elective
10058	Neurosurgery	04/23/2020  12:00:00 AM	04/08/2020  12:00:00 AM	Elective
10059	Podiatry	04/23/2020  12:00:00 AM	04/18/2020  12:00:00 AM	Elective
10060	Thoracic	04/23/2020  12:00:00 AM	04/21/2020  12:00:00 AM	Elective
10061	Cardiac	04/23/2020  12:00:00 AM	04/19/2020  12:00:00 AM	Elective
10062	Urology	04/23/2020  12:00:00 AM	04/11/2020  12:00:00 AM	Elective
10063	Electrophysiology	04/23/2020  12:00:00 AM	04/07/2020  12:00:00 AM	Elective
10064	Hepatology	04/23/2020  12:00:00 AM	04/15/2020  12:00:00 AM	Elective
10065	Neuroradiology	04/23/2020  12:00:00 AM	04/08/2020  12:00:00 AM	Urgent
10066	Interventional Radiology	04/23/2020  12:00:00 AM	04/14/2020  12:00:00 AM	Elective
10067	Urology	04/23/2020  12:00:00 AM	04/10/2020  12:00:00 AM	Elective
10068	Obstetrics	04/23/2020  12:00:00 AM	04/06/2020  12:00:00 AM	Urgent
10069	Gynecology	04/23/2020  12:00:00 AM	04/22/2020  12:00:00 AM	Urgent
10070	Obstetrics	04/23/2020  12:00:00 AM	04/21/2020  12:00:00 AM	Urgent
10071	Electroconvulsive Therapy	04/23/2020  12:00:00 AM	04/14/2020  12:00:00 AM	Elective
10072	Pain	04/23/2020  12:00:00 AM	04/18/2020  12:00:00 AM	Urgent
10073	Interventional Radiology	04/23/2020  12:00:00 AM	04/05/2020  12:00:00 AM	Elective
10074	Neurosurgery	04/23/2020  12:00:00 AM	04/11/2020  12:00:00 AM	Elective
10075	General	04/23/2020  12:00:00 AM	04/10/2020  12:00:00 AM	Urgent
10076	Urology	04/23/2020  12:00:00 AM	04/04/2020  12:00:00 AM	Urgent
10077	Pulmonary	04/23/2020  12:00:00 AM	04/09/2020  12:00:00 AM	Urgent
10078	Dental	04/23/2020  12:00:00 AM	04/22/2020  12:00:00 AM	Elective
10079	Interventional Radiology	04/23/2020  12:00:00 AM	04/12/2020  12:00:00 AM	Urgent
10080	Orthopedics	04/23/2020  12:00:00 AM	04/17/2020  12:00:00 AM	Elective
10081	Gastroenterology	04/23/2020  12:00:00 AM	04/21/2020  12:00:00 AM	Urgent
10082	Gynecology	04/23/2020  12:00:00 AM	04/17/2020  12:00:00 AM	Elective
10083	Dental	04/23/2020  12:00:00 AM	04/11/2020  12:00:00 AM	Elective
10084	Gynecology	04/23/2020  12:00:00 AM	04/20/2020  12:00:00 AM	Elective
10085	Urology	04/23/2020  12:00:00 AM	04/21/2020  12:00:00 AM	Elective
10086	General	04/23/2020  12:00:00 AM	04/16/2020  12:00:00 AM	Elective
10087	Orthopedics	04/23/2020  12:00:00 AM	04/20/2020  12:00:00 AM	Urgent
10088	Neuroradiology	04/23/2020  12:00:00 AM	04/09/2020  12:00:00 AM	Urgent
10089	Pulmonary	04/23/2020  12:00:00 AM	04/08/2020  12:00:00 AM	Elective
10090	Thoracic	04/23/2020  12:00:00 AM	04/09/2020  12:00:00 AM	Urgent
10091	Podiatry	04/23/2020  12:00:00 AM	04/09/2020  12:00:00 AM	Elective
10092	Gynecology	04/23/2020  12:00:00 AM	04/18/2020  12:00:00 AM	Urgent
10093	Pulmonary	04/23/2020  12:00:00 AM	04/16/2020  12:00:00 AM	Urgent
10094	Dental	04/23/2020  12:00:00 AM	04/19/2020  12:00:00 AM	Urgent
10095	Gastroenterology	04/23/2020  12:00:00 AM	04/22/2020  12:00:00 AM	Urgent
10096	Plastics	04/23/2020  12:00:00 AM	04/14/2020  12:00:00 AM	Urgent
10097	Podiatry	04/23/2020  12:00:00 AM	04/06/2020  12:00:00 AM	Urgent
10098	Thoracic	04/23/2020  12:00:00 AM	04/17/2020  12:00:00 AM	Elective
10099	Dental	04/23/2020  12:00:00 AM	04/21/2020  12:00:00 AM	Urgent
10100	Electroconvulsive Therapy	04/23/2020  12:00:00 AM	04/06/2020  12:00:00 AM	Elective
10101	Gastroenterology	04/23/2020  12:00:00 AM	04/04/2020  12:00:00 AM	Elective
10102	Electroconvulsive Therapy	04/23/2020  12:00:00 AM	04/20/2020  12:00:00 AM	Urgent
10103	General	04/23/2020  12:00:00 AM	04/04/2020  12:00:00 AM	Urgent
10104	Thoracic	04/23/2020  12:00:00 AM	04/13/2020  12:00:00 AM	Elective
10105	Gynecology	04/23/2020  12:00:00 AM	04/14/2020  12:00:00 AM	Elective
10106	Electroconvulsive Therapy	04/23/2020  12:00:00 AM	04/07/2020  12:00:00 AM	Urgent
10107	Neuroradiology	04/23/2020  12:00:00 AM	04/06/2020  12:00:00 AM	Elective
10108	Neuroradiology	04/23/2020  12:00:00 AM	04/09/2020  12:00:00 AM	Urgent
10109	Gynecology	04/23/2020  12:00:00 AM	04/19/2020  12:00:00 AM	Urgent
10110	Gastroenterology	04/23/2020  12:00:00 AM	04/14/2020  12:00:00 AM	Urgent
10111	General	04/23/2020  12:00:00 AM	04/09/2020  12:00:00 AM	Urgent
10112	Pulmonary	04/23/2020  12:00:00 AM	04/12/2020  12:00:00 AM	Urgent
10113	Ophthalmology	04/23/2020  12:00:00 AM	04/07/2020  12:00:00 AM	Urgent
10114	Pain	04/23/2020  12:00:00 AM	04/06/2020  12:00:00 AM	Elective
10115	Neuroradiology	04/23/2020  12:00:00 AM	04/12/2020  12:00:00 AM	Urgent
10116	Urology	04/23/2020  12:00:00 AM	04/14/2020  12:00:00 AM	Elective
10117	Pain	04/23/2020  12:00:00 AM	04/15/2020  12:00:00 AM	Urgent
10118	Pulmonary	04/23/2020  12:00:00 AM	04/06/2020  12:00:00 AM	Elective
10119	Pain	04/23/2020  12:00:00 AM	04/15/2020  12:00:00 AM	Urgent
10120	Thoracic	04/23/2020  12:00:00 AM	04/19/2020  12:00:00 AM	Urgent
10121	Podiatry	04/23/2020  12:00:00 AM	04/16/2020  12:00:00 AM	Elective
10122	Obstetrics	04/23/2020  12:00:00 AM	04/12/2020  12:00:00 AM	Elective
10123	Thoracic	04/23/2020  12:00:00 AM	04/12/2020  12:00:00 AM	Elective
10124	Vascular	04/23/2020  12:00:00 AM	04/13/2020  12:00:00 AM	Urgent
10125	Gynecology	04/23/2020  12:00:00 AM	04/21/2020  12:00:00 AM	Urgent
10126	Gastroenterology	04/23/2020  12:00:00 AM	04/20/2020  12:00:00 AM	Urgent
10127	Neurosurgery	04/23/2020  12:00:00 AM	04/18/2020  12:00:00 AM	Elective
10128	Ophthalmology	04/23/2020  12:00:00 AM	04/22/2020  12:00:00 AM	Elective
10129	Neuroradiology	04/23/2020  12:00:00 AM	04/15/2020  12:00:00 AM	Urgent
10130	Neuroradiology	04/23/2020  12:00:00 AM	04/16/2020  12:00:00 AM	Urgent
10131	Electroconvulsive Therapy	04/23/2020  12:00:00 AM	04/04/2020  12:00:00 AM	Urgent
10132	Pain	04/23/2020  12:00:00 AM	04/15/2020  12:00:00 AM	Elective
10133	Thoracic	04/23/2020  12:00:00 AM	04/22/2020  12:00:00 AM	Elective
10134	Pain	04/23/2020  12:00:00 AM	04/06/2020  12:00:00 AM	Elective
10135	Orthopedics	04/23/2020  12:00:00 AM	04/07/2020  12:00:00 AM	Urgent
10136	Pain	04/23/2020  12:00:00 AM	04/06/2020  12:00:00 AM	Urgent
10137	Obstetrics	04/23/2020  12:00:00 AM	04/08/2020  12:00:00 AM	Elective
10138	Vascular	04/23/2020  12:00:00 AM	04/12/2020  12:00:00 AM	Elective
10139	Orthopedics	04/23/2020  12:00:00 AM	04/08/2020  12:00:00 AM	Elective
10140	Obstetrics	04/23/2020  12:00:00 AM	04/11/2020  12:00:00 AM	Elective
10141	Ophthalmology	04/23/2020  12:00:00 AM	04/12/2020  12:00:00 AM	Elective
10142	Pulmonary	04/23/2020  12:00:00 AM	04/13/2020  12:00:00 AM	Urgent
10143	Thoracic	04/23/2020  12:00:00 AM	04/15/2020  12:00:00 AM	Urgent
10144	Electroconvulsive Therapy	04/23/2020  12:00:00 AM	04/13/2020  12:00:00 AM	Urgent
10145	Pain	04/23/2020  12:00:00 AM	04/08/2020  12:00:00 AM	Urgent
10146	Hepatology	04/23/2020  12:00:00 AM	04/12/2020  12:00:00 AM	Urgent
10147	Thoracic	04/23/2020  12:00:00 AM	04/04/2020  12:00:00 AM	Elective
10148	Plastics	04/23/2020  12:00:00 AM	04/15/2020  12:00:00 AM	Elective
10149	Electrophysiology	04/23/2020  12:00:00 AM	04/11/2020  12:00:00 AM	Urgent
10150	General	04/23/2020  12:00:00 AM	04/14/2020  12:00:00 AM	Elective
10151	Obstetrics	04/23/2020  12:00:00 AM	04/10/2020  12:00:00 AM	Elective
10152	Urology	04/23/2020  12:00:00 AM	04/05/2020  12:00:00 AM	Elective
10153	Electroconvulsive Therapy	04/23/2020  12:00:00 AM	04/14/2020  12:00:00 AM	Elective
10154	General	04/23/2020  12:00:00 AM	04/14/2020  12:00:00 AM	Elective
10155	Urology	04/23/2020  12:00:00 AM	04/17/2020  12:00:00 AM	Elective
10156	Gastroenterology	04/23/2020  12:00:00 AM	04/15/2020  12:00:00 AM	Urgent
10157	Hepatology	04/23/2020  12:00:00 AM	04/11/2020  12:00:00 AM	Elective
10158	Neurosurgery	04/23/2020  12:00:00 AM	04/15/2020  12:00:00 AM	Elective
10159	Thoracic	04/23/2020  12:00:00 AM	04/15/2020  12:00:00 AM	Urgent
10160	Urology	04/23/2020  12:00:00 AM	04/06/2020  12:00:00 AM	Elective
10161	Pain	04/23/2020  12:00:00 AM	04/06/2020  12:00:00 AM	Urgent
10162	Neurosurgery	04/23/2020  12:00:00 AM	04/14/2020  12:00:00 AM	Urgent
10163	Gynecology	04/23/2020  12:00:00 AM	04/21/2020  12:00:00 AM	Elective
10164	Pain	04/23/2020  12:00:00 AM	04/15/2020  12:00:00 AM	Elective
10165	Plastics	04/23/2020  12:00:00 AM	04/11/2020  12:00:00 AM	Elective
10166	Obstetrics	04/23/2020  12:00:00 AM	04/15/2020  12:00:00 AM	Elective
10167	Cardiac	04/23/2020  12:00:00 AM	04/06/2020  12:00:00 AM	Urgent
10168	Neurosurgery	04/23/2020  12:00:00 AM	04/16/2020  12:00:00 AM	Urgent
10169	Interventional Radiology	04/23/2020  12:00:00 AM	04/09/2020  12:00:00 AM	Urgent
10170	Neuroradiology	04/23/2020  12:00:00 AM	04/16/2020  12:00:00 AM	Elective
10171	Vascular	04/23/2020  12:00:00 AM	04/20/2020  12:00:00 AM	Urgent
10172	Urology	04/23/2020  12:00:00 AM	04/04/2020  12:00:00 AM	Urgent
10173	Cardiac	04/23/2020  12:00:00 AM	04/22/2020  12:00:00 AM	Elective
10174	Gastroenterology	04/23/2020  12:00:00 AM	04/12/2020  12:00:00 AM	Urgent
10175	Orthopedics	04/23/2020  12:00:00 AM	04/09/2020  12:00:00 AM	Elective
10176	Electroconvulsive Therapy	04/23/2020  12:00:00 AM	04/14/2020  12:00:00 AM	Urgent
10177	Obstetrics	04/23/2020  12:00:00 AM	04/17/2020  12:00:00 AM	Urgent
10178	Pulmonary	04/23/2020  12:00:00 AM	04/10/2020  12:00:00 AM	Urgent
10179	Pain	04/23/2020  12:00:00 AM	04/16/2020  12:00:00 AM	Elective
10180	Dental	04/23/2020  12:00:00 AM	04/19/2020  12:00:00 AM	Urgent
10181	Pulmonary	04/23/2020  12:00:00 AM	04/13/2020  12:00:00 AM	Elective
10182	Pain	04/23/2020  12:00:00 AM	04/16/2020  12:00:00 AM	Urgent
10183	Pain	04/23/2020  12:00:00 AM	04/10/2020  12:00:00 AM	Elective
10184	Interventional Radiology	04/23/2020  12:00:00 AM	04/06/2020  12:00:00 AM	Elective
10185	Interventional Radiology	04/23/2020  12:00:00 AM	04/11/2020  12:00:00 AM	Urgent
10186	Pulmonary	04/23/2020  12:00:00 AM	04/16/2020  12:00:00 AM	Elective
10187	Thoracic	04/23/2020  12:00:00 AM	04/20/2020  12:00:00 AM	Elective
10188	Plastics	04/23/2020  12:00:00 AM	04/12/2020  12:00:00 AM	Urgent
10189	Interventional Radiology	04/23/2020  12:00:00 AM	04/21/2020  12:00:00 AM	Elective
10190	Electroconvulsive Therapy	04/23/2020  12:00:00 AM	04/12/2020  12:00:00 AM	Urgent
10191	Gastroenterology	04/23/2020  12:00:00 AM	04/11/2020  12:00:00 AM	Elective
10192	Interventional Radiology	04/23/2020  12:00:00 AM	04/22/2020  12:00:00 AM	Urgent
10193	Vascular	04/23/2020  12:00:00 AM	04/18/2020  12:00:00 AM	Urgent
10194	Podiatry	04/23/2020  12:00:00 AM	04/08/2020  12:00:00 AM	Urgent
10195	Neurosurgery	04/23/2020  12:00:00 AM	04/15/2020  12:00:00 AM	Elective
10196	Plastics	04/23/2020  12:00:00 AM	04/13/2020  12:00:00 AM	Elective
10197	Neurosurgery	04/23/2020  12:00:00 AM	04/16/2020  12:00:00 AM	Urgent
10198	Gynecology	04/23/2020  12:00:00 AM	04/13/2020  12:00:00 AM	Elective
10199	General	04/23/2020  12:00:00 AM	04/11/2020  12:00:00 AM	Urgent
10200	Dental	04/23/2020  12:00:00 AM	04/15/2020  12:00:00 AM	Elective
10201	Neurosurgery	04/23/2020  12:00:00 AM	04/16/2020  12:00:00 AM	Urgent
10202	Dental	04/23/2020  12:00:00 AM	04/05/2020  12:00:00 AM	Urgent
10203	Urology	04/23/2020  12:00:00 AM	04/18/2020  12:00:00 AM	Urgent
10204	Pain	04/23/2020  12:00:00 AM	04/21/2020  12:00:00 AM	Elective
10205	Urology	04/23/2020  12:00:00 AM	04/15/2020  12:00:00 AM	Elective
10206	Obstetrics	04/23/2020  12:00:00 AM	04/22/2020  12:00:00 AM	Urgent
10207	Cardiac	04/23/2020  12:00:00 AM	04/10/2020  12:00:00 AM	Urgent
10208	Pain	04/23/2020  12:00:00 AM	04/08/2020  12:00:00 AM	Elective
10209	Electroconvulsive Therapy	04/23/2020  12:00:00 AM	04/18/2020  12:00:00 AM	Elective
10210	Hepatology	04/23/2020  12:00:00 AM	04/04/2020  12:00:00 AM	Elective
10211	Interventional Radiology	04/23/2020  12:00:00 AM	04/10/2020  12:00:00 AM	Urgent
10212	Podiatry	04/23/2020  12:00:00 AM	04/17/2020  12:00:00 AM	Elective
10213	Pain	04/23/2020  12:00:00 AM	04/14/2020  12:00:00 AM	Urgent
10214	Plastics	04/23/2020  12:00:00 AM	04/21/2020  12:00:00 AM	Urgent
10215	Vascular	04/23/2020  12:00:00 AM	04/14/2020  12:00:00 AM	Urgent
10216	Cardiac	04/23/2020  12:00:00 AM	04/17/2020  12:00:00 AM	Urgent
10217	General	04/23/2020  12:00:00 AM	04/13/2020  12:00:00 AM	Elective
10218	Electroconvulsive Therapy	04/23/2020  12:00:00 AM	04/06/2020  12:00:00 AM	Elective
10219	Pain	04/23/2020  12:00:00 AM	04/13/2020  12:00:00 AM	Elective
10220	Hepatology	04/23/2020  12:00:00 AM	04/10/2020  12:00:00 AM	Elective
10221	Orthopedics	04/23/2020  12:00:00 AM	04/18/2020  12:00:00 AM	Elective
10222	Plastics	04/23/2020  12:00:00 AM	04/17/2020  12:00:00 AM	Urgent
10223	Pain	04/23/2020  12:00:00 AM	04/20/2020  12:00:00 AM	Elective
10224	Neuroradiology	04/23/2020  12:00:00 AM	04/10/2020  12:00:00 AM	Elective
10225	Cardiac	04/23/2020  12:00:00 AM	04/05/2020  12:00:00 AM	Elective
10226	Gastroenterology	04/23/2020  12:00:00 AM	04/22/2020  12:00:00 AM	Urgent
10227	Pulmonary	04/23/2020  12:00:00 AM	04/21/2020  12:00:00 AM	Elective
10228	Obstetrics	04/23/2020  12:00:00 AM	04/17/2020  12:00:00 AM	Elective
10229	Interventional Radiology	04/23/2020  12:00:00 AM	04/08/2020  12:00:00 AM	Elective
10230	Electroconvulsive Therapy	04/23/2020  12:00:00 AM	04/19/2020  12:00:00 AM	Urgent
10231	Hepatology	04/23/2020  12:00:00 AM	04/05/2020  12:00:00 AM	Urgent
10232	Plastics	04/23/2020  12:00:00 AM	04/08/2020  12:00:00 AM	Urgent
10233	Interventional Radiology	04/23/2020  12:00:00 AM	04/05/2020  12:00:00 AM	Elective
10234	Electrophysiology	04/23/2020  12:00:00 AM	04/12/2020  12:00:00 AM	Elective
10235	Obstetrics	04/23/2020  12:00:00 AM	04/04/2020  12:00:00 AM	Elective
10236	Pulmonary	04/23/2020  12:00:00 AM	04/22/2020  12:00:00 AM	Urgent
10237	Ophthalmology	04/23/2020  12:00:00 AM	04/07/2020  12:00:00 AM	Urgent
10238	General	04/23/2020  12:00:00 AM	04/05/2020  12:00:00 AM	Urgent
10239	Electrophysiology	04/23/2020  12:00:00 AM	04/22/2020  12:00:00 AM	Urgent
10240	General	04/23/2020  12:00:00 AM	04/17/2020  12:00:00 AM	Urgent
10241	Ophthalmology	04/23/2020  12:00:00 AM	04/15/2020  12:00:00 AM	Urgent
10242	Neurosurgery	04/23/2020  12:00:00 AM	04/16/2020  12:00:00 AM	Elective
10243	Urology	04/23/2020  12:00:00 AM	04/13/2020  12:00:00 AM	Elective
10244	Neuroradiology	04/23/2020  12:00:00 AM	04/12/2020  12:00:00 AM	Urgent
10245	Ophthalmology	04/23/2020  12:00:00 AM	04/16/2020  12:00:00 AM	Elective
10246	Dental	04/23/2020  12:00:00 AM	04/07/2020  12:00:00 AM	Elective
10247	Pulmonary	04/23/2020  12:00:00 AM	04/19/2020  12:00:00 AM	Urgent
10248	Obstetrics	04/23/2020  12:00:00 AM	04/06/2020  12:00:00 AM	Urgent
10249	Ophthalmology	04/23/2020  12:00:00 AM	04/17/2020  12:00:00 AM	Elective
10250	Urology	04/23/2020  12:00:00 AM	04/11/2020  12:00:00 AM	Elective
10251	Dental	04/23/2020  12:00:00 AM	04/10/2020  12:00:00 AM	Elective
10252	Interventional Radiology	04/23/2020  12:00:00 AM	04/15/2020  12:00:00 AM	Elective
10253	Neuroradiology	04/23/2020  12:00:00 AM	04/04/2020  12:00:00 AM	Urgent
10254	Hepatology	04/23/2020  12:00:00 AM	04/14/2020  12:00:00 AM	Urgent
10255	Dental	04/23/2020  12:00:00 AM	04/12/2020  12:00:00 AM	Elective
10256	Dental	04/23/2020  12:00:00 AM	04/15/2020  12:00:00 AM	Elective
10257	Vascular	04/23/2020  12:00:00 AM	04/17/2020  12:00:00 AM	Elective
10258	Dental	04/23/2020  12:00:00 AM	04/17/2020  12:00:00 AM	Elective
10259	General	04/23/2020  12:00:00 AM	04/15/2020  12:00:00 AM	Elective
10260	Interventional Radiology	04/23/2020  12:00:00 AM	04/16/2020  12:00:00 AM	Urgent
10261	Pulmonary	04/23/2020  12:00:00 AM	04/21/2020  12:00:00 AM	Elective
10262	Electroconvulsive Therapy	04/23/2020  12:00:00 AM	04/12/2020  12:00:00 AM	Elective
10263	General	04/23/2020  12:00:00 AM	04/06/2020  12:00:00 AM	Urgent
10264	Gastroenterology	04/23/2020  12:00:00 AM	04/17/2020  12:00:00 AM	Urgent
10265	Gynecology	04/23/2020  12:00:00 AM	04/08/2020  12:00:00 AM	Urgent
10266	Gastroenterology	04/23/2020  12:00:00 AM	04/05/2020  12:00:00 AM	Urgent
10267	Pulmonary	04/23/2020  12:00:00 AM	04/09/2020  12:00:00 AM	Urgent
10268	Urology	04/23/2020  12:00:00 AM	04/22/2020  12:00:00 AM	Urgent
10269	Urology	04/23/2020  12:00:00 AM	04/06/2020  12:00:00 AM	Urgent
10270	Neurosurgery	04/23/2020  12:00:00 AM	04/16/2020  12:00:00 AM	Urgent
10271	Pain	04/23/2020  12:00:00 AM	04/15/2020  12:00:00 AM	Urgent
10272	Interventional Radiology	04/23/2020  12:00:00 AM	04/21/2020  12:00:00 AM	Urgent
10273	Gastroenterology	04/23/2020  12:00:00 AM	04/20/2020  12:00:00 AM	Elective
10274	Hepatology	04/23/2020  12:00:00 AM	04/11/2020  12:00:00 AM	Elective
10275	Neurosurgery	04/23/2020  12:00:00 AM	04/18/2020  12:00:00 AM	Urgent
10276	Orthopedics	04/23/2020  12:00:00 AM	04/16/2020  12:00:00 AM	Urgent
10277	Orthopedics	04/23/2020  12:00:00 AM	04/20/2020  12:00:00 AM	Urgent
10278	Podiatry	04/23/2020  12:00:00 AM	04/13/2020  12:00:00 AM	Urgent
10279	Cardiac	04/23/2020  12:00:00 AM	04/21/2020  12:00:00 AM	Urgent
10280	Orthopedics	04/23/2020  12:00:00 AM	04/05/2020  12:00:00 AM	Urgent
10281	Podiatry	04/23/2020  12:00:00 AM	04/10/2020  12:00:00 AM	Elective
10282	Obstetrics	04/23/2020  12:00:00 AM	04/12/2020  12:00:00 AM	Elective
10283	Gastroenterology	04/23/2020  12:00:00 AM	04/22/2020  12:00:00 AM	Urgent
10284	Dental	04/23/2020  12:00:00 AM	04/20/2020  12:00:00 AM	Urgent
10285	Gynecology	04/23/2020  12:00:00 AM	04/17/2020  12:00:00 AM	Urgent
10286	Pulmonary	04/23/2020  12:00:00 AM	04/17/2020  12:00:00 AM	Urgent
10287	Interventional Radiology	04/23/2020  12:00:00 AM	04/12/2020  12:00:00 AM	Elective
10288	Electrophysiology	04/23/2020  12:00:00 AM	04/15/2020  12:00:00 AM	Urgent
10289	Plastics	04/23/2020  12:00:00 AM	04/15/2020  12:00:00 AM	Elective
10290	Neuroradiology	04/23/2020  12:00:00 AM	04/06/2020  12:00:00 AM	Elective
10291	Orthopedics	04/23/2020  12:00:00 AM	04/05/2020  12:00:00 AM	Elective
10292	Thoracic	04/23/2020  12:00:00 AM	04/05/2020  12:00:00 AM	Urgent
10293	Vascular	04/23/2020  12:00:00 AM	04/20/2020  12:00:00 AM	Elective
10294	Pulmonary	04/23/2020  12:00:00 AM	04/15/2020  12:00:00 AM	Urgent
10295	Dental	04/23/2020  12:00:00 AM	04/22/2020  12:00:00 AM	Urgent
10296	General	04/23/2020  12:00:00 AM	04/05/2020  12:00:00 AM	Urgent
10297	Vascular	04/23/2020  12:00:00 AM	04/19/2020  12:00:00 AM	Elective
10298	Neurosurgery	04/23/2020  12:00:00 AM	04/04/2020  12:00:00 AM	Elective
10299	Interventional Radiology	04/23/2020  12:00:00 AM	04/04/2020  12:00:00 AM	Urgent
10300	Electroconvulsive Therapy	04/23/2020  12:00:00 AM	04/18/2020  12:00:00 AM	Elective
10301	Pulmonary	04/23/2020  12:00:00 AM	04/08/2020  12:00:00 AM	Urgent
10302	Urology	04/23/2020  12:00:00 AM	04/22/2020  12:00:00 AM	Elective
10303	Neurosurgery	04/23/2020  12:00:00 AM	04/17/2020  12:00:00 AM	Elective
10304	Thoracic	04/23/2020  12:00:00 AM	04/11/2020  12:00:00 AM	Elective
10305	Neuroradiology	04/23/2020  12:00:00 AM	04/15/2020  12:00:00 AM	Elective
10306	General	04/23/2020  12:00:00 AM	04/19/2020  12:00:00 AM	Urgent
10307	Neurosurgery	04/23/2020  12:00:00 AM	04/04/2020  12:00:00 AM	Elective
10308	Podiatry	04/23/2020  12:00:00 AM	04/07/2020  12:00:00 AM	Elective
10309	Pain	04/23/2020  12:00:00 AM	04/07/2020  12:00:00 AM	Urgent
10310	Orthopedics	04/23/2020  12:00:00 AM	04/22/2020  12:00:00 AM	Urgent
10311	Obstetrics	04/23/2020  12:00:00 AM	04/07/2020  12:00:00 AM	Urgent
10312	Neurosurgery	04/23/2020  12:00:00 AM	04/18/2020  12:00:00 AM	Urgent
10313	Plastics	04/23/2020  12:00:00 AM	04/14/2020  12:00:00 AM	Elective
10314	Orthopedics	04/23/2020  12:00:00 AM	04/08/2020  12:00:00 AM	Elective
10315	Obstetrics	04/23/2020  12:00:00 AM	04/13/2020  12:00:00 AM	Urgent
10316	Electrophysiology	04/23/2020  12:00:00 AM	04/22/2020  12:00:00 AM	Urgent
10317	Urology	04/23/2020  12:00:00 AM	04/19/2020  12:00:00 AM	Urgent
10318	Hepatology	04/23/2020  12:00:00 AM	04/16/2020  12:00:00 AM	Elective
10319	Thoracic	04/23/2020  12:00:00 AM	04/22/2020  12:00:00 AM	Elective
10320	Pain	04/23/2020  12:00:00 AM	04/04/2020  12:00:00 AM	Elective
10321	Plastics	04/23/2020  12:00:00 AM	04/07/2020  12:00:00 AM	Urgent
10322	Plastics	04/23/2020  12:00:00 AM	04/11/2020  12:00:00 AM	Urgent
10323	Interventional Radiology	04/23/2020  12:00:00 AM	04/16/2020  12:00:00 AM	Elective
10324	Dental	04/23/2020  12:00:00 AM	04/14/2020  12:00:00 AM	Elective
10325	Interventional Radiology	04/23/2020  12:00:00 AM	04/09/2020  12:00:00 AM	Elective
10326	General	04/23/2020  12:00:00 AM	04/22/2020  12:00:00 AM	Urgent
10327	Electroconvulsive Therapy	04/23/2020  12:00:00 AM	04/15/2020  12:00:00 AM	Urgent
10328	Vascular	04/23/2020  12:00:00 AM	04/14/2020  12:00:00 AM	Elective
10329	Podiatry	04/23/2020  12:00:00 AM	04/22/2020  12:00:00 AM	Urgent
10330	Cardiac	04/23/2020  12:00:00 AM	04/20/2020  12:00:00 AM	Urgent
10331	Interventional Radiology	04/23/2020  12:00:00 AM	04/22/2020  12:00:00 AM	Urgent
10332	Neurosurgery	04/23/2020  12:00:00 AM	04/15/2020  12:00:00 AM	Elective
10333	Podiatry	04/23/2020  12:00:00 AM	04/05/2020  12:00:00 AM	Urgent
10334	Interventional Radiology	04/23/2020  12:00:00 AM	04/21/2020  12:00:00 AM	Urgent
10335	Thoracic	04/23/2020  12:00:00 AM	04/22/2020  12:00:00 AM	Elective
10336	Dental	04/23/2020  12:00:00 AM	04/18/2020  12:00:00 AM	Elective
10337	Interventional Radiology	04/23/2020  12:00:00 AM	04/22/2020  12:00:00 AM	Urgent
10338	Neuroradiology	04/23/2020  12:00:00 AM	04/17/2020  12:00:00 AM	Urgent
10339	Pulmonary	04/23/2020  12:00:00 AM	04/11/2020  12:00:00 AM	Urgent
10340	Neurosurgery	04/23/2020  12:00:00 AM	04/05/2020  12:00:00 AM	Urgent
10341	Neurosurgery	04/23/2020  12:00:00 AM	04/15/2020  12:00:00 AM	Urgent
10342	Hepatology	04/23/2020  12:00:00 AM	04/08/2020  12:00:00 AM	Urgent
10343	Urology	04/23/2020  12:00:00 AM	04/11/2020  12:00:00 AM	Elective
10344	Dental	04/23/2020  12:00:00 AM	04/08/2020  12:00:00 AM	Urgent
10345	Hepatology	04/23/2020  12:00:00 AM	04/14/2020  12:00:00 AM	Urgent
10346	Neuroradiology	04/23/2020  12:00:00 AM	04/09/2020  12:00:00 AM	Urgent
10347	Vascular	04/23/2020  12:00:00 AM	04/18/2020  12:00:00 AM	Elective
10348	Cardiac	04/23/2020  12:00:00 AM	04/19/2020  12:00:00 AM	Elective
10349	Gastroenterology	04/23/2020  12:00:00 AM	04/12/2020  12:00:00 AM	Urgent
10350	Interventional Radiology	04/23/2020  12:00:00 AM	04/15/2020  12:00:00 AM	Urgent
10351	Ophthalmology	04/23/2020  12:00:00 AM	04/19/2020  12:00:00 AM	Elective
10352	Vascular	04/23/2020  12:00:00 AM	04/18/2020  12:00:00 AM	Elective
10353	Gastroenterology	04/23/2020  12:00:00 AM	04/13/2020  12:00:00 AM	Elective
10354	Neurosurgery	04/23/2020  12:00:00 AM	04/12/2020  12:00:00 AM	Elective
10355	Hepatology	04/23/2020  12:00:00 AM	04/09/2020  12:00:00 AM	Elective
10356	Gastroenterology	04/23/2020  12:00:00 AM	04/04/2020  12:00:00 AM	Elective
10357	Ophthalmology	04/23/2020  12:00:00 AM	04/10/2020  12:00:00 AM	Elective
10358	Gynecology	04/23/2020  12:00:00 AM	04/16/2020  12:00:00 AM	Elective
10359	Gynecology	04/23/2020  12:00:00 AM	04/22/2020  12:00:00 AM	Elective
10360	Podiatry	04/23/2020  12:00:00 AM	04/18/2020  12:00:00 AM	Elective
10361	Cardiac	04/23/2020  12:00:00 AM	04/19/2020  12:00:00 AM	Urgent
10362	Cardiac	04/23/2020  12:00:00 AM	04/09/2020  12:00:00 AM	Urgent
10363	Gastroenterology	04/23/2020  12:00:00 AM	04/16/2020  12:00:00 AM	Elective
10364	Orthopedics	04/23/2020  12:00:00 AM	04/11/2020  12:00:00 AM	Elective
10365	Vascular	04/23/2020  12:00:00 AM	04/20/2020  12:00:00 AM	Urgent
10366	Obstetrics	04/23/2020  12:00:00 AM	04/18/2020  12:00:00 AM	Urgent
10367	Pain	04/23/2020  12:00:00 AM	04/14/2020  12:00:00 AM	Elective
10368	Pulmonary	04/23/2020  12:00:00 AM	04/17/2020  12:00:00 AM	Elective
10369	Obstetrics	04/23/2020  12:00:00 AM	04/17/2020  12:00:00 AM	Elective
10370	Neurosurgery	04/23/2020  12:00:00 AM	04/15/2020  12:00:00 AM	Urgent
10371	Gastroenterology	04/23/2020  12:00:00 AM	04/15/2020  12:00:00 AM	Urgent
10372	Interventional Radiology	04/23/2020  12:00:00 AM	04/18/2020  12:00:00 AM	Elective
10373	Gastroenterology	04/23/2020  12:00:00 AM	04/10/2020  12:00:00 AM	Elective
10374	Plastics	04/23/2020  12:00:00 AM	04/17/2020  12:00:00 AM	Urgent
10375	Orthopedics	04/23/2020  12:00:00 AM	04/14/2020  12:00:00 AM	Elective
10376	Pulmonary	04/23/2020  12:00:00 AM	04/19/2020  12:00:00 AM	Urgent
10377	Hepatology	04/23/2020  12:00:00 AM	04/22/2020  12:00:00 AM	Elective
10378	Urology	04/23/2020  12:00:00 AM	04/18/2020  12:00:00 AM	Elective
10379	Ophthalmology	04/23/2020  12:00:00 AM	04/16/2020  12:00:00 AM	Elective
10380	Thoracic	04/23/2020  12:00:00 AM	04/12/2020  12:00:00 AM	Elective
10381	Gynecology	04/23/2020  12:00:00 AM	04/15/2020  12:00:00 AM	Urgent
10382	Thoracic	04/23/2020  12:00:00 AM	04/22/2020  12:00:00 AM	Elective
10383	Urology	04/23/2020  12:00:00 AM	04/09/2020  12:00:00 AM	Elective
10384	Pulmonary	04/23/2020  12:00:00 AM	04/16/2020  12:00:00 AM	Elective
10385	Orthopedics	04/23/2020  12:00:00 AM	04/07/2020  12:00:00 AM	Elective
10386	General	04/23/2020  12:00:00 AM	04/21/2020  12:00:00 AM	Elective
10387	Plastics	04/23/2020  12:00:00 AM	04/09/2020  12:00:00 AM	Urgent
10388	Gynecology	04/23/2020  12:00:00 AM	04/19/2020  12:00:00 AM	Urgent
10389	Neuroradiology	04/23/2020  12:00:00 AM	04/21/2020  12:00:00 AM	Urgent
10390	Electroconvulsive Therapy	04/23/2020  12:00:00 AM	04/08/2020  12:00:00 AM	Elective
10391	Hepatology	04/23/2020  12:00:00 AM	04/08/2020  12:00:00 AM	Urgent
10392	Urology	04/23/2020  12:00:00 AM	04/22/2020  12:00:00 AM	Elective
10393	Hepatology	04/23/2020  12:00:00 AM	04/12/2020  12:00:00 AM	Urgent
10394	Podiatry	04/23/2020  12:00:00 AM	04/16/2020  12:00:00 AM	Urgent
10395	General	04/23/2020  12:00:00 AM	04/15/2020  12:00:00 AM	Urgent
10396	Orthopedics	04/23/2020  12:00:00 AM	04/15/2020  12:00:00 AM	Elective
10397	Pain	04/23/2020  12:00:00 AM	04/19/2020  12:00:00 AM	Elective
10398	Hepatology	04/23/2020  12:00:00 AM	04/08/2020  12:00:00 AM	Elective
10399	Neuroradiology	04/23/2020  12:00:00 AM	04/16/2020  12:00:00 AM	Elective
10400	Ophthalmology	04/23/2020  12:00:00 AM	04/10/2020  12:00:00 AM	Elective
10401	Dental	04/23/2020  12:00:00 AM	04/18/2020  12:00:00 AM	Elective
10402	Pain	04/23/2020  12:00:00 AM	04/14/2020  12:00:00 AM	Elective
10403	Neurosurgery	04/23/2020  12:00:00 AM	04/19/2020  12:00:00 AM	Elective
10404	Pulmonary	04/23/2020  12:00:00 AM	04/20/2020  12:00:00 AM	Urgent
10405	Pain	04/23/2020  12:00:00 AM	04/09/2020  12:00:00 AM	Elective
10406	Vascular	04/23/2020  12:00:00 AM	04/05/2020  12:00:00 AM	Urgent
10407	Pulmonary	04/23/2020  12:00:00 AM	04/19/2020  12:00:00 AM	Elective
10408	Interventional Radiology	04/23/2020  12:00:00 AM	04/17/2020  12:00:00 AM	Elective
10409	Gastroenterology	04/23/2020  12:00:00 AM	04/16/2020  12:00:00 AM	Elective
10410	Gynecology	04/23/2020  12:00:00 AM	04/11/2020  12:00:00 AM	Elective
10411	Neurosurgery	04/23/2020  12:00:00 AM	04/11/2020  12:00:00 AM	Elective
10412	Plastics	04/23/2020  12:00:00 AM	04/18/2020  12:00:00 AM	Elective
10413	Pain	04/23/2020  12:00:00 AM	04/06/2020  12:00:00 AM	Urgent
10414	Neurosurgery	04/23/2020  12:00:00 AM	04/19/2020  12:00:00 AM	Elective
