LOG_ID	OR_SERVICE	SURGERY_DATE	FIRST_SCHED_DATE	CASE_CLASS
10001	Pulmonary	05/11/2020  12:00:00 AM	05/07/2020  12:00:00 AM	Elective
10002	Hepatology	05/11/2020  12:00:00 AM	04/25/2020  12:00:00 AM	Elective
10003	Pain	05/11/2020  12:00:00 AM	05/01/2020  12:00:00 AM	Elective
10004	Electroconvulsive Therapy	05/11/2020  12:00:00 AM	04/27/2020  12:00:00 AM	Elective
10005	Electrophysiology	05/11/2020  12:00:00 AM	05/04/2020  12:00:00 AM	Urgent
10006	Cardiac	05/11/2020  12:00:00 AM	04/28/2020  12:00:00 AM	Urgent
10007	General	05/11/2020  12:00:00 AM	04/25/2020  12:00:00 AM	Urgent
10008	Gynecology	05/11/2020  12:00:00 AM	04/22/2020  12:00:00 AM	Urgent
10009	Urology	05/11/2020  12:00:00 AM	05/05/2020  12:00:00 AM	Elective
10010	General	05/11/2020  12:00:00 AM	04/24/2020  12:00:00 AM	Urgent
10011	Ophthalmology	05/11/2020  12:00:00 AM	05/05/2020  12:00:00 AM	Urgent
10012	Pulmonary	05/11/2020  12:00:00 AM	04/28/2020  12:00:00 AM	Elective
10013	Ophthalmology	05/11/2020  12:00:00 AM	05/10/2020  12:00:00 AM	Elective
10014	Obstetrics	05/11/2020  12:00:00 AM	05/06/2020  12:00:00 AM	Urgent
10015	Cardiac	05/11/2020  12:00:00 AM	04/28/2020  12:00:00 AM	Urgent
10016	Pain	05/11/2020  12:00:00 AM	04/30/2020  12:00:00 AM	Urgent
10017	Podiatry	05/11/2020  12:00:00 AM	05/09/2020  12:00:00 AM	Elective
10018	Dental	05/11/2020  12:00:00 AM	04/25/2020  12:00:00 AM	Urgent
10019	Vascular	05/11/2020  12:00:00 AM	05/08/2020  12:00:00 AM	Urgent
10020	Podiatry	05/11/2020  12:00:00 AM	04/28/2020  12:00:00 AM	Urgent
10021	Ophthalmology	05/11/2020  12:00:00 AM	05/03/2020  12:00:00 AM	Elective
10022	Obstetrics	05/11/2020  12:00:00 AM	04/25/2020  12:00:00 AM	Urgent
10023	Electroconvulsive Therapy	05/11/2020  12:00:00 AM	04/25/2020  12:00:00 AM	Elective
10024	General	05/11/2020  12:00:00 AM	04/25/2020  12:00:00 AM	Urgent
10025	Urology	05/11/2020  12:00:00 AM	05/08/2020  12:00:00 AM	Urgent
10026	Obstetrics	05/11/2020  12:00:00 AM	05/03/2020  12:00:00 AM	Urgent
10027	Pain	05/11/2020  12:00:00 AM	05/09/2020  12:00:00 AM	Urgent
10028	Plastics	05/11/2020  12:00:00 AM	05/04/2020  12:00:00 AM	Elective
10029	Podiatry	05/11/2020  12:00:00 AM	05/06/2020  12:00:00 AM	Elective
10030	Hepatology	05/11/2020  12:00:00 AM	04/29/2020  12:00:00 AM	Elective
10031	Plastics	05/11/2020  12:00:00 AM	05/01/2020  12:00:00 AM	Urgent
10032	Neuroradiology	05/11/2020  12:00:00 AM	05/01/2020  12:00:00 AM	Urgent
10033	Pulmonary	05/11/2020  12:00:00 AM	04/26/2020  12:00:00 AM	Elective
10034	Vascular	05/11/2020  12:00:00 AM	05/01/2020  12:00:00 AM	Elective
10035	Podiatry	05/11/2020  12:00:00 AM	04/23/2020  12:00:00 AM	Elective
10036	Cardiac	05/11/2020  12:00:00 AM	04/23/2020  12:00:00 AM	Elective
10037	Plastics	05/11/2020  12:00:00 AM	04/28/2020  12:00:00 AM	Elective
10038	Ophthalmology	05/11/2020  12:00:00 AM	05/08/2020  12:00:00 AM	Elective
10039	Hepatology	05/11/2020  12:00:00 AM	05/03/2020  12:00:00 AM	Elective
10040	Gynecology	05/11/2020  12:00:00 AM	05/05/2020  12:00:00 AM	Elective
10041	Dental	05/11/2020  12:00:00 AM	05/03/2020  12:00:00 AM	Urgent
10042	Orthopedics	05/11/2020  12:00:00 AM	05/07/2020  12:00:00 AM	Elective
10043	Interventional Radiology	05/11/2020  12:00:00 AM	05/03/2020  12:00:00 AM	Elective
10044	General	05/11/2020  12:00:00 AM	04/29/2020  12:00:00 AM	Urgent
10045	Electroconvulsive Therapy	05/11/2020  12:00:00 AM	04/26/2020  12:00:00 AM	Elective
10046	Gastroenterology	05/11/2020  12:00:00 AM	05/02/2020  12:00:00 AM	Urgent
10047	Hepatology	05/11/2020  12:00:00 AM	04/30/2020  12:00:00 AM	Elective
10048	Electrophysiology	05/11/2020  12:00:00 AM	04/25/2020  12:00:00 AM	Urgent
10049	Gynecology	05/11/2020  12:00:00 AM	04/25/2020  12:00:00 AM	Urgent
10050	Electrophysiology	05/11/2020  12:00:00 AM	04/23/2020  12:00:00 AM	Urgent
10051	Gynecology	05/11/2020  12:00:00 AM	05/02/2020  12:00:00 AM	Elective
10052	Interventional Radiology	05/11/2020  12:00:00 AM	05/03/2020  12:00:00 AM	Elective
10053	General	05/11/2020  12:00:00 AM	04/30/2020  12:00:00 AM	Urgent
10054	Thoracic	05/11/2020  12:00:00 AM	05/06/2020  12:00:00 AM	Urgent
10055	Pulmonary	05/11/2020  12:00:00 AM	05/06/2020  12:00:00 AM	Elective
10056	Neurosurgery	05/11/2020  12:00:00 AM	05/03/2020  12:00:00 AM	Urgent
10057	Ophthalmology	05/11/2020  12:00:00 AM	05/03/2020  12:00:00 AM	Elective
10058	Pain	05/11/2020  12:00:00 AM	05/05/2020  12:00:00 AM	Elective
10059	Pain	05/11/2020  12:00:00 AM	04/24/2020  12:00:00 AM	Urgent
10060	Neurosurgery	05/11/2020  12:00:00 AM	04/26/2020  12:00:00 AM	Elective
10061	Vascular	05/11/2020  12:00:00 AM	04/22/2020  12:00:00 AM	Urgent
10062	Plastics	05/11/2020  12:00:00 AM	05/08/2020  12:00:00 AM	Urgent
10063	Neurosurgery	05/11/2020  12:00:00 AM	05/06/2020  12:00:00 AM	Elective
10064	Electroconvulsive Therapy	05/11/2020  12:00:00 AM	05/02/2020  12:00:00 AM	Elective
10065	Hepatology	05/11/2020  12:00:00 AM	05/06/2020  12:00:00 AM	Elective
10066	Hepatology	05/11/2020  12:00:00 AM	05/10/2020  12:00:00 AM	Urgent
10067	General	05/11/2020  12:00:00 AM	04/24/2020  12:00:00 AM	Elective
10068	Orthopedics	05/11/2020  12:00:00 AM	04/26/2020  12:00:00 AM	Urgent
10069	Ophthalmology	05/11/2020  12:00:00 AM	05/10/2020  12:00:00 AM	Elective
10070	Electroconvulsive Therapy	05/11/2020  12:00:00 AM	04/22/2020  12:00:00 AM	Elective
10071	Plastics	05/11/2020  12:00:00 AM	04/28/2020  12:00:00 AM	Urgent
10072	Obstetrics	05/11/2020  12:00:00 AM	05/09/2020  12:00:00 AM	Urgent
10073	Orthopedics	05/11/2020  12:00:00 AM	04/30/2020  12:00:00 AM	Elective
10074	Hepatology	05/11/2020  12:00:00 AM	05/02/2020  12:00:00 AM	Elective
10075	Interventional Radiology	05/11/2020  12:00:00 AM	04/25/2020  12:00:00 AM	Elective
10076	Thoracic	05/11/2020  12:00:00 AM	05/09/2020  12:00:00 AM	Elective
10077	Gastroenterology	05/11/2020  12:00:00 AM	04/28/2020  12:00:00 AM	Urgent
10078	Pulmonary	05/11/2020  12:00:00 AM	05/01/2020  12:00:00 AM	Urgent
10079	Orthopedics	05/11/2020  12:00:00 AM	04/27/2020  12:00:00 AM	Elective
10080	Neurosurgery	05/11/2020  12:00:00 AM	05/06/2020  12:00:00 AM	Urgent
10081	Electroconvulsive Therapy	05/11/2020  12:00:00 AM	05/03/2020  12:00:00 AM	Urgent
10082	Obstetrics	05/11/2020  12:00:00 AM	04/23/2020  12:00:00 AM	Elective
10083	Obstetrics	05/11/2020  12:00:00 AM	05/05/2020  12:00:00 AM	Urgent
10084	Gastroenterology	05/11/2020  12:00:00 AM	05/03/2020  12:00:00 AM	Urgent
10085	Plastics	05/11/2020  12:00:00 AM	04/26/2020  12:00:00 AM	Elective
10086	Ophthalmology	05/11/2020  12:00:00 AM	05/03/2020  12:00:00 AM	Elective
10087	Neurosurgery	05/11/2020  12:00:00 AM	05/05/2020  12:00:00 AM	Urgent
10088	Neuroradiology	05/11/2020  12:00:00 AM	04/28/2020  12:00:00 AM	Elective
10089	Vascular	05/11/2020  12:00:00 AM	05/09/2020  12:00:00 AM	Elective
10090	Dental	05/11/2020  12:00:00 AM	04/27/2020  12:00:00 AM	Urgent
10091	Pulmonary	05/11/2020  12:00:00 AM	05/05/2020  12:00:00 AM	Elective
10092	Dental	05/11/2020  12:00:00 AM	04/25/2020  12:00:00 AM	Urgent
10093	Gynecology	05/11/2020  12:00:00 AM	04/28/2020  12:00:00 AM	Elective
10094	Obstetrics	05/11/2020  12:00:00 AM	05/07/2020  12:00:00 AM	Elective
10095	Hepatology	05/11/2020  12:00:00 AM	05/01/2020  12:00:00 AM	Urgent
10096	Dental	05/11/2020  12:00:00 AM	05/01/2020  12:00:00 AM	Urgent
10097	Gynecology	05/11/2020  12:00:00 AM	05/08/2020  12:00:00 AM	Urgent
10098	Obstetrics	05/11/2020  12:00:00 AM	05/07/2020  12:00:00 AM	Urgent
10099	Electroconvulsive Therapy	05/11/2020  12:00:00 AM	05/09/2020  12:00:00 AM	Urgent
10100	Podiatry	05/11/2020  12:00:00 AM	04/24/2020  12:00:00 AM	Urgent
10101	Thoracic	05/11/2020  12:00:00 AM	05/09/2020  12:00:00 AM	Elective
10102	Dental	05/11/2020  12:00:00 AM	05/10/2020  12:00:00 AM	Elective
10103	Pain	05/11/2020  12:00:00 AM	05/08/2020  12:00:00 AM	Urgent
10104	Neurosurgery	05/11/2020  12:00:00 AM	04/26/2020  12:00:00 AM	Elective
10105	Gastroenterology	05/11/2020  12:00:00 AM	05/06/2020  12:00:00 AM	Elective
10106	Obstetrics	05/11/2020  12:00:00 AM	05/08/2020  12:00:00 AM	Urgent
10107	Electrophysiology	05/11/2020  12:00:00 AM	05/04/2020  12:00:00 AM	Urgent
10108	Dental	05/11/2020  12:00:00 AM	04/29/2020  12:00:00 AM	Elective
10109	Ophthalmology	05/11/2020  12:00:00 AM	04/25/2020  12:00:00 AM	Urgent
10110	Pain	05/11/2020  12:00:00 AM	05/02/2020  12:00:00 AM	Urgent
10111	General	05/11/2020  12:00:00 AM	05/04/2020  12:00:00 AM	Elective
10112	Neuroradiology	05/11/2020  12:00:00 AM	05/10/2020  12:00:00 AM	Urgent
10113	General	05/11/2020  12:00:00 AM	04/26/2020  12:00:00 AM	Elective
10114	Neurosurgery	05/11/2020  12:00:00 AM	04/22/2020  12:00:00 AM	Elective
10115	Thoracic	05/11/2020  12:00:00 AM	04/23/2020  12:00:00 AM	Urgent
10116	Vascular	05/11/2020  12:00:00 AM	05/03/2020  12:00:00 AM	Urgent
10117	Orthopedics	05/11/2020  12:00:00 AM	04/28/2020  12:00:00 AM	Elective
10118	Gastroenterology	05/11/2020  12:00:00 AM	04/30/2020  12:00:00 AM	Elective
10119	General	05/11/2020  12:00:00 AM	05/02/2020  12:00:00 AM	Urgent
10120	Electroconvulsive Therapy	05/11/2020  12:00:00 AM	04/23/2020  12:00:00 AM	Urgent
10121	Plastics	05/11/2020  12:00:00 AM	05/05/2020  12:00:00 AM	Urgent
10122	Gastroenterology	05/11/2020  12:00:00 AM	05/07/2020  12:00:00 AM	Elective
10123	Interventional Radiology	05/11/2020  12:00:00 AM	04/29/2020  12:00:00 AM	Elective
10124	Neurosurgery	05/11/2020  12:00:00 AM	05/10/2020  12:00:00 AM	Urgent
10125	Obstetrics	05/11/2020  12:00:00 AM	05/08/2020  12:00:00 AM	Elective
10126	Electroconvulsive Therapy	05/11/2020  12:00:00 AM	04/27/2020  12:00:00 AM	Elective
10127	Orthopedics	05/11/2020  12:00:00 AM	04/24/2020  12:00:00 AM	Urgent
10128	Neurosurgery	05/11/2020  12:00:00 AM	05/08/2020  12:00:00 AM	Urgent
10129	General	05/11/2020  12:00:00 AM	04/22/2020  12:00:00 AM	Elective
10130	Pain	05/11/2020  12:00:00 AM	04/30/2020  12:00:00 AM	Urgent
10131	Ophthalmology	05/11/2020  12:00:00 AM	04/30/2020  12:00:00 AM	Elective
10132	Cardiac	05/11/2020  12:00:00 AM	05/04/2020  12:00:00 AM	Urgent
10133	Interventional Radiology	05/11/2020  12:00:00 AM	04/30/2020  12:00:00 AM	Elective
10134	Cardiac	05/11/2020  12:00:00 AM	05/04/2020  12:00:00 AM	Urgent
10135	Hepatology	05/11/2020  12:00:00 AM	05/07/2020  12:00:00 AM	Elective
10136	Podiatry	05/11/2020  12:00:00 AM	05/05/2020  12:00:00 AM	Urgent
10137	Neurosurgery	05/11/2020  12:00:00 AM	05/06/2020  12:00:00 AM	Elective
10138	Podiatry	05/11/2020  12:00:00 AM	05/09/2020  12:00:00 AM	Elective
10139	Orthopedics	05/11/2020  12:00:00 AM	05/06/2020  12:00:00 AM	Urgent
10140	Thoracic	05/11/2020  12:00:00 AM	05/10/2020  12:00:00 AM	Urgent
10141	Ophthalmology	05/11/2020  12:00:00 AM	05/03/2020  12:00:00 AM	Urgent
10142	Electroconvulsive Therapy	05/11/2020  12:00:00 AM	05/04/2020  12:00:00 AM	Elective
10143	Plastics	05/11/2020  12:00:00 AM	04/26/2020  12:00:00 AM	Elective
10144	Obstetrics	05/11/2020  12:00:00 AM	05/05/2020  12:00:00 AM	Elective
10145	Urology	05/11/2020  12:00:00 AM	05/03/2020  12:00:00 AM	Elective
10146	Thoracic	05/11/2020  12:00:00 AM	04/29/2020  12:00:00 AM	Elective
10147	Vascular	05/11/2020  12:00:00 AM	05/05/2020  12:00:00 AM	Urgent
10148	Thoracic	05/11/2020  12:00:00 AM	04/23/2020  12:00:00 AM	Urgent
10149	Plastics	05/11/2020  12:00:00 AM	04/24/2020  12:00:00 AM	Elective
10150	Electroconvulsive Therapy	05/11/2020  12:00:00 AM	04/30/2020  12:00:00 AM	Urgent
10151	Interventional Radiology	05/11/2020  12:00:00 AM	04/28/2020  12:00:00 AM	Elective
10152	General	05/11/2020  12:00:00 AM	04/27/2020  12:00:00 AM	Elective
10153	Interventional Radiology	05/11/2020  12:00:00 AM	05/04/2020  12:00:00 AM	Urgent
10154	Pain	05/11/2020  12:00:00 AM	05/10/2020  12:00:00 AM	Urgent
10155	Plastics	05/11/2020  12:00:00 AM	04/27/2020  12:00:00 AM	Urgent
10156	Podiatry	05/11/2020  12:00:00 AM	05/09/2020  12:00:00 AM	Elective
10157	Ophthalmology	05/11/2020  12:00:00 AM	05/10/2020  12:00:00 AM	Elective
10158	Neuroradiology	05/11/2020  12:00:00 AM	05/10/2020  12:00:00 AM	Urgent
10159	Thoracic	05/11/2020  12:00:00 AM	05/08/2020  12:00:00 AM	Elective
10160	Urology	05/11/2020  12:00:00 AM	04/23/2020  12:00:00 AM	Urgent
10161	Hepatology	05/11/2020  12:00:00 AM	05/02/2020  12:00:00 AM	Urgent
10162	Gynecology	05/11/2020  12:00:00 AM	04/27/2020  12:00:00 AM	Elective
10163	Neurosurgery	05/11/2020  12:00:00 AM	05/09/2020  12:00:00 AM	Urgent
10164	Cardiac	05/11/2020  12:00:00 AM	04/27/2020  12:00:00 AM	Elective
10165	Gastroenterology	05/11/2020  12:00:00 AM	04/23/2020  12:00:00 AM	Urgent
10166	Gynecology	05/11/2020  12:00:00 AM	04/30/2020  12:00:00 AM	Elective
10167	Podiatry	05/11/2020  12:00:00 AM	05/10/2020  12:00:00 AM	Urgent
10168	Orthopedics	05/11/2020  12:00:00 AM	05/03/2020  12:00:00 AM	Urgent
10169	Plastics	05/11/2020  12:00:00 AM	05/04/2020  12:00:00 AM	Elective
10170	Orthopedics	05/11/2020  12:00:00 AM	05/08/2020  12:00:00 AM	Urgent
10171	Cardiac	05/11/2020  12:00:00 AM	05/07/2020  12:00:00 AM	Urgent
10172	Pulmonary	05/11/2020  12:00:00 AM	05/06/2020  12:00:00 AM	Urgent
10173	Neurosurgery	05/11/2020  12:00:00 AM	04/29/2020  12:00:00 AM	Urgent
10174	Electrophysiology	05/11/2020  12:00:00 AM	04/23/2020  12:00:00 AM	Elective
10175	Pain	05/11/2020  12:00:00 AM	05/04/2020  12:00:00 AM	Urgent
10176	Electroconvulsive Therapy	05/11/2020  12:00:00 AM	05/07/2020  12:00:00 AM	Urgent
10177	Thoracic	05/11/2020  12:00:00 AM	05/06/2020  12:00:00 AM	Elective
10178	Interventional Radiology	05/11/2020  12:00:00 AM	04/30/2020  12:00:00 AM	Urgent
10179	Interventional Radiology	05/11/2020  12:00:00 AM	05/04/2020  12:00:00 AM	Urgent
10180	Podiatry	05/11/2020  12:00:00 AM	04/25/2020  12:00:00 AM	Urgent
10181	Obstetrics	05/11/2020  12:00:00 AM	04/27/2020  12:00:00 AM	Urgent
10182	General	05/11/2020  12:00:00 AM	05/03/2020  12:00:00 AM	Urgent
10183	Pain	05/11/2020  12:00:00 AM	05/03/2020  12:00:00 AM	Urgent
10184	Obstetrics	05/11/2020  12:00:00 AM	04/27/2020  12:00:00 AM	Urgent
10185	General	05/11/2020  12:00:00 AM	04/23/2020  12:00:00 AM	Urgent
10186	Interventional Radiology	05/11/2020  12:00:00 AM	04/26/2020  12:00:00 AM	Urgent
10187	Obstetrics	05/11/2020  12:00:00 AM	04/29/2020  12:00:00 AM	Urgent
10188	Urology	05/11/2020  12:00:00 AM	05/06/2020  12:00:00 AM	Urgent
10189	Urology	05/11/2020  12:00:00 AM	04/23/2020  12:00:00 AM	Urgent
10190	General	05/11/2020  12:00:00 AM	05/07/2020  12:00:00 AM	Urgent
10191	Interventional Radiology	05/11/2020  12:00:00 AM	04/29/2020  12:00:00 AM	Elective
10192	Plastics	05/11/2020  12:00:00 AM	04/25/2020  12:00:00 AM	Urgent
10193	Obstetrics	05/11/2020  12:00:00 AM	04/27/2020  12:00:00 AM	Urgent
10194	Electroconvulsive Therapy	05/11/2020  12:00:00 AM	05/06/2020  12:00:00 AM	Elective
10195	Hepatology	05/11/2020  12:00:00 AM	05/08/2020  12:00:00 AM	Elective
10196	Thoracic	05/11/2020  12:00:00 AM	05/08/2020  12:00:00 AM	Urgent
10197	Obstetrics	05/11/2020  12:00:00 AM	04/23/2020  12:00:00 AM	Urgent
10198	Orthopedics	05/11/2020  12:00:00 AM	04/25/2020  12:00:00 AM	Urgent
10199	Orthopedics	05/11/2020  12:00:00 AM	04/30/2020  12:00:00 AM	Elective
10200	General	05/11/2020  12:00:00 AM	05/03/2020  12:00:00 AM	Elective
10201	Neuroradiology	05/11/2020  12:00:00 AM	04/22/2020  12:00:00 AM	Elective
10202	Electroconvulsive Therapy	05/11/2020  12:00:00 AM	05/03/2020  12:00:00 AM	Elective
10203	Electroconvulsive Therapy	05/11/2020  12:00:00 AM	04/29/2020  12:00:00 AM	Elective
10204	Thoracic	05/11/2020  12:00:00 AM	04/27/2020  12:00:00 AM	Urgent
10205	Neuroradiology	05/11/2020  12:00:00 AM	04/30/2020  12:00:00 AM	Elective
10206	Ophthalmology	05/11/2020  12:00:00 AM	04/23/2020  12:00:00 AM	Urgent
10207	Vascular	05/11/2020  12:00:00 AM	04/25/2020  12:00:00 AM	Elective
10208	Vascular	05/11/2020  12:00:00 AM	04/24/2020  12:00:00 AM	Elective
10209	Obstetrics	05/11/2020  12:00:00 AM	04/23/2020  12:00:00 AM	Urgent
10210	Cardiac	05/11/2020  12:00:00 AM	04/29/2020  12:00:00 AM	Elective
10211	Hepatology	05/11/2020  12:00:00 AM	04/27/2020  12:00:00 AM	Urgent
10212	General	05/11/2020  12:00:00 AM	05/03/2020  12:00:00 AM	Elective
10213	Electrophysiology	05/11/2020  12:00:00 AM	05/07/2020  12:00:00 AM	Elective
10214	Cardiac	05/11/2020  12:00:00 AM	05/05/2020  12:00:00 AM	Urgent
10215	Urology	05/11/2020  12:00:00 AM	04/23/2020  12:00:00 AM	Elective
10216	Cardiac	05/11/2020  12:00:00 AM	04/27/2020  12:00:00 AM	Urgent
10217	Podiatry	05/11/2020  12:00:00 AM	05/01/2020  12:00:00 AM	Urgent
10218	Gastroenterology	05/11/2020  12:00:00 AM	05/10/2020  12:00:00 AM	Elective
10219	Gynecology	05/11/2020  12:00:00 AM	05/10/2020  12:00:00 AM	Elective
10220	Gynecology	05/11/2020  12:00:00 AM	05/06/2020  12:00:00 AM	Elective
10221	Pulmonary	05/11/2020  12:00:00 AM	05/04/2020  12:00:00 AM	Elective
10222	Plastics	05/11/2020  12:00:00 AM	05/10/2020  12:00:00 AM	Urgent
10223	Neuroradiology	05/11/2020  12:00:00 AM	04/24/2020  12:00:00 AM	Elective
10224	Podiatry	05/11/2020  12:00:00 AM	05/02/2020  12:00:00 AM	Urgent
10225	Electrophysiology	05/11/2020  12:00:00 AM	05/04/2020  12:00:00 AM	Urgent
10226	Electrophysiology	05/11/2020  12:00:00 AM	05/03/2020  12:00:00 AM	Urgent
10227	Plastics	05/11/2020  12:00:00 AM	05/03/2020  12:00:00 AM	Elective
10228	Thoracic	05/11/2020  12:00:00 AM	05/04/2020  12:00:00 AM	Urgent
10229	Thoracic	05/11/2020  12:00:00 AM	04/27/2020  12:00:00 AM	Elective
10230	Neuroradiology	05/11/2020  12:00:00 AM	04/29/2020  12:00:00 AM	Elective
10231	Pulmonary	05/11/2020  12:00:00 AM	05/06/2020  12:00:00 AM	Elective
10232	Obstetrics	05/11/2020  12:00:00 AM	05/03/2020  12:00:00 AM	Elective
10233	Electrophysiology	05/11/2020  12:00:00 AM	04/28/2020  12:00:00 AM	Urgent
10234	Gynecology	05/11/2020  12:00:00 AM	04/30/2020  12:00:00 AM	Elective
10235	Gastroenterology	05/11/2020  12:00:00 AM	05/02/2020  12:00:00 AM	Urgent
10236	Neuroradiology	05/11/2020  12:00:00 AM	04/29/2020  12:00:00 AM	Urgent
10237	Vascular	05/11/2020  12:00:00 AM	05/05/2020  12:00:00 AM	Elective
10238	Ophthalmology	05/11/2020  12:00:00 AM	04/28/2020  12:00:00 AM	Urgent
10239	Electroconvulsive Therapy	05/11/2020  12:00:00 AM	05/04/2020  12:00:00 AM	Urgent
10240	Cardiac	05/11/2020  12:00:00 AM	04/30/2020  12:00:00 AM	Urgent
10241	Plastics	05/11/2020  12:00:00 AM	04/30/2020  12:00:00 AM	Urgent
10242	Dental	05/11/2020  12:00:00 AM	05/06/2020  12:00:00 AM	Urgent
10243	Vascular	05/11/2020  12:00:00 AM	05/04/2020  12:00:00 AM	Elective
10244	Electrophysiology	05/11/2020  12:00:00 AM	04/29/2020  12:00:00 AM	Elective
10245	Interventional Radiology	05/11/2020  12:00:00 AM	05/09/2020  12:00:00 AM	Elective
10246	Neuroradiology	05/11/2020  12:00:00 AM	05/06/2020  12:00:00 AM	Elective
10247	Electroconvulsive Therapy	05/11/2020  12:00:00 AM	05/07/2020  12:00:00 AM	Elective
10248	Orthopedics	05/11/2020  12:00:00 AM	04/27/2020  12:00:00 AM	Elective
10249	Electrophysiology	05/11/2020  12:00:00 AM	05/08/2020  12:00:00 AM	Urgent
10250	Gynecology	05/11/2020  12:00:00 AM	05/10/2020  12:00:00 AM	Elective
10251	Pulmonary	05/11/2020  12:00:00 AM	05/06/2020  12:00:00 AM	Urgent
10252	Electrophysiology	05/11/2020  12:00:00 AM	05/10/2020  12:00:00 AM	Elective
10253	Neuroradiology	05/11/2020  12:00:00 AM	04/23/2020  12:00:00 AM	Elective
10254	Podiatry	05/11/2020  12:00:00 AM	05/10/2020  12:00:00 AM	Elective
10255	Pain	05/11/2020  12:00:00 AM	05/08/2020  12:00:00 AM	Elective
10256	Cardiac	05/11/2020  12:00:00 AM	04/27/2020  12:00:00 AM	Elective
10257	Plastics	05/11/2020  12:00:00 AM	04/24/2020  12:00:00 AM	Elective
10258	Gastroenterology	05/11/2020  12:00:00 AM	05/01/2020  12:00:00 AM	Urgent
10259	Ophthalmology	05/11/2020  12:00:00 AM	04/23/2020  12:00:00 AM	Urgent
10260	Hepatology	05/11/2020  12:00:00 AM	04/29/2020  12:00:00 AM	Elective
10261	Podiatry	05/11/2020  12:00:00 AM	04/28/2020  12:00:00 AM	Elective
10262	Electroconvulsive Therapy	05/11/2020  12:00:00 AM	04/27/2020  12:00:00 AM	Urgent
10263	Ophthalmology	05/11/2020  12:00:00 AM	04/27/2020  12:00:00 AM	Elective
10264	Electroconvulsive Therapy	05/11/2020  12:00:00 AM	05/01/2020  12:00:00 AM	Elective
10265	Hepatology	05/11/2020  12:00:00 AM	05/08/2020  12:00:00 AM	Elective
10266	Pulmonary	05/11/2020  12:00:00 AM	05/06/2020  12:00:00 AM	Elective
10267	General	05/11/2020  12:00:00 AM	05/07/2020  12:00:00 AM	Elective
10268	Gastroenterology	05/11/2020  12:00:00 AM	05/04/2020  12:00:00 AM	Elective
10269	Gastroenterology	05/11/2020  12:00:00 AM	05/03/2020  12:00:00 AM	Elective
10270	Thoracic	05/11/2020  12:00:00 AM	04/27/2020  12:00:00 AM	Urgent
10271	Gynecology	05/11/2020  12:00:00 AM	05/03/2020  12:00:00 AM	Urgent
10272	Urology	05/11/2020  12:00:00 AM	04/29/2020  12:00:00 AM	Urgent
10273	Vascular	05/11/2020  12:00:00 AM	04/25/2020  12:00:00 AM	Elective
10274	Electroconvulsive Therapy	05/11/2020  12:00:00 AM	05/06/2020  12:00:00 AM	Urgent
10275	Vascular	05/11/2020  12:00:00 AM	05/01/2020  12:00:00 AM	Elective
10276	Orthopedics	05/11/2020  12:00:00 AM	04/25/2020  12:00:00 AM	Urgent
10277	Gastroenterology	05/11/2020  12:00:00 AM	05/07/2020  12:00:00 AM	Urgent
10278	Hepatology	05/11/2020  12:00:00 AM	05/08/2020  12:00:00 AM	Urgent
10279	Neuroradiology	05/11/2020  12:00:00 AM	04/28/2020  12:00:00 AM	Elective
10280	Podiatry	05/11/2020  12:00:00 AM	05/09/2020  12:00:00 AM	Urgent
10281	Pain	05/11/2020  12:00:00 AM	04/22/2020  12:00:00 AM	Elective
10282	Electrophysiology	05/11/2020  12:00:00 AM	04/26/2020  12:00:00 AM	Urgent
10283	Orthopedics	05/11/2020  12:00:00 AM	05/08/2020  12:00:00 AM	Urgent
10284	Vascular	05/11/2020  12:00:00 AM	05/10/2020  12:00:00 AM	Elective
10285	Neuroradiology	05/11/2020  12:00:00 AM	05/03/2020  12:00:00 AM	Urgent
10286	Gynecology	05/11/2020  12:00:00 AM	05/10/2020  12:00:00 AM	Elective
10287	Neuroradiology	05/11/2020  12:00:00 AM	04/30/2020  12:00:00 AM	Elective
10288	Podiatry	05/11/2020  12:00:00 AM	05/05/2020  12:00:00 AM	Urgent
10289	Neurosurgery	05/11/2020  12:00:00 AM	05/02/2020  12:00:00 AM	Elective
10290	Plastics	05/11/2020  12:00:00 AM	04/30/2020  12:00:00 AM	Urgent
10291	Gynecology	05/11/2020  12:00:00 AM	04/24/2020  12:00:00 AM	Elective
10292	Neuroradiology	05/11/2020  12:00:00 AM	04/25/2020  12:00:00 AM	Elective
10293	Hepatology	05/11/2020  12:00:00 AM	04/30/2020  12:00:00 AM	Urgent
10294	Hepatology	05/11/2020  12:00:00 AM	04/24/2020  12:00:00 AM	Elective
10295	Cardiac	05/11/2020  12:00:00 AM	05/08/2020  12:00:00 AM	Elective
10296	Urology	05/11/2020  12:00:00 AM	04/29/2020  12:00:00 AM	Elective
10297	Vascular	05/11/2020  12:00:00 AM	04/30/2020  12:00:00 AM	Urgent
10298	Vascular	05/11/2020  12:00:00 AM	04/29/2020  12:00:00 AM	Urgent
10299	Gastroenterology	05/11/2020  12:00:00 AM	04/30/2020  12:00:00 AM	Elective
10300	Hepatology	05/11/2020  12:00:00 AM	05/10/2020  12:00:00 AM	Elective
10301	General	05/11/2020  12:00:00 AM	05/09/2020  12:00:00 AM	Elective
10302	Plastics	05/11/2020  12:00:00 AM	05/01/2020  12:00:00 AM	Elective
10303	General	05/11/2020  12:00:00 AM	05/06/2020  12:00:00 AM	Urgent
10304	Ophthalmology	05/11/2020  12:00:00 AM	05/05/2020  12:00:00 AM	Elective
10305	Ophthalmology	05/11/2020  12:00:00 AM	04/26/2020  12:00:00 AM	Urgent
10306	Ophthalmology	05/11/2020  12:00:00 AM	04/26/2020  12:00:00 AM	Urgent
10307	Obstetrics	05/11/2020  12:00:00 AM	04/23/2020  12:00:00 AM	Urgent
10308	Orthopedics	05/11/2020  12:00:00 AM	04/25/2020  12:00:00 AM	Elective
10309	Pulmonary	05/11/2020  12:00:00 AM	05/03/2020  12:00:00 AM	Urgent
10310	Plastics	05/11/2020  12:00:00 AM	05/09/2020  12:00:00 AM	Urgent
10311	Orthopedics	05/11/2020  12:00:00 AM	05/09/2020  12:00:00 AM	Urgent
10312	Electrophysiology	05/11/2020  12:00:00 AM	04/22/2020  12:00:00 AM	Urgent
10313	Vascular	05/11/2020  12:00:00 AM	04/25/2020  12:00:00 AM	Elective
10314	Neuroradiology	05/11/2020  12:00:00 AM	05/05/2020  12:00:00 AM	Urgent
10315	Plastics	05/11/2020  12:00:00 AM	05/03/2020  12:00:00 AM	Elective
10316	Obstetrics	05/11/2020  12:00:00 AM	05/02/2020  12:00:00 AM	Urgent
10317	General	05/11/2020  12:00:00 AM	05/07/2020  12:00:00 AM	Elective
10318	Orthopedics	05/11/2020  12:00:00 AM	05/10/2020  12:00:00 AM	Elective
10319	Electrophysiology	05/11/2020  12:00:00 AM	05/06/2020  12:00:00 AM	Urgent
10320	Hepatology	05/11/2020  12:00:00 AM	04/26/2020  12:00:00 AM	Urgent
10321	Podiatry	05/11/2020  12:00:00 AM	05/08/2020  12:00:00 AM	Urgent
10322	Pulmonary	05/11/2020  12:00:00 AM	04/28/2020  12:00:00 AM	Urgent
10323	Plastics	05/11/2020  12:00:00 AM	05/01/2020  12:00:00 AM	Urgent
10324	Neuroradiology	05/11/2020  12:00:00 AM	04/29/2020  12:00:00 AM	Urgent
10325	Electrophysiology	05/11/2020  12:00:00 AM	05/10/2020  12:00:00 AM	Urgent
10326	Pain	05/11/2020  12:00:00 AM	05/10/2020  12:00:00 AM	Urgent
10327	Vascular	05/11/2020  12:00:00 AM	04/24/2020  12:00:00 AM	Elective
10328	Electroconvulsive Therapy	05/11/2020  12:00:00 AM	05/06/2020  12:00:00 AM	Urgent
10329	Obstetrics	05/11/2020  12:00:00 AM	05/02/2020  12:00:00 AM	Urgent
10330	Plastics	05/11/2020  12:00:00 AM	04/29/2020  12:00:00 AM	Elective
10331	Electrophysiology	05/11/2020  12:00:00 AM	05/10/2020  12:00:00 AM	Urgent
10332	Electroconvulsive Therapy	05/11/2020  12:00:00 AM	05/03/2020  12:00:00 AM	Urgent
10333	Hepatology	05/11/2020  12:00:00 AM	04/24/2020  12:00:00 AM	Elective
10334	Neurosurgery	05/11/2020  12:00:00 AM	04/23/2020  12:00:00 AM	Urgent
10335	General	05/11/2020  12:00:00 AM	05/09/2020  12:00:00 AM	Urgent
10336	Neurosurgery	05/11/2020  12:00:00 AM	04/29/2020  12:00:00 AM	Urgent
10337	Vascular	05/11/2020  12:00:00 AM	04/28/2020  12:00:00 AM	Urgent
10338	General	05/11/2020  12:00:00 AM	05/01/2020  12:00:00 AM	Elective
10339	Plastics	05/11/2020  12:00:00 AM	05/04/2020  12:00:00 AM	Urgent
10340	Pain	05/11/2020  12:00:00 AM	05/09/2020  12:00:00 AM	Elective
10341	Electrophysiology	05/11/2020  12:00:00 AM	05/01/2020  12:00:00 AM	Elective
10342	Electrophysiology	05/11/2020  12:00:00 AM	04/28/2020  12:00:00 AM	Urgent
10343	Ophthalmology	05/11/2020  12:00:00 AM	05/09/2020  12:00:00 AM	Elective
10344	Neuroradiology	05/11/2020  12:00:00 AM	05/07/2020  12:00:00 AM	Urgent
10345	Obstetrics	05/11/2020  12:00:00 AM	04/23/2020  12:00:00 AM	Elective
10346	Pulmonary	05/11/2020  12:00:00 AM	04/24/2020  12:00:00 AM	Elective
10347	Podiatry	05/11/2020  12:00:00 AM	04/26/2020  12:00:00 AM	Urgent
10348	Vascular	05/11/2020  12:00:00 AM	05/09/2020  12:00:00 AM	Urgent
10349	Interventional Radiology	05/11/2020  12:00:00 AM	05/09/2020  12:00:00 AM	Urgent
10350	General	05/11/2020  12:00:00 AM	04/23/2020  12:00:00 AM	Elective
10351	Podiatry	05/11/2020  12:00:00 AM	04/30/2020  12:00:00 AM	Elective
10352	Cardiac	05/11/2020  12:00:00 AM	04/27/2020  12:00:00 AM	Elective
10353	Dental	05/11/2020  12:00:00 AM	05/07/2020  12:00:00 AM	Elective
10354	Electroconvulsive Therapy	05/11/2020  12:00:00 AM	04/26/2020  12:00:00 AM	Elective
10355	Orthopedics	05/11/2020  12:00:00 AM	05/01/2020  12:00:00 AM	Urgent
10356	Obstetrics	05/11/2020  12:00:00 AM	05/08/2020  12:00:00 AM	Elective
10357	Vascular	05/11/2020  12:00:00 AM	04/23/2020  12:00:00 AM	Elective
10358	General	05/11/2020  12:00:00 AM	05/10/2020  12:00:00 AM	Urgent
10359	Electroconvulsive Therapy	05/11/2020  12:00:00 AM	04/27/2020  12:00:00 AM	Elective
10360	Cardiac	05/11/2020  12:00:00 AM	05/03/2020  12:00:00 AM	Elective
10361	Hepatology	05/11/2020  12:00:00 AM	04/23/2020  12:00:00 AM	Urgent
10362	Thoracic	05/11/2020  12:00:00 AM	05/06/2020  12:00:00 AM	Elective
10363	General	05/11/2020  12:00:00 AM	05/05/2020  12:00:00 AM	Elective
10364	Plastics	05/11/2020  12:00:00 AM	05/02/2020  12:00:00 AM	Elective
10365	Neurosurgery	05/11/2020  12:00:00 AM	04/23/2020  12:00:00 AM	Urgent
10366	Electrophysiology	05/11/2020  12:00:00 AM	04/24/2020  12:00:00 AM	Elective
10367	General	05/11/2020  12:00:00 AM	04/22/2020  12:00:00 AM	Elective
10368	Neuroradiology	05/11/2020  12:00:00 AM	05/04/2020  12:00:00 AM	Urgent
10369	Orthopedics	05/11/2020  12:00:00 AM	05/04/2020  12:00:00 AM	Elective
10370	Orthopedics	05/11/2020  12:00:00 AM	04/28/2020  12:00:00 AM	Elective
10371	Electroconvulsive Therapy	05/11/2020  12:00:00 AM	04/30/2020  12:00:00 AM	Elective
10372	Electrophysiology	05/11/2020  12:00:00 AM	05/07/2020  12:00:00 AM	Elective
10373	Thoracic	05/11/2020  12:00:00 AM	04/22/2020  12:00:00 AM	Urgent
10374	Podiatry	05/11/2020  12:00:00 AM	05/07/2020  12:00:00 AM	Elective
10375	Orthopedics	05/11/2020  12:00:00 AM	05/06/2020  12:00:00 AM	Urgent
10376	Pulmonary	05/11/2020  12:00:00 AM	05/09/2020  12:00:00 AM	Urgent
10377	Hepatology	05/11/2020  12:00:00 AM	04/23/2020  12:00:00 AM	Elective
10378	Interventional Radiology	05/11/2020  12:00:00 AM	04/29/2020  12:00:00 AM	Elective
10379	Dental	05/11/2020  12:00:00 AM	05/05/2020  12:00:00 AM	Urgent
10380	Neuroradiology	05/11/2020  12:00:00 AM	05/02/2020  12:00:00 AM	Elective
10381	Thoracic	05/11/2020  12:00:00 AM	05/10/2020  12:00:00 AM	Urgent
10382	Plastics	05/11/2020  12:00:00 AM	05/10/2020  12:00:00 AM	Urgent
10383	Neurosurgery	05/11/2020  12:00:00 AM	05/07/2020  12:00:00 AM	Urgent
10384	Dental	05/11/2020  12:00:00 AM	04/23/2020  12:00:00 AM	Urgent
10385	Pain	05/11/2020  12:00:00 AM	04/27/2020  12:00:00 AM	Elective
10386	Electrophysiology	05/11/2020  12:00:00 AM	04/24/2020  12:00:00 AM	Urgent
10387	Cardiac	05/11/2020  12:00:00 AM	05/03/2020  12:00:00 AM	Elective
10388	Interventional Radiology	05/11/2020  12:00:00 AM	04/29/2020  12:00:00 AM	Urgent
10389	Gynecology	05/11/2020  12:00:00 AM	05/02/2020  12:00:00 AM	Elective
10390	Ophthalmology	05/11/2020  12:00:00 AM	05/09/2020  12:00:00 AM	Elective
10391	Obstetrics	05/11/2020  12:00:00 AM	05/09/2020  12:00:00 AM	Urgent
10392	Interventional Radiology	05/11/2020  12:00:00 AM	05/04/2020  12:00:00 AM	Elective
10393	Thoracic	05/11/2020  12:00:00 AM	04/23/2020  12:00:00 AM	Elective
10394	Interventional Radiology	05/11/2020  12:00:00 AM	05/06/2020  12:00:00 AM	Elective
10395	Thoracic	05/11/2020  12:00:00 AM	04/25/2020  12:00:00 AM	Urgent
10396	Gastroenterology	05/11/2020  12:00:00 AM	04/27/2020  12:00:00 AM	Urgent
10397	Obstetrics	05/11/2020  12:00:00 AM	05/10/2020  12:00:00 AM	Elective
10398	Obstetrics	05/11/2020  12:00:00 AM	05/08/2020  12:00:00 AM	Urgent
10399	Gynecology	05/11/2020  12:00:00 AM	04/28/2020  12:00:00 AM	Elective
10400	Urology	05/11/2020  12:00:00 AM	05/08/2020  12:00:00 AM	Urgent
10401	Dental	05/11/2020  12:00:00 AM	05/01/2020  12:00:00 AM	Urgent
10402	Electrophysiology	05/11/2020  12:00:00 AM	05/02/2020  12:00:00 AM	Elective
10403	Hepatology	05/11/2020  12:00:00 AM	05/06/2020  12:00:00 AM	Urgent
10404	Electroconvulsive Therapy	05/11/2020  12:00:00 AM	04/30/2020  12:00:00 AM	Urgent
10405	Electrophysiology	05/11/2020  12:00:00 AM	05/07/2020  12:00:00 AM	Elective
10406	Podiatry	05/11/2020  12:00:00 AM	05/08/2020  12:00:00 AM	Elective
10407	Pulmonary	05/11/2020  12:00:00 AM	05/03/2020  12:00:00 AM	Urgent
10408	Neuroradiology	05/11/2020  12:00:00 AM	04/23/2020  12:00:00 AM	Elective
10409	Hepatology	05/11/2020  12:00:00 AM	04/24/2020  12:00:00 AM	Elective
10410	Plastics	05/11/2020  12:00:00 AM	05/02/2020  12:00:00 AM	Elective
10411	Pulmonary	05/11/2020  12:00:00 AM	05/06/2020  12:00:00 AM	Elective
10412	General	05/11/2020  12:00:00 AM	05/03/2020  12:00:00 AM	Urgent
10413	Vascular	05/11/2020  12:00:00 AM	05/07/2020  12:00:00 AM	Elective
10414	Pain	05/11/2020  12:00:00 AM	04/25/2020  12:00:00 AM	Urgent
