LOG_ID	OR_SERVICE	SURGERY_DATE	FIRST_SCHED_DATE	CASE_CLASS
10001	Neurosurgery	06/14/2020  12:00:00 AM	06/07/2020  12:00:00 AM	Urgent
10002	Urology	06/14/2020  12:00:00 AM	05/30/2020  12:00:00 AM	Elective
10003	Neuroradiology	06/14/2020  12:00:00 AM	06/07/2020  12:00:00 AM	Urgent
10004	Vascular	06/14/2020  12:00:00 AM	06/06/2020  12:00:00 AM	Elective
10005	Thoracic	06/14/2020  12:00:00 AM	05/26/2020  12:00:00 AM	Elective
10006	Plastics	06/14/2020  12:00:00 AM	05/31/2020  12:00:00 AM	Elective
10007	Urology	06/14/2020  12:00:00 AM	06/03/2020  12:00:00 AM	Elective
10008	General	06/14/2020  12:00:00 AM	06/03/2020  12:00:00 AM	Urgent
10009	Gastroenterology	06/14/2020  12:00:00 AM	05/26/2020  12:00:00 AM	Urgent
10010	Gastroenterology	06/14/2020  12:00:00 AM	06/12/2020  12:00:00 AM	Elective
10011	Cardiac	06/14/2020  12:00:00 AM	05/30/2020  12:00:00 AM	Elective
10012	Cardiac	06/14/2020  12:00:00 AM	06/10/2020  12:00:00 AM	Elective
10013	Urology	06/14/2020  12:00:00 AM	05/30/2020  12:00:00 AM	Urgent
10014	Gynecology	06/14/2020  12:00:00 AM	06/07/2020  12:00:00 AM	Urgent
10015	Ophthalmology	06/14/2020  12:00:00 AM	05/31/2020  12:00:00 AM	Elective
10016	Neurosurgery	06/14/2020  12:00:00 AM	06/13/2020  12:00:00 AM	Urgent
10017	Plastics	06/14/2020  12:00:00 AM	06/07/2020  12:00:00 AM	Urgent
10018	Dental	06/14/2020  12:00:00 AM	06/02/2020  12:00:00 AM	Urgent
10019	Obstetrics	06/14/2020  12:00:00 AM	06/13/2020  12:00:00 AM	Urgent
10020	Electrophysiology	06/14/2020  12:00:00 AM	05/27/2020  12:00:00 AM	Urgent
10021	Ophthalmology	06/14/2020  12:00:00 AM	05/28/2020  12:00:00 AM	Elective
10022	Gastroenterology	06/14/2020  12:00:00 AM	05/28/2020  12:00:00 AM	Elective
10023	Cardiac	06/14/2020  12:00:00 AM	06/03/2020  12:00:00 AM	Elective
10024	Thoracic	06/14/2020  12:00:00 AM	06/09/2020  12:00:00 AM	Urgent
10025	Dental	06/14/2020  12:00:00 AM	06/05/2020  12:00:00 AM	Elective
10026	Interventional Radiology	06/14/2020  12:00:00 AM	06/07/2020  12:00:00 AM	Elective
10027	Pain	06/14/2020  12:00:00 AM	06/12/2020  12:00:00 AM	Urgent
10028	General	06/14/2020  12:00:00 AM	06/01/2020  12:00:00 AM	Urgent
10029	Dental	06/14/2020  12:00:00 AM	06/03/2020  12:00:00 AM	Elective
10030	Interventional Radiology	06/14/2020  12:00:00 AM	05/30/2020  12:00:00 AM	Urgent
10031	Podiatry	06/14/2020  12:00:00 AM	06/07/2020  12:00:00 AM	Elective
10032	Pain	06/14/2020  12:00:00 AM	06/03/2020  12:00:00 AM	Elective
10033	Gastroenterology	06/14/2020  12:00:00 AM	06/09/2020  12:00:00 AM	Urgent
10034	Dental	06/14/2020  12:00:00 AM	05/27/2020  12:00:00 AM	Elective
10035	Electrophysiology	06/14/2020  12:00:00 AM	06/08/2020  12:00:00 AM	Urgent
10036	Gynecology	06/14/2020  12:00:00 AM	05/29/2020  12:00:00 AM	Urgent
10037	General	06/14/2020  12:00:00 AM	06/13/2020  12:00:00 AM	Elective
10038	General	06/14/2020  12:00:00 AM	05/27/2020  12:00:00 AM	Urgent
10039	Gynecology	06/14/2020  12:00:00 AM	05/31/2020  12:00:00 AM	Elective
10040	Interventional Radiology	06/14/2020  12:00:00 AM	05/28/2020  12:00:00 AM	Elective
10041	Pain	06/14/2020  12:00:00 AM	06/13/2020  12:00:00 AM	Urgent
10042	Obstetrics	06/14/2020  12:00:00 AM	05/26/2020  12:00:00 AM	Urgent
10043	Neuroradiology	06/14/2020  12:00:00 AM	06/03/2020  12:00:00 AM	Urgent
10044	Electrophysiology	06/14/2020  12:00:00 AM	06/02/2020  12:00:00 AM	Elective
10045	Gastroenterology	06/14/2020  12:00:00 AM	05/26/2020  12:00:00 AM	Elective
10046	Obstetrics	06/14/2020  12:00:00 AM	06/04/2020  12:00:00 AM	Elective
10047	Cardiac	06/14/2020  12:00:00 AM	05/27/2020  12:00:00 AM	Elective
10048	Electroconvulsive Therapy	06/14/2020  12:00:00 AM	06/07/2020  12:00:00 AM	Elective
10049	Thoracic	06/14/2020  12:00:00 AM	06/07/2020  12:00:00 AM	Urgent
10050	General	06/14/2020  12:00:00 AM	06/06/2020  12:00:00 AM	Urgent
10051	General	06/14/2020  12:00:00 AM	06/13/2020  12:00:00 AM	Urgent
10052	Pain	06/14/2020  12:00:00 AM	05/31/2020  12:00:00 AM	Urgent
10053	General	06/14/2020  12:00:00 AM	06/03/2020  12:00:00 AM	Elective
10054	Thoracic	06/14/2020  12:00:00 AM	05/28/2020  12:00:00 AM	Urgent
10055	Dental	06/14/2020  12:00:00 AM	06/13/2020  12:00:00 AM	Elective
10056	Orthopedics	06/14/2020  12:00:00 AM	06/12/2020  12:00:00 AM	Elective
10057	Hepatology	06/14/2020  12:00:00 AM	06/06/2020  12:00:00 AM	Urgent
10058	Electroconvulsive Therapy	06/14/2020  12:00:00 AM	05/29/2020  12:00:00 AM	Elective
10059	Gynecology	06/14/2020  12:00:00 AM	05/27/2020  12:00:00 AM	Urgent
10060	General	06/14/2020  12:00:00 AM	05/28/2020  12:00:00 AM	Urgent
10061	Pain	06/14/2020  12:00:00 AM	06/03/2020  12:00:00 AM	Urgent
10062	Neuroradiology	06/14/2020  12:00:00 AM	06/08/2020  12:00:00 AM	Elective
10063	Thoracic	06/14/2020  12:00:00 AM	06/02/2020  12:00:00 AM	Elective
10064	Dental	06/14/2020  12:00:00 AM	06/07/2020  12:00:00 AM	Elective
10065	Cardiac	06/14/2020  12:00:00 AM	06/06/2020  12:00:00 AM	Urgent
10066	Thoracic	06/14/2020  12:00:00 AM	06/07/2020  12:00:00 AM	Elective
10067	Electroconvulsive Therapy	06/14/2020  12:00:00 AM	06/07/2020  12:00:00 AM	Urgent
10068	Vascular	06/14/2020  12:00:00 AM	06/04/2020  12:00:00 AM	Urgent
10069	Pain	06/14/2020  12:00:00 AM	05/27/2020  12:00:00 AM	Urgent
10070	General	06/14/2020  12:00:00 AM	06/04/2020  12:00:00 AM	Urgent
10071	Pain	06/14/2020  12:00:00 AM	06/06/2020  12:00:00 AM	Elective
10072	Vascular	06/14/2020  12:00:00 AM	05/27/2020  12:00:00 AM	Elective
10073	Ophthalmology	06/14/2020  12:00:00 AM	05/31/2020  12:00:00 AM	Elective
10074	Electroconvulsive Therapy	06/14/2020  12:00:00 AM	05/30/2020  12:00:00 AM	Elective
10075	Pain	06/14/2020  12:00:00 AM	05/26/2020  12:00:00 AM	Urgent
10076	Electroconvulsive Therapy	06/14/2020  12:00:00 AM	05/31/2020  12:00:00 AM	Elective
10077	Gynecology	06/14/2020  12:00:00 AM	06/11/2020  12:00:00 AM	Urgent
10078	Interventional Radiology	06/14/2020  12:00:00 AM	06/09/2020  12:00:00 AM	Urgent
10079	Electroconvulsive Therapy	06/14/2020  12:00:00 AM	05/27/2020  12:00:00 AM	Urgent
10080	Gynecology	06/14/2020  12:00:00 AM	06/09/2020  12:00:00 AM	Elective
10081	Ophthalmology	06/14/2020  12:00:00 AM	06/04/2020  12:00:00 AM	Elective
10082	Podiatry	06/14/2020  12:00:00 AM	05/28/2020  12:00:00 AM	Urgent
10083	Podiatry	06/14/2020  12:00:00 AM	06/11/2020  12:00:00 AM	Urgent
10084	Electroconvulsive Therapy	06/14/2020  12:00:00 AM	06/11/2020  12:00:00 AM	Urgent
10085	Vascular	06/14/2020  12:00:00 AM	06/11/2020  12:00:00 AM	Urgent
10086	Dental	06/14/2020  12:00:00 AM	06/10/2020  12:00:00 AM	Elective
10087	Neuroradiology	06/14/2020  12:00:00 AM	06/04/2020  12:00:00 AM	Elective
10088	Pulmonary	06/14/2020  12:00:00 AM	06/05/2020  12:00:00 AM	Urgent
10089	Gastroenterology	06/14/2020  12:00:00 AM	06/01/2020  12:00:00 AM	Urgent
10090	Electrophysiology	06/14/2020  12:00:00 AM	06/01/2020  12:00:00 AM	Urgent
10091	Hepatology	06/14/2020  12:00:00 AM	06/08/2020  12:00:00 AM	Urgent
10092	Pulmonary	06/14/2020  12:00:00 AM	06/04/2020  12:00:00 AM	Urgent
10093	General	06/14/2020  12:00:00 AM	06/10/2020  12:00:00 AM	Elective
10094	Orthopedics	06/14/2020  12:00:00 AM	06/09/2020  12:00:00 AM	Urgent
10095	Gynecology	06/14/2020  12:00:00 AM	06/08/2020  12:00:00 AM	Urgent
10096	Electrophysiology	06/14/2020  12:00:00 AM	06/07/2020  12:00:00 AM	Urgent
10097	Orthopedics	06/14/2020  12:00:00 AM	06/06/2020  12:00:00 AM	Urgent
10098	Electroconvulsive Therapy	06/14/2020  12:00:00 AM	05/27/2020  12:00:00 AM	Urgent
10099	Neuroradiology	06/14/2020  12:00:00 AM	06/01/2020  12:00:00 AM	Elective
10100	General	06/14/2020  12:00:00 AM	05/30/2020  12:00:00 AM	Urgent
10101	Gastroenterology	06/14/2020  12:00:00 AM	06/13/2020  12:00:00 AM	Elective
10102	Electrophysiology	06/14/2020  12:00:00 AM	06/05/2020  12:00:00 AM	Urgent
10103	Orthopedics	06/14/2020  12:00:00 AM	06/09/2020  12:00:00 AM	Urgent
10104	Neuroradiology	06/14/2020  12:00:00 AM	06/09/2020  12:00:00 AM	Urgent
10105	Pulmonary	06/14/2020  12:00:00 AM	06/01/2020  12:00:00 AM	Urgent
10106	Electrophysiology	06/14/2020  12:00:00 AM	06/07/2020  12:00:00 AM	Urgent
10107	Electroconvulsive Therapy	06/14/2020  12:00:00 AM	06/02/2020  12:00:00 AM	Elective
10108	Electroconvulsive Therapy	06/14/2020  12:00:00 AM	06/03/2020  12:00:00 AM	Elective
10109	Plastics	06/14/2020  12:00:00 AM	06/09/2020  12:00:00 AM	Urgent
10110	General	06/14/2020  12:00:00 AM	06/02/2020  12:00:00 AM	Elective
10111	Ophthalmology	06/14/2020  12:00:00 AM	06/10/2020  12:00:00 AM	Elective
10112	Cardiac	06/14/2020  12:00:00 AM	06/01/2020  12:00:00 AM	Elective
10113	Ophthalmology	06/14/2020  12:00:00 AM	05/27/2020  12:00:00 AM	Urgent
10114	Electroconvulsive Therapy	06/14/2020  12:00:00 AM	06/08/2020  12:00:00 AM	Elective
10115	Orthopedics	06/14/2020  12:00:00 AM	06/01/2020  12:00:00 AM	Urgent
10116	Obstetrics	06/14/2020  12:00:00 AM	06/02/2020  12:00:00 AM	Urgent
10117	Ophthalmology	06/14/2020  12:00:00 AM	06/03/2020  12:00:00 AM	Urgent
10118	Interventional Radiology	06/14/2020  12:00:00 AM	06/13/2020  12:00:00 AM	Elective
10119	Gynecology	06/14/2020  12:00:00 AM	05/30/2020  12:00:00 AM	Elective
10120	Electroconvulsive Therapy	06/14/2020  12:00:00 AM	06/04/2020  12:00:00 AM	Elective
10121	Neuroradiology	06/14/2020  12:00:00 AM	06/07/2020  12:00:00 AM	Urgent
10122	Pain	06/14/2020  12:00:00 AM	05/27/2020  12:00:00 AM	Elective
10123	Interventional Radiology	06/14/2020  12:00:00 AM	06/09/2020  12:00:00 AM	Elective
10124	General	06/14/2020  12:00:00 AM	06/13/2020  12:00:00 AM	Elective
10125	Electrophysiology	06/14/2020  12:00:00 AM	06/07/2020  12:00:00 AM	Urgent
10126	Obstetrics	06/14/2020  12:00:00 AM	05/29/2020  12:00:00 AM	Elective
10127	Pulmonary	06/14/2020  12:00:00 AM	05/29/2020  12:00:00 AM	Elective
10128	Interventional Radiology	06/14/2020  12:00:00 AM	05/30/2020  12:00:00 AM	Urgent
10129	Orthopedics	06/14/2020  12:00:00 AM	06/06/2020  12:00:00 AM	Elective
10130	Urology	06/14/2020  12:00:00 AM	06/09/2020  12:00:00 AM	Elective
10131	General	06/14/2020  12:00:00 AM	06/05/2020  12:00:00 AM	Urgent
10132	Thoracic	06/14/2020  12:00:00 AM	05/30/2020  12:00:00 AM	Elective
10133	Ophthalmology	06/14/2020  12:00:00 AM	06/06/2020  12:00:00 AM	Urgent
10134	Hepatology	06/14/2020  12:00:00 AM	05/28/2020  12:00:00 AM	Urgent
10135	Urology	06/14/2020  12:00:00 AM	06/03/2020  12:00:00 AM	Urgent
10136	Plastics	06/14/2020  12:00:00 AM	06/10/2020  12:00:00 AM	Urgent
10137	Thoracic	06/14/2020  12:00:00 AM	05/26/2020  12:00:00 AM	Elective
10138	Gastroenterology	06/14/2020  12:00:00 AM	05/29/2020  12:00:00 AM	Elective
10139	Hepatology	06/14/2020  12:00:00 AM	06/09/2020  12:00:00 AM	Elective
10140	Neurosurgery	06/14/2020  12:00:00 AM	05/27/2020  12:00:00 AM	Urgent
10141	Interventional Radiology	06/14/2020  12:00:00 AM	06/03/2020  12:00:00 AM	Elective
10142	Podiatry	06/14/2020  12:00:00 AM	05/31/2020  12:00:00 AM	Elective
10143	Vascular	06/14/2020  12:00:00 AM	06/08/2020  12:00:00 AM	Elective
10144	Dental	06/14/2020  12:00:00 AM	05/27/2020  12:00:00 AM	Urgent
10145	Pain	06/14/2020  12:00:00 AM	06/09/2020  12:00:00 AM	Elective
10146	Podiatry	06/14/2020  12:00:00 AM	06/01/2020  12:00:00 AM	Urgent
10147	Thoracic	06/14/2020  12:00:00 AM	06/08/2020  12:00:00 AM	Urgent
10148	Dental	06/14/2020  12:00:00 AM	06/02/2020  12:00:00 AM	Elective
10149	Gynecology	06/14/2020  12:00:00 AM	05/27/2020  12:00:00 AM	Elective
10150	Dental	06/14/2020  12:00:00 AM	06/06/2020  12:00:00 AM	Urgent
10151	Ophthalmology	06/14/2020  12:00:00 AM	06/09/2020  12:00:00 AM	Elective
10152	Interventional Radiology	06/14/2020  12:00:00 AM	06/12/2020  12:00:00 AM	Elective
10153	Vascular	06/14/2020  12:00:00 AM	06/08/2020  12:00:00 AM	Urgent
10154	Neuroradiology	06/14/2020  12:00:00 AM	06/01/2020  12:00:00 AM	Urgent
10155	Pain	06/14/2020  12:00:00 AM	06/12/2020  12:00:00 AM	Elective
10156	Vascular	06/14/2020  12:00:00 AM	06/09/2020  12:00:00 AM	Elective
10157	Pain	06/14/2020  12:00:00 AM	05/29/2020  12:00:00 AM	Urgent
10158	Plastics	06/14/2020  12:00:00 AM	06/13/2020  12:00:00 AM	Urgent
10159	Electroconvulsive Therapy	06/14/2020  12:00:00 AM	06/09/2020  12:00:00 AM	Urgent
10160	Vascular	06/14/2020  12:00:00 AM	06/05/2020  12:00:00 AM	Elective
10161	Thoracic	06/14/2020  12:00:00 AM	06/11/2020  12:00:00 AM	Urgent
10162	Pulmonary	06/14/2020  12:00:00 AM	05/29/2020  12:00:00 AM	Urgent
10163	Gynecology	06/14/2020  12:00:00 AM	06/01/2020  12:00:00 AM	Urgent
10164	Electroconvulsive Therapy	06/14/2020  12:00:00 AM	06/08/2020  12:00:00 AM	Elective
10165	Thoracic	06/14/2020  12:00:00 AM	06/03/2020  12:00:00 AM	Elective
10166	General	06/14/2020  12:00:00 AM	06/11/2020  12:00:00 AM	Elective
10167	Electrophysiology	06/14/2020  12:00:00 AM	05/31/2020  12:00:00 AM	Urgent
10168	Pulmonary	06/14/2020  12:00:00 AM	06/09/2020  12:00:00 AM	Elective
10169	Hepatology	06/14/2020  12:00:00 AM	06/12/2020  12:00:00 AM	Urgent
10170	Vascular	06/14/2020  12:00:00 AM	06/03/2020  12:00:00 AM	Elective
10171	Neurosurgery	06/14/2020  12:00:00 AM	05/26/2020  12:00:00 AM	Urgent
10172	Gastroenterology	06/14/2020  12:00:00 AM	06/03/2020  12:00:00 AM	Elective
10173	Gastroenterology	06/14/2020  12:00:00 AM	06/12/2020  12:00:00 AM	Elective
10174	Interventional Radiology	06/14/2020  12:00:00 AM	06/02/2020  12:00:00 AM	Urgent
10175	Pain	06/14/2020  12:00:00 AM	06/10/2020  12:00:00 AM	Urgent
10176	Gastroenterology	06/14/2020  12:00:00 AM	06/08/2020  12:00:00 AM	Urgent
10177	Gynecology	06/14/2020  12:00:00 AM	06/04/2020  12:00:00 AM	Elective
10178	Pain	06/14/2020  12:00:00 AM	06/06/2020  12:00:00 AM	Elective
10179	Vascular	06/14/2020  12:00:00 AM	05/27/2020  12:00:00 AM	Elective
10180	Pulmonary	06/14/2020  12:00:00 AM	06/04/2020  12:00:00 AM	Urgent
10181	Electroconvulsive Therapy	06/14/2020  12:00:00 AM	05/28/2020  12:00:00 AM	Urgent
10182	Interventional Radiology	06/14/2020  12:00:00 AM	05/26/2020  12:00:00 AM	Urgent
10183	Vascular	06/14/2020  12:00:00 AM	06/11/2020  12:00:00 AM	Urgent
10184	Plastics	06/14/2020  12:00:00 AM	06/07/2020  12:00:00 AM	Elective
10185	Gynecology	06/14/2020  12:00:00 AM	06/04/2020  12:00:00 AM	Elective
10186	Gynecology	06/14/2020  12:00:00 AM	05/28/2020  12:00:00 AM	Elective
10187	Urology	06/14/2020  12:00:00 AM	06/05/2020  12:00:00 AM	Urgent
10188	Pulmonary	06/14/2020  12:00:00 AM	06/13/2020  12:00:00 AM	Elective
10189	Ophthalmology	06/14/2020  12:00:00 AM	06/10/2020  12:00:00 AM	Urgent
10190	Electrophysiology	06/14/2020  12:00:00 AM	05/27/2020  12:00:00 AM	Elective
10191	Gastroenterology	06/14/2020  12:00:00 AM	06/06/2020  12:00:00 AM	Elective
10192	General	06/14/2020  12:00:00 AM	05/29/2020  12:00:00 AM	Urgent
10193	Electrophysiology	06/14/2020  12:00:00 AM	06/12/2020  12:00:00 AM	Elective
10194	Gynecology	06/14/2020  12:00:00 AM	05/31/2020  12:00:00 AM	Elective
10195	Pulmonary	06/14/2020  12:00:00 AM	05/31/2020  12:00:00 AM	Urgent
10196	Neuroradiology	06/14/2020  12:00:00 AM	05/26/2020  12:00:00 AM	Elective
10197	Neuroradiology	06/14/2020  12:00:00 AM	05/26/2020  12:00:00 AM	Elective
10198	Pulmonary	06/14/2020  12:00:00 AM	06/13/2020  12:00:00 AM	Urgent
10199	Pain	06/14/2020  12:00:00 AM	06/08/2020  12:00:00 AM	Urgent
10200	Electroconvulsive Therapy	06/14/2020  12:00:00 AM	05/26/2020  12:00:00 AM	Urgent
10201	General	06/14/2020  12:00:00 AM	06/01/2020  12:00:00 AM	Urgent
10202	Podiatry	06/14/2020  12:00:00 AM	05/26/2020  12:00:00 AM	Urgent
10203	Gynecology	06/14/2020  12:00:00 AM	06/11/2020  12:00:00 AM	Elective
10204	Neurosurgery	06/14/2020  12:00:00 AM	05/26/2020  12:00:00 AM	Urgent
10205	Obstetrics	06/14/2020  12:00:00 AM	06/13/2020  12:00:00 AM	Elective
10206	Electroconvulsive Therapy	06/14/2020  12:00:00 AM	06/12/2020  12:00:00 AM	Urgent
10207	Hepatology	06/14/2020  12:00:00 AM	06/13/2020  12:00:00 AM	Urgent
10208	Neurosurgery	06/14/2020  12:00:00 AM	06/08/2020  12:00:00 AM	Urgent
10209	Thoracic	06/14/2020  12:00:00 AM	06/03/2020  12:00:00 AM	Urgent
10210	Obstetrics	06/14/2020  12:00:00 AM	05/26/2020  12:00:00 AM	Elective
10211	Neurosurgery	06/14/2020  12:00:00 AM	06/03/2020  12:00:00 AM	Elective
10212	Orthopedics	06/14/2020  12:00:00 AM	05/29/2020  12:00:00 AM	Elective
10213	Pain	06/14/2020  12:00:00 AM	06/10/2020  12:00:00 AM	Elective
10214	Interventional Radiology	06/14/2020  12:00:00 AM	06/08/2020  12:00:00 AM	Elective
10215	Interventional Radiology	06/14/2020  12:00:00 AM	06/05/2020  12:00:00 AM	Urgent
10216	Neuroradiology	06/14/2020  12:00:00 AM	05/29/2020  12:00:00 AM	Urgent
10217	General	06/14/2020  12:00:00 AM	05/30/2020  12:00:00 AM	Urgent
10218	Orthopedics	06/14/2020  12:00:00 AM	06/13/2020  12:00:00 AM	Elective
10219	Gastroenterology	06/14/2020  12:00:00 AM	06/06/2020  12:00:00 AM	Urgent
10220	Urology	06/14/2020  12:00:00 AM	05/30/2020  12:00:00 AM	Elective
10221	Dental	06/14/2020  12:00:00 AM	06/09/2020  12:00:00 AM	Urgent
10222	Electroconvulsive Therapy	06/14/2020  12:00:00 AM	06/02/2020  12:00:00 AM	Urgent
10223	Plastics	06/14/2020  12:00:00 AM	06/03/2020  12:00:00 AM	Elective
10224	Podiatry	06/14/2020  12:00:00 AM	05/27/2020  12:00:00 AM	Urgent
10225	Ophthalmology	06/14/2020  12:00:00 AM	05/27/2020  12:00:00 AM	Urgent
10226	Urology	06/14/2020  12:00:00 AM	05/30/2020  12:00:00 AM	Urgent
10227	Cardiac	06/14/2020  12:00:00 AM	05/29/2020  12:00:00 AM	Elective
10228	Pain	06/14/2020  12:00:00 AM	06/08/2020  12:00:00 AM	Urgent
10229	Ophthalmology	06/14/2020  12:00:00 AM	06/02/2020  12:00:00 AM	Urgent
10230	Pain	06/14/2020  12:00:00 AM	05/27/2020  12:00:00 AM	Elective
10231	Thoracic	06/14/2020  12:00:00 AM	06/09/2020  12:00:00 AM	Elective
10232	Thoracic	06/14/2020  12:00:00 AM	06/13/2020  12:00:00 AM	Elective
10233	Thoracic	06/14/2020  12:00:00 AM	06/06/2020  12:00:00 AM	Elective
10234	Gynecology	06/14/2020  12:00:00 AM	06/10/2020  12:00:00 AM	Urgent
10235	Cardiac	06/14/2020  12:00:00 AM	05/26/2020  12:00:00 AM	Urgent
10236	Electrophysiology	06/14/2020  12:00:00 AM	06/09/2020  12:00:00 AM	Urgent
10237	Podiatry	06/14/2020  12:00:00 AM	06/11/2020  12:00:00 AM	Urgent
10238	Orthopedics	06/14/2020  12:00:00 AM	06/06/2020  12:00:00 AM	Elective
10239	Pulmonary	06/14/2020  12:00:00 AM	05/28/2020  12:00:00 AM	Elective
10240	Plastics	06/14/2020  12:00:00 AM	06/08/2020  12:00:00 AM	Urgent
10241	Plastics	06/14/2020  12:00:00 AM	06/10/2020  12:00:00 AM	Elective
10242	Urology	06/14/2020  12:00:00 AM	05/30/2020  12:00:00 AM	Elective
10243	General	06/14/2020  12:00:00 AM	06/08/2020  12:00:00 AM	Urgent
10244	Dental	06/14/2020  12:00:00 AM	05/26/2020  12:00:00 AM	Elective
10245	Neuroradiology	06/14/2020  12:00:00 AM	05/26/2020  12:00:00 AM	Elective
10246	Electrophysiology	06/14/2020  12:00:00 AM	05/30/2020  12:00:00 AM	Urgent
10247	Vascular	06/14/2020  12:00:00 AM	05/27/2020  12:00:00 AM	Elective
10248	Hepatology	06/14/2020  12:00:00 AM	05/28/2020  12:00:00 AM	Elective
10249	Cardiac	06/14/2020  12:00:00 AM	06/04/2020  12:00:00 AM	Urgent
10250	Pain	06/14/2020  12:00:00 AM	05/28/2020  12:00:00 AM	Elective
10251	Dental	06/14/2020  12:00:00 AM	06/07/2020  12:00:00 AM	Urgent
10252	Thoracic	06/14/2020  12:00:00 AM	06/07/2020  12:00:00 AM	Elective
10253	Neuroradiology	06/14/2020  12:00:00 AM	06/02/2020  12:00:00 AM	Urgent
10254	Ophthalmology	06/14/2020  12:00:00 AM	06/13/2020  12:00:00 AM	Elective
10255	Cardiac	06/14/2020  12:00:00 AM	05/30/2020  12:00:00 AM	Urgent
10256	General	06/14/2020  12:00:00 AM	05/30/2020  12:00:00 AM	Urgent
10257	Dental	06/14/2020  12:00:00 AM	05/28/2020  12:00:00 AM	Elective
10258	Electroconvulsive Therapy	06/14/2020  12:00:00 AM	06/10/2020  12:00:00 AM	Elective
10259	General	06/14/2020  12:00:00 AM	06/03/2020  12:00:00 AM	Elective
10260	Gynecology	06/14/2020  12:00:00 AM	06/02/2020  12:00:00 AM	Urgent
10261	Gynecology	06/14/2020  12:00:00 AM	06/08/2020  12:00:00 AM	Elective
10262	Obstetrics	06/14/2020  12:00:00 AM	06/06/2020  12:00:00 AM	Elective
10263	Obstetrics	06/14/2020  12:00:00 AM	05/28/2020  12:00:00 AM	Urgent
10264	Gynecology	06/14/2020  12:00:00 AM	06/02/2020  12:00:00 AM	Urgent
10265	Thoracic	06/14/2020  12:00:00 AM	06/13/2020  12:00:00 AM	Elective
10266	Neuroradiology	06/14/2020  12:00:00 AM	06/07/2020  12:00:00 AM	Elective
10267	Hepatology	06/14/2020  12:00:00 AM	06/01/2020  12:00:00 AM	Elective
10268	Electroconvulsive Therapy	06/14/2020  12:00:00 AM	06/08/2020  12:00:00 AM	Elective
10269	Orthopedics	06/14/2020  12:00:00 AM	05/31/2020  12:00:00 AM	Elective
10270	Obstetrics	06/14/2020  12:00:00 AM	06/11/2020  12:00:00 AM	Urgent
10271	General	06/14/2020  12:00:00 AM	06/07/2020  12:00:00 AM	Urgent
10272	Urology	06/14/2020  12:00:00 AM	06/06/2020  12:00:00 AM	Elective
10273	Pain	06/14/2020  12:00:00 AM	05/27/2020  12:00:00 AM	Urgent
10274	Vascular	06/14/2020  12:00:00 AM	06/04/2020  12:00:00 AM	Urgent
10275	Thoracic	06/14/2020  12:00:00 AM	06/13/2020  12:00:00 AM	Urgent
10276	Gynecology	06/14/2020  12:00:00 AM	06/10/2020  12:00:00 AM	Urgent
10277	Podiatry	06/14/2020  12:00:00 AM	06/07/2020  12:00:00 AM	Elective
10278	Vascular	06/14/2020  12:00:00 AM	06/05/2020  12:00:00 AM	Elective
10279	Pain	06/14/2020  12:00:00 AM	06/11/2020  12:00:00 AM	Urgent
10280	Dental	06/14/2020  12:00:00 AM	06/02/2020  12:00:00 AM	Urgent
10281	Urology	06/14/2020  12:00:00 AM	05/29/2020  12:00:00 AM	Elective
10282	Podiatry	06/14/2020  12:00:00 AM	06/12/2020  12:00:00 AM	Urgent
10283	Neuroradiology	06/14/2020  12:00:00 AM	06/13/2020  12:00:00 AM	Elective
10284	Cardiac	06/14/2020  12:00:00 AM	06/13/2020  12:00:00 AM	Urgent
10285	Urology	06/14/2020  12:00:00 AM	06/02/2020  12:00:00 AM	Elective
10286	Cardiac	06/14/2020  12:00:00 AM	06/05/2020  12:00:00 AM	Urgent
10287	Neurosurgery	06/14/2020  12:00:00 AM	06/09/2020  12:00:00 AM	Elective
10288	Vascular	06/14/2020  12:00:00 AM	06/02/2020  12:00:00 AM	Urgent
10289	Thoracic	06/14/2020  12:00:00 AM	05/28/2020  12:00:00 AM	Urgent
10290	Interventional Radiology	06/14/2020  12:00:00 AM	05/26/2020  12:00:00 AM	Urgent
10291	Cardiac	06/14/2020  12:00:00 AM	06/04/2020  12:00:00 AM	Urgent
10292	Vascular	06/14/2020  12:00:00 AM	05/26/2020  12:00:00 AM	Elective
10293	Ophthalmology	06/14/2020  12:00:00 AM	06/02/2020  12:00:00 AM	Elective
10294	Thoracic	06/14/2020  12:00:00 AM	05/31/2020  12:00:00 AM	Elective
10295	Podiatry	06/14/2020  12:00:00 AM	05/27/2020  12:00:00 AM	Urgent
10296	Neurosurgery	06/14/2020  12:00:00 AM	06/04/2020  12:00:00 AM	Elective
10297	General	06/14/2020  12:00:00 AM	06/01/2020  12:00:00 AM	Elective
10298	Gastroenterology	06/14/2020  12:00:00 AM	06/03/2020  12:00:00 AM	Elective
10299	Pulmonary	06/14/2020  12:00:00 AM	05/29/2020  12:00:00 AM	Urgent
10300	Obstetrics	06/14/2020  12:00:00 AM	05/28/2020  12:00:00 AM	Elective
10301	Electrophysiology	06/14/2020  12:00:00 AM	05/26/2020  12:00:00 AM	Elective
10302	Gynecology	06/14/2020  12:00:00 AM	06/10/2020  12:00:00 AM	Elective
10303	Interventional Radiology	06/14/2020  12:00:00 AM	06/08/2020  12:00:00 AM	Elective
10304	Hepatology	06/14/2020  12:00:00 AM	06/04/2020  12:00:00 AM	Urgent
10305	Interventional Radiology	06/14/2020  12:00:00 AM	05/29/2020  12:00:00 AM	Urgent
10306	Orthopedics	06/14/2020  12:00:00 AM	05/30/2020  12:00:00 AM	Elective
10307	Pain	06/14/2020  12:00:00 AM	05/30/2020  12:00:00 AM	Elective
10308	Urology	06/14/2020  12:00:00 AM	05/27/2020  12:00:00 AM	Elective
10309	Ophthalmology	06/14/2020  12:00:00 AM	06/03/2020  12:00:00 AM	Elective
10310	Plastics	06/14/2020  12:00:00 AM	05/28/2020  12:00:00 AM	Urgent
10311	Podiatry	06/14/2020  12:00:00 AM	06/11/2020  12:00:00 AM	Elective
10312	Gastroenterology	06/14/2020  12:00:00 AM	06/04/2020  12:00:00 AM	Urgent
10313	Interventional Radiology	06/14/2020  12:00:00 AM	06/07/2020  12:00:00 AM	Urgent
10314	Electrophysiology	06/14/2020  12:00:00 AM	06/11/2020  12:00:00 AM	Urgent
10315	Gynecology	06/14/2020  12:00:00 AM	06/03/2020  12:00:00 AM	Urgent
10316	General	06/14/2020  12:00:00 AM	06/03/2020  12:00:00 AM	Urgent
10317	Ophthalmology	06/14/2020  12:00:00 AM	05/30/2020  12:00:00 AM	Elective
10318	Pulmonary	06/14/2020  12:00:00 AM	05/27/2020  12:00:00 AM	Urgent
10319	Neurosurgery	06/14/2020  12:00:00 AM	06/06/2020  12:00:00 AM	Elective
10320	Ophthalmology	06/14/2020  12:00:00 AM	05/28/2020  12:00:00 AM	Urgent
10321	Interventional Radiology	06/14/2020  12:00:00 AM	06/11/2020  12:00:00 AM	Elective
10322	Thoracic	06/14/2020  12:00:00 AM	06/02/2020  12:00:00 AM	Urgent
10323	Thoracic	06/14/2020  12:00:00 AM	06/05/2020  12:00:00 AM	Urgent
10324	General	06/14/2020  12:00:00 AM	06/06/2020  12:00:00 AM	Urgent
10325	Cardiac	06/14/2020  12:00:00 AM	06/05/2020  12:00:00 AM	Urgent
10326	Neurosurgery	06/14/2020  12:00:00 AM	06/04/2020  12:00:00 AM	Elective
10327	Gastroenterology	06/14/2020  12:00:00 AM	06/10/2020  12:00:00 AM	Urgent
10328	Gynecology	06/14/2020  12:00:00 AM	06/13/2020  12:00:00 AM	Elective
10329	Obstetrics	06/14/2020  12:00:00 AM	06/08/2020  12:00:00 AM	Elective
10330	Electroconvulsive Therapy	06/14/2020  12:00:00 AM	05/28/2020  12:00:00 AM	Urgent
10331	Electrophysiology	06/14/2020  12:00:00 AM	06/05/2020  12:00:00 AM	Urgent
10332	General	06/14/2020  12:00:00 AM	06/06/2020  12:00:00 AM	Urgent
10333	Gynecology	06/14/2020  12:00:00 AM	05/31/2020  12:00:00 AM	Elective
10334	Interventional Radiology	06/14/2020  12:00:00 AM	05/31/2020  12:00:00 AM	Urgent
10335	Pain	06/14/2020  12:00:00 AM	06/04/2020  12:00:00 AM	Elective
10336	Gastroenterology	06/14/2020  12:00:00 AM	06/08/2020  12:00:00 AM	Elective
10337	Vascular	06/14/2020  12:00:00 AM	05/29/2020  12:00:00 AM	Elective
10338	Obstetrics	06/14/2020  12:00:00 AM	06/11/2020  12:00:00 AM	Elective
10339	Gynecology	06/14/2020  12:00:00 AM	05/30/2020  12:00:00 AM	Elective
10340	Ophthalmology	06/14/2020  12:00:00 AM	06/08/2020  12:00:00 AM	Urgent
10341	General	06/14/2020  12:00:00 AM	06/03/2020  12:00:00 AM	Urgent
10342	Interventional Radiology	06/14/2020  12:00:00 AM	06/06/2020  12:00:00 AM	Elective
10343	General	06/14/2020  12:00:00 AM	05/27/2020  12:00:00 AM	Urgent
10344	Ophthalmology	06/14/2020  12:00:00 AM	06/07/2020  12:00:00 AM	Elective
10345	Neurosurgery	06/14/2020  12:00:00 AM	06/07/2020  12:00:00 AM	Elective
10346	Gynecology	06/14/2020  12:00:00 AM	05/27/2020  12:00:00 AM	Urgent
10347	Pain	06/14/2020  12:00:00 AM	06/05/2020  12:00:00 AM	Elective
10348	Cardiac	06/14/2020  12:00:00 AM	06/03/2020  12:00:00 AM	Urgent
10349	Pulmonary	06/14/2020  12:00:00 AM	06/11/2020  12:00:00 AM	Urgent
10350	Urology	06/14/2020  12:00:00 AM	06/01/2020  12:00:00 AM	Elective
10351	Electroconvulsive Therapy	06/14/2020  12:00:00 AM	06/06/2020  12:00:00 AM	Urgent
10352	Hepatology	06/14/2020  12:00:00 AM	05/28/2020  12:00:00 AM	Elective
10353	Dental	06/14/2020  12:00:00 AM	06/03/2020  12:00:00 AM	Elective
10354	Neurosurgery	06/14/2020  12:00:00 AM	06/08/2020  12:00:00 AM	Urgent
10355	Pulmonary	06/14/2020  12:00:00 AM	06/05/2020  12:00:00 AM	Elective
10356	Plastics	06/14/2020  12:00:00 AM	05/28/2020  12:00:00 AM	Urgent
10357	Cardiac	06/14/2020  12:00:00 AM	06/05/2020  12:00:00 AM	Elective
10358	Plastics	06/14/2020  12:00:00 AM	05/30/2020  12:00:00 AM	Urgent
10359	Hepatology	06/14/2020  12:00:00 AM	06/06/2020  12:00:00 AM	Urgent
10360	Interventional Radiology	06/14/2020  12:00:00 AM	06/04/2020  12:00:00 AM	Urgent
10361	Electroconvulsive Therapy	06/14/2020  12:00:00 AM	06/08/2020  12:00:00 AM	Elective
10362	Gynecology	06/14/2020  12:00:00 AM	06/10/2020  12:00:00 AM	Elective
10363	Pulmonary	06/14/2020  12:00:00 AM	05/29/2020  12:00:00 AM	Urgent
10364	Podiatry	06/14/2020  12:00:00 AM	06/06/2020  12:00:00 AM	Urgent
10365	Podiatry	06/14/2020  12:00:00 AM	06/01/2020  12:00:00 AM	Elective
10366	Thoracic	06/14/2020  12:00:00 AM	06/01/2020  12:00:00 AM	Urgent
10367	Ophthalmology	06/14/2020  12:00:00 AM	05/30/2020  12:00:00 AM	Elective
10368	Pain	06/14/2020  12:00:00 AM	05/28/2020  12:00:00 AM	Urgent
10369	Pulmonary	06/14/2020  12:00:00 AM	06/12/2020  12:00:00 AM	Elective
10370	Gastroenterology	06/14/2020  12:00:00 AM	05/27/2020  12:00:00 AM	Urgent
10371	Orthopedics	06/14/2020  12:00:00 AM	06/09/2020  12:00:00 AM	Elective
10372	Ophthalmology	06/14/2020  12:00:00 AM	05/28/2020  12:00:00 AM	Urgent
10373	Ophthalmology	06/14/2020  12:00:00 AM	06/03/2020  12:00:00 AM	Urgent
10374	Vascular	06/14/2020  12:00:00 AM	06/05/2020  12:00:00 AM	Elective
10375	Neuroradiology	06/14/2020  12:00:00 AM	05/28/2020  12:00:00 AM	Urgent
10376	Neuroradiology	06/14/2020  12:00:00 AM	06/05/2020  12:00:00 AM	Urgent
10377	General	06/14/2020  12:00:00 AM	05/31/2020  12:00:00 AM	Elective
10378	Podiatry	06/14/2020  12:00:00 AM	06/03/2020  12:00:00 AM	Elective
10379	Electrophysiology	06/14/2020  12:00:00 AM	05/31/2020  12:00:00 AM	Urgent
10380	Hepatology	06/14/2020  12:00:00 AM	06/11/2020  12:00:00 AM	Urgent
10381	Interventional Radiology	06/14/2020  12:00:00 AM	06/10/2020  12:00:00 AM	Elective
10382	Plastics	06/14/2020  12:00:00 AM	05/27/2020  12:00:00 AM	Elective
10383	Electrophysiology	06/14/2020  12:00:00 AM	06/10/2020  12:00:00 AM	Urgent
10384	Cardiac	06/14/2020  12:00:00 AM	06/06/2020  12:00:00 AM	Elective
10385	Thoracic	06/14/2020  12:00:00 AM	06/03/2020  12:00:00 AM	Urgent
10386	Ophthalmology	06/14/2020  12:00:00 AM	06/04/2020  12:00:00 AM	Elective
10387	Ophthalmology	06/14/2020  12:00:00 AM	06/05/2020  12:00:00 AM	Urgent
10388	Orthopedics	06/14/2020  12:00:00 AM	06/01/2020  12:00:00 AM	Elective
10389	Neurosurgery	06/14/2020  12:00:00 AM	05/31/2020  12:00:00 AM	Elective
10390	Cardiac	06/14/2020  12:00:00 AM	06/11/2020  12:00:00 AM	Urgent
10391	General	06/14/2020  12:00:00 AM	06/12/2020  12:00:00 AM	Urgent
10392	Interventional Radiology	06/14/2020  12:00:00 AM	05/29/2020  12:00:00 AM	Elective
10393	Electrophysiology	06/14/2020  12:00:00 AM	06/12/2020  12:00:00 AM	Urgent
10394	Dental	06/14/2020  12:00:00 AM	06/12/2020  12:00:00 AM	Urgent
10395	Gynecology	06/14/2020  12:00:00 AM	06/05/2020  12:00:00 AM	Elective
10396	Gastroenterology	06/14/2020  12:00:00 AM	05/30/2020  12:00:00 AM	Elective
10397	Orthopedics	06/14/2020  12:00:00 AM	06/08/2020  12:00:00 AM	Urgent
10398	Ophthalmology	06/14/2020  12:00:00 AM	06/05/2020  12:00:00 AM	Urgent
10399	Plastics	06/14/2020  12:00:00 AM	05/28/2020  12:00:00 AM	Urgent
10400	Hepatology	06/14/2020  12:00:00 AM	06/03/2020  12:00:00 AM	Urgent
10401	General	06/14/2020  12:00:00 AM	06/01/2020  12:00:00 AM	Elective
10402	Podiatry	06/14/2020  12:00:00 AM	06/13/2020  12:00:00 AM	Elective
10403	Podiatry	06/14/2020  12:00:00 AM	06/04/2020  12:00:00 AM	Urgent
10404	Thoracic	06/14/2020  12:00:00 AM	06/10/2020  12:00:00 AM	Elective
10405	Cardiac	06/14/2020  12:00:00 AM	06/11/2020  12:00:00 AM	Urgent
10406	Vascular	06/14/2020  12:00:00 AM	06/04/2020  12:00:00 AM	Elective
10407	Plastics	06/14/2020  12:00:00 AM	06/11/2020  12:00:00 AM	Urgent
10408	Pain	06/14/2020  12:00:00 AM	06/07/2020  12:00:00 AM	Urgent
10409	Obstetrics	06/14/2020  12:00:00 AM	06/06/2020  12:00:00 AM	Elective
10410	Electrophysiology	06/14/2020  12:00:00 AM	06/06/2020  12:00:00 AM	Elective
10411	Urology	06/14/2020  12:00:00 AM	06/13/2020  12:00:00 AM	Urgent
10412	Electroconvulsive Therapy	06/14/2020  12:00:00 AM	06/09/2020  12:00:00 AM	Urgent
10413	Gynecology	06/14/2020  12:00:00 AM	05/31/2020  12:00:00 AM	Urgent
10414	Neuroradiology	06/14/2020  12:00:00 AM	06/10/2020  12:00:00 AM	Elective
