LOG_ID	OR_SERVICE	SURGERY_DATE	FIRST_SCHED_DATE	CASE_CLASS
10001	Electrophysiology	01/24/2020  12:00:00 AM	01/09/2020  12:00:00 AM	Urgent
10002	Pain	01/24/2020  12:00:00 AM	01/07/2020  12:00:00 AM	Elective
10003	Hepatology	01/24/2020  12:00:00 AM	01/12/2020  12:00:00 AM	Elective
10004	Neurosurgery	01/24/2020  12:00:00 AM	01/11/2020  12:00:00 AM	Elective
10005	Neurosurgery	01/24/2020  12:00:00 AM	01/18/2020  12:00:00 AM	Elective
10006	Plastics	01/24/2020  12:00:00 AM	01/18/2020  12:00:00 AM	Urgent
10007	Ophthalmology	01/24/2020  12:00:00 AM	01/14/2020  12:00:00 AM	Urgent
10008	Plastics	01/24/2020  12:00:00 AM	01/13/2020  12:00:00 AM	Urgent
10009	Plastics	01/24/2020  12:00:00 AM	01/21/2020  12:00:00 AM	Urgent
10010	Vascular	01/24/2020  12:00:00 AM	01/15/2020  12:00:00 AM	Urgent
10011	Neuroradiology	01/24/2020  12:00:00 AM	01/13/2020  12:00:00 AM	Urgent
10012	Pain	01/24/2020  12:00:00 AM	01/17/2020  12:00:00 AM	Elective
10013	Plastics	01/24/2020  12:00:00 AM	01/06/2020  12:00:00 AM	Elective
10014	Plastics	01/24/2020  12:00:00 AM	01/21/2020  12:00:00 AM	Elective
10015	Obstetrics	01/24/2020  12:00:00 AM	01/09/2020  12:00:00 AM	Urgent
10016	Electrophysiology	01/24/2020  12:00:00 AM	01/17/2020  12:00:00 AM	Elective
10017	Obstetrics	01/24/2020  12:00:00 AM	01/12/2020  12:00:00 AM	Urgent
10018	Obstetrics	01/24/2020  12:00:00 AM	01/05/2020  12:00:00 AM	Urgent
10019	Electrophysiology	01/24/2020  12:00:00 AM	01/10/2020  12:00:00 AM	Urgent
10020	Electroconvulsive Therapy	01/24/2020  12:00:00 AM	01/18/2020  12:00:00 AM	Urgent
10021	Cardiac	01/24/2020  12:00:00 AM	01/16/2020  12:00:00 AM	Elective
10022	Hepatology	01/24/2020  12:00:00 AM	01/11/2020  12:00:00 AM	Elective
10023	Electroconvulsive Therapy	01/24/2020  12:00:00 AM	01/05/2020  12:00:00 AM	Elective
10024	Electroconvulsive Therapy	01/24/2020  12:00:00 AM	01/05/2020  12:00:00 AM	Elective
10025	Ophthalmology	01/24/2020  12:00:00 AM	01/18/2020  12:00:00 AM	Urgent
10026	Pain	01/24/2020  12:00:00 AM	01/22/2020  12:00:00 AM	Urgent
10027	Pulmonary	01/24/2020  12:00:00 AM	01/05/2020  12:00:00 AM	Urgent
10028	General	01/24/2020  12:00:00 AM	01/09/2020  12:00:00 AM	Urgent
10029	General	01/24/2020  12:00:00 AM	01/10/2020  12:00:00 AM	Urgent
10030	Electroconvulsive Therapy	01/24/2020  12:00:00 AM	01/13/2020  12:00:00 AM	Urgent
10031	Gynecology	01/24/2020  12:00:00 AM	01/20/2020  12:00:00 AM	Urgent
10032	Dental	01/24/2020  12:00:00 AM	01/23/2020  12:00:00 AM	Elective
10033	Interventional Radiology	01/24/2020  12:00:00 AM	01/13/2020  12:00:00 AM	Urgent
10034	Electrophysiology	01/24/2020  12:00:00 AM	01/18/2020  12:00:00 AM	Elective
10035	Urology	01/24/2020  12:00:00 AM	01/13/2020  12:00:00 AM	Urgent
10036	Pain	01/24/2020  12:00:00 AM	01/09/2020  12:00:00 AM	Urgent
10037	Interventional Radiology	01/24/2020  12:00:00 AM	01/05/2020  12:00:00 AM	Urgent
10038	Pain	01/24/2020  12:00:00 AM	01/14/2020  12:00:00 AM	Elective
10039	Vascular	01/24/2020  12:00:00 AM	01/14/2020  12:00:00 AM	Urgent
10040	Neuroradiology	01/24/2020  12:00:00 AM	01/06/2020  12:00:00 AM	Elective
10041	Vascular	01/24/2020  12:00:00 AM	01/19/2020  12:00:00 AM	Urgent
10042	Dental	01/24/2020  12:00:00 AM	01/20/2020  12:00:00 AM	Urgent
10043	Electroconvulsive Therapy	01/24/2020  12:00:00 AM	01/12/2020  12:00:00 AM	Urgent
10044	Interventional Radiology	01/24/2020  12:00:00 AM	01/06/2020  12:00:00 AM	Elective
10045	Neurosurgery	01/24/2020  12:00:00 AM	01/21/2020  12:00:00 AM	Elective
10046	Pulmonary	01/24/2020  12:00:00 AM	01/20/2020  12:00:00 AM	Elective
10047	Cardiac	01/24/2020  12:00:00 AM	01/06/2020  12:00:00 AM	Elective
10048	Urology	01/24/2020  12:00:00 AM	01/19/2020  12:00:00 AM	Elective
10049	Dental	01/24/2020  12:00:00 AM	01/07/2020  12:00:00 AM	Elective
10050	Hepatology	01/24/2020  12:00:00 AM	01/05/2020  12:00:00 AM	Elective
10051	Cardiac	01/24/2020  12:00:00 AM	01/14/2020  12:00:00 AM	Elective
10052	Cardiac	01/24/2020  12:00:00 AM	01/07/2020  12:00:00 AM	Elective
10053	Urology	01/24/2020  12:00:00 AM	01/23/2020  12:00:00 AM	Urgent
10054	Obstetrics	01/24/2020  12:00:00 AM	01/18/2020  12:00:00 AM	Urgent
10055	Podiatry	01/24/2020  12:00:00 AM	01/21/2020  12:00:00 AM	Elective
10056	Cardiac	01/24/2020  12:00:00 AM	01/18/2020  12:00:00 AM	Elective
10057	Pulmonary	01/24/2020  12:00:00 AM	01/23/2020  12:00:00 AM	Urgent
10058	Cardiac	01/24/2020  12:00:00 AM	01/05/2020  12:00:00 AM	Urgent
10059	Neuroradiology	01/24/2020  12:00:00 AM	01/15/2020  12:00:00 AM	Urgent
10060	Hepatology	01/24/2020  12:00:00 AM	01/10/2020  12:00:00 AM	Elective
10061	Podiatry	01/24/2020  12:00:00 AM	01/06/2020  12:00:00 AM	Urgent
10062	Gastroenterology	01/24/2020  12:00:00 AM	01/16/2020  12:00:00 AM	Urgent
10063	Gynecology	01/24/2020  12:00:00 AM	01/18/2020  12:00:00 AM	Urgent
10064	Vascular	01/24/2020  12:00:00 AM	01/08/2020  12:00:00 AM	Urgent
10065	Neurosurgery	01/24/2020  12:00:00 AM	01/14/2020  12:00:00 AM	Elective
10066	Vascular	01/24/2020  12:00:00 AM	01/14/2020  12:00:00 AM	Urgent
10067	Plastics	01/24/2020  12:00:00 AM	01/17/2020  12:00:00 AM	Elective
10068	Pulmonary	01/24/2020  12:00:00 AM	01/15/2020  12:00:00 AM	Elective
10069	Plastics	01/24/2020  12:00:00 AM	01/20/2020  12:00:00 AM	Elective
10070	Pain	01/24/2020  12:00:00 AM	01/17/2020  12:00:00 AM	Elective
10071	Thoracic	01/24/2020  12:00:00 AM	01/14/2020  12:00:00 AM	Elective
10072	Vascular	01/24/2020  12:00:00 AM	01/21/2020  12:00:00 AM	Elective
10073	Pulmonary	01/24/2020  12:00:00 AM	01/21/2020  12:00:00 AM	Urgent
10074	Obstetrics	01/24/2020  12:00:00 AM	01/11/2020  12:00:00 AM	Urgent
10075	Pulmonary	01/24/2020  12:00:00 AM	01/16/2020  12:00:00 AM	Elective
10076	Gastroenterology	01/24/2020  12:00:00 AM	01/21/2020  12:00:00 AM	Urgent
10077	Electrophysiology	01/24/2020  12:00:00 AM	01/06/2020  12:00:00 AM	Elective
10078	Thoracic	01/24/2020  12:00:00 AM	01/15/2020  12:00:00 AM	Elective
10079	Pulmonary	01/24/2020  12:00:00 AM	01/19/2020  12:00:00 AM	Urgent
10080	Interventional Radiology	01/24/2020  12:00:00 AM	01/14/2020  12:00:00 AM	Elective
10081	Vascular	01/24/2020  12:00:00 AM	01/19/2020  12:00:00 AM	Elective
10082	Plastics	01/24/2020  12:00:00 AM	01/15/2020  12:00:00 AM	Elective
10083	Podiatry	01/24/2020  12:00:00 AM	01/19/2020  12:00:00 AM	Elective
10084	Gynecology	01/24/2020  12:00:00 AM	01/07/2020  12:00:00 AM	Urgent
10085	Electroconvulsive Therapy	01/24/2020  12:00:00 AM	01/14/2020  12:00:00 AM	Urgent
10086	Interventional Radiology	01/24/2020  12:00:00 AM	01/21/2020  12:00:00 AM	Elective
10087	Urology	01/24/2020  12:00:00 AM	01/12/2020  12:00:00 AM	Elective
10088	Dental	01/24/2020  12:00:00 AM	01/13/2020  12:00:00 AM	Elective
10089	Obstetrics	01/24/2020  12:00:00 AM	01/12/2020  12:00:00 AM	Elective
10090	Electrophysiology	01/24/2020  12:00:00 AM	01/21/2020  12:00:00 AM	Urgent
10091	Obstetrics	01/24/2020  12:00:00 AM	01/05/2020  12:00:00 AM	Elective
10092	Orthopedics	01/24/2020  12:00:00 AM	01/17/2020  12:00:00 AM	Urgent
10093	Vascular	01/24/2020  12:00:00 AM	01/05/2020  12:00:00 AM	Elective
10094	Pulmonary	01/24/2020  12:00:00 AM	01/17/2020  12:00:00 AM	Urgent
10095	Hepatology	01/24/2020  12:00:00 AM	01/10/2020  12:00:00 AM	Urgent
10096	Pain	01/24/2020  12:00:00 AM	01/17/2020  12:00:00 AM	Urgent
10097	Gastroenterology	01/24/2020  12:00:00 AM	01/23/2020  12:00:00 AM	Elective
10098	Cardiac	01/24/2020  12:00:00 AM	01/16/2020  12:00:00 AM	Urgent
10099	Pain	01/24/2020  12:00:00 AM	01/17/2020  12:00:00 AM	Urgent
10100	Obstetrics	01/24/2020  12:00:00 AM	01/22/2020  12:00:00 AM	Urgent
10101	Hepatology	01/24/2020  12:00:00 AM	01/12/2020  12:00:00 AM	Urgent
10102	Podiatry	01/24/2020  12:00:00 AM	01/18/2020  12:00:00 AM	Urgent
10103	Urology	01/24/2020  12:00:00 AM	01/17/2020  12:00:00 AM	Urgent
10104	Thoracic	01/24/2020  12:00:00 AM	01/14/2020  12:00:00 AM	Elective
10105	Interventional Radiology	01/24/2020  12:00:00 AM	01/05/2020  12:00:00 AM	Urgent
10106	Cardiac	01/24/2020  12:00:00 AM	01/23/2020  12:00:00 AM	Elective
10107	Plastics	01/24/2020  12:00:00 AM	01/16/2020  12:00:00 AM	Elective
10108	Electrophysiology	01/24/2020  12:00:00 AM	01/06/2020  12:00:00 AM	Urgent
10109	Thoracic	01/24/2020  12:00:00 AM	01/14/2020  12:00:00 AM	Elective
10110	Electrophysiology	01/24/2020  12:00:00 AM	01/21/2020  12:00:00 AM	Elective
10111	Pain	01/24/2020  12:00:00 AM	01/14/2020  12:00:00 AM	Urgent
10112	Pain	01/24/2020  12:00:00 AM	01/18/2020  12:00:00 AM	Urgent
10113	Neuroradiology	01/24/2020  12:00:00 AM	01/13/2020  12:00:00 AM	Urgent
10114	Orthopedics	01/24/2020  12:00:00 AM	01/22/2020  12:00:00 AM	Urgent
10115	Pulmonary	01/24/2020  12:00:00 AM	01/09/2020  12:00:00 AM	Elective
10116	Podiatry	01/24/2020  12:00:00 AM	01/18/2020  12:00:00 AM	Urgent
10117	Pulmonary	01/24/2020  12:00:00 AM	01/12/2020  12:00:00 AM	Urgent
10118	Pain	01/24/2020  12:00:00 AM	01/12/2020  12:00:00 AM	Elective
10119	Electrophysiology	01/24/2020  12:00:00 AM	01/17/2020  12:00:00 AM	Urgent
10120	Neurosurgery	01/24/2020  12:00:00 AM	01/22/2020  12:00:00 AM	Elective
10121	Hepatology	01/24/2020  12:00:00 AM	01/15/2020  12:00:00 AM	Urgent
10122	Plastics	01/24/2020  12:00:00 AM	01/12/2020  12:00:00 AM	Urgent
10123	Pulmonary	01/24/2020  12:00:00 AM	01/10/2020  12:00:00 AM	Urgent
10124	Thoracic	01/24/2020  12:00:00 AM	01/18/2020  12:00:00 AM	Urgent
10125	Gastroenterology	01/24/2020  12:00:00 AM	01/22/2020  12:00:00 AM	Elective
10126	Plastics	01/24/2020  12:00:00 AM	01/08/2020  12:00:00 AM	Urgent
10127	Plastics	01/24/2020  12:00:00 AM	01/23/2020  12:00:00 AM	Urgent
10128	Obstetrics	01/24/2020  12:00:00 AM	01/15/2020  12:00:00 AM	Urgent
10129	Gynecology	01/24/2020  12:00:00 AM	01/21/2020  12:00:00 AM	Elective
10130	Electrophysiology	01/24/2020  12:00:00 AM	01/21/2020  12:00:00 AM	Elective
10131	Electroconvulsive Therapy	01/24/2020  12:00:00 AM	01/16/2020  12:00:00 AM	Urgent
10132	Pulmonary	01/24/2020  12:00:00 AM	01/21/2020  12:00:00 AM	Elective
10133	Orthopedics	01/24/2020  12:00:00 AM	01/23/2020  12:00:00 AM	Urgent
10134	Dental	01/24/2020  12:00:00 AM	01/16/2020  12:00:00 AM	Urgent
10135	Podiatry	01/24/2020  12:00:00 AM	01/10/2020  12:00:00 AM	Urgent
10136	Neurosurgery	01/24/2020  12:00:00 AM	01/13/2020  12:00:00 AM	Elective
10137	Plastics	01/24/2020  12:00:00 AM	01/20/2020  12:00:00 AM	Elective
10138	Electrophysiology	01/24/2020  12:00:00 AM	01/05/2020  12:00:00 AM	Urgent
10139	Urology	01/24/2020  12:00:00 AM	01/10/2020  12:00:00 AM	Urgent
10140	Hepatology	01/24/2020  12:00:00 AM	01/08/2020  12:00:00 AM	Elective
10141	Pulmonary	01/24/2020  12:00:00 AM	01/18/2020  12:00:00 AM	Urgent
10142	Electrophysiology	01/24/2020  12:00:00 AM	01/17/2020  12:00:00 AM	Elective
10143	Plastics	01/24/2020  12:00:00 AM	01/11/2020  12:00:00 AM	Elective
10144	Interventional Radiology	01/24/2020  12:00:00 AM	01/17/2020  12:00:00 AM	Elective
10145	Podiatry	01/24/2020  12:00:00 AM	01/12/2020  12:00:00 AM	Elective
10146	Electroconvulsive Therapy	01/24/2020  12:00:00 AM	01/18/2020  12:00:00 AM	Urgent
10147	Dental	01/24/2020  12:00:00 AM	01/22/2020  12:00:00 AM	Urgent
10148	Dental	01/24/2020  12:00:00 AM	01/08/2020  12:00:00 AM	Elective
10149	Electroconvulsive Therapy	01/24/2020  12:00:00 AM	01/06/2020  12:00:00 AM	Elective
10150	Electroconvulsive Therapy	01/24/2020  12:00:00 AM	01/17/2020  12:00:00 AM	Urgent
10151	Dental	01/24/2020  12:00:00 AM	01/13/2020  12:00:00 AM	Elective
10152	Interventional Radiology	01/24/2020  12:00:00 AM	01/14/2020  12:00:00 AM	Elective
10153	Vascular	01/24/2020  12:00:00 AM	01/14/2020  12:00:00 AM	Elective
10154	Interventional Radiology	01/24/2020  12:00:00 AM	01/18/2020  12:00:00 AM	Urgent
10155	General	01/24/2020  12:00:00 AM	01/08/2020  12:00:00 AM	Elective
10156	Dental	01/24/2020  12:00:00 AM	01/11/2020  12:00:00 AM	Elective
10157	Interventional Radiology	01/24/2020  12:00:00 AM	01/19/2020  12:00:00 AM	Elective
10158	Electroconvulsive Therapy	01/24/2020  12:00:00 AM	01/05/2020  12:00:00 AM	Elective
10159	Gynecology	01/24/2020  12:00:00 AM	01/17/2020  12:00:00 AM	Urgent
10160	Plastics	01/24/2020  12:00:00 AM	01/19/2020  12:00:00 AM	Elective
10161	Orthopedics	01/24/2020  12:00:00 AM	01/08/2020  12:00:00 AM	Elective
10162	Gastroenterology	01/24/2020  12:00:00 AM	01/17/2020  12:00:00 AM	Urgent
10163	Podiatry	01/24/2020  12:00:00 AM	01/17/2020  12:00:00 AM	Urgent
10164	Interventional Radiology	01/24/2020  12:00:00 AM	01/16/2020  12:00:00 AM	Urgent
10165	Plastics	01/24/2020  12:00:00 AM	01/08/2020  12:00:00 AM	Elective
10166	Podiatry	01/24/2020  12:00:00 AM	01/06/2020  12:00:00 AM	Urgent
10167	Neurosurgery	01/24/2020  12:00:00 AM	01/21/2020  12:00:00 AM	Elective
10168	Podiatry	01/24/2020  12:00:00 AM	01/08/2020  12:00:00 AM	Urgent
10169	Gynecology	01/24/2020  12:00:00 AM	01/16/2020  12:00:00 AM	Elective
10170	Dental	01/24/2020  12:00:00 AM	01/22/2020  12:00:00 AM	Elective
10171	Gastroenterology	01/24/2020  12:00:00 AM	01/06/2020  12:00:00 AM	Urgent
10172	Ophthalmology	01/24/2020  12:00:00 AM	01/12/2020  12:00:00 AM	Urgent
10173	Plastics	01/24/2020  12:00:00 AM	01/13/2020  12:00:00 AM	Elective
10174	Pain	01/24/2020  12:00:00 AM	01/23/2020  12:00:00 AM	Urgent
10175	Ophthalmology	01/24/2020  12:00:00 AM	01/17/2020  12:00:00 AM	Urgent
10176	Gynecology	01/24/2020  12:00:00 AM	01/05/2020  12:00:00 AM	Urgent
10177	Urology	01/24/2020  12:00:00 AM	01/20/2020  12:00:00 AM	Urgent
10178	Dental	01/24/2020  12:00:00 AM	01/14/2020  12:00:00 AM	Elective
10179	Neuroradiology	01/24/2020  12:00:00 AM	01/07/2020  12:00:00 AM	Elective
10180	Neuroradiology	01/24/2020  12:00:00 AM	01/12/2020  12:00:00 AM	Urgent
10181	Dental	01/24/2020  12:00:00 AM	01/11/2020  12:00:00 AM	Urgent
10182	Interventional Radiology	01/24/2020  12:00:00 AM	01/06/2020  12:00:00 AM	Elective
10183	Podiatry	01/24/2020  12:00:00 AM	01/05/2020  12:00:00 AM	Urgent
10184	Electrophysiology	01/24/2020  12:00:00 AM	01/10/2020  12:00:00 AM	Urgent
10185	Hepatology	01/24/2020  12:00:00 AM	01/09/2020  12:00:00 AM	Elective
10186	Gastroenterology	01/24/2020  12:00:00 AM	01/21/2020  12:00:00 AM	Urgent
10187	Gynecology	01/24/2020  12:00:00 AM	01/05/2020  12:00:00 AM	Urgent
10188	Urology	01/24/2020  12:00:00 AM	01/16/2020  12:00:00 AM	Elective
10189	Interventional Radiology	01/24/2020  12:00:00 AM	01/17/2020  12:00:00 AM	Urgent
10190	Thoracic	01/24/2020  12:00:00 AM	01/11/2020  12:00:00 AM	Urgent
10191	General	01/24/2020  12:00:00 AM	01/16/2020  12:00:00 AM	Urgent
10192	Pain	01/24/2020  12:00:00 AM	01/18/2020  12:00:00 AM	Elective
10193	Hepatology	01/24/2020  12:00:00 AM	01/22/2020  12:00:00 AM	Elective
10194	Gastroenterology	01/24/2020  12:00:00 AM	01/13/2020  12:00:00 AM	Elective
10195	Dental	01/24/2020  12:00:00 AM	01/21/2020  12:00:00 AM	Elective
10196	Orthopedics	01/24/2020  12:00:00 AM	01/20/2020  12:00:00 AM	Urgent
10197	Obstetrics	01/24/2020  12:00:00 AM	01/14/2020  12:00:00 AM	Urgent
10198	Pulmonary	01/24/2020  12:00:00 AM	01/18/2020  12:00:00 AM	Urgent
10199	Plastics	01/24/2020  12:00:00 AM	01/13/2020  12:00:00 AM	Urgent
10200	Electrophysiology	01/24/2020  12:00:00 AM	01/13/2020  12:00:00 AM	Urgent
10201	Podiatry	01/24/2020  12:00:00 AM	01/18/2020  12:00:00 AM	Urgent
10202	Gynecology	01/24/2020  12:00:00 AM	01/16/2020  12:00:00 AM	Urgent
10203	Obstetrics	01/24/2020  12:00:00 AM	01/07/2020  12:00:00 AM	Elective
10204	Obstetrics	01/24/2020  12:00:00 AM	01/16/2020  12:00:00 AM	Elective
10205	Pulmonary	01/24/2020  12:00:00 AM	01/18/2020  12:00:00 AM	Elective
10206	Pulmonary	01/24/2020  12:00:00 AM	01/17/2020  12:00:00 AM	Elective
10207	Cardiac	01/24/2020  12:00:00 AM	01/19/2020  12:00:00 AM	Urgent
10208	Urology	01/24/2020  12:00:00 AM	01/05/2020  12:00:00 AM	Elective
10209	Electroconvulsive Therapy	01/24/2020  12:00:00 AM	01/08/2020  12:00:00 AM	Urgent
10210	Hepatology	01/24/2020  12:00:00 AM	01/23/2020  12:00:00 AM	Elective
10211	Interventional Radiology	01/24/2020  12:00:00 AM	01/16/2020  12:00:00 AM	Elective
10212	Plastics	01/24/2020  12:00:00 AM	01/15/2020  12:00:00 AM	Urgent
10213	Thoracic	01/24/2020  12:00:00 AM	01/05/2020  12:00:00 AM	Urgent
10214	Electrophysiology	01/24/2020  12:00:00 AM	01/20/2020  12:00:00 AM	Elective
10215	Cardiac	01/24/2020  12:00:00 AM	01/08/2020  12:00:00 AM	Urgent
10216	Gynecology	01/24/2020  12:00:00 AM	01/12/2020  12:00:00 AM	Urgent
10217	Vascular	01/24/2020  12:00:00 AM	01/15/2020  12:00:00 AM	Elective
10218	Podiatry	01/24/2020  12:00:00 AM	01/07/2020  12:00:00 AM	Urgent
10219	Neuroradiology	01/24/2020  12:00:00 AM	01/22/2020  12:00:00 AM	Elective
10220	Gynecology	01/24/2020  12:00:00 AM	01/16/2020  12:00:00 AM	Elective
10221	Neuroradiology	01/24/2020  12:00:00 AM	01/22/2020  12:00:00 AM	Urgent
10222	General	01/24/2020  12:00:00 AM	01/08/2020  12:00:00 AM	Urgent
10223	General	01/24/2020  12:00:00 AM	01/13/2020  12:00:00 AM	Urgent
10224	Gastroenterology	01/24/2020  12:00:00 AM	01/13/2020  12:00:00 AM	Elective
10225	Neurosurgery	01/24/2020  12:00:00 AM	01/06/2020  12:00:00 AM	Urgent
10226	Neuroradiology	01/24/2020  12:00:00 AM	01/09/2020  12:00:00 AM	Elective
10227	General	01/24/2020  12:00:00 AM	01/14/2020  12:00:00 AM	Elective
10228	Vascular	01/24/2020  12:00:00 AM	01/19/2020  12:00:00 AM	Elective
10229	Pulmonary	01/24/2020  12:00:00 AM	01/20/2020  12:00:00 AM	Elective
10230	Neurosurgery	01/24/2020  12:00:00 AM	01/18/2020  12:00:00 AM	Urgent
10231	Podiatry	01/24/2020  12:00:00 AM	01/16/2020  12:00:00 AM	Elective
10232	Dental	01/24/2020  12:00:00 AM	01/22/2020  12:00:00 AM	Elective
10233	Neuroradiology	01/24/2020  12:00:00 AM	01/21/2020  12:00:00 AM	Elective
10234	Plastics	01/24/2020  12:00:00 AM	01/09/2020  12:00:00 AM	Elective
10235	Thoracic	01/24/2020  12:00:00 AM	01/12/2020  12:00:00 AM	Elective
10236	Ophthalmology	01/24/2020  12:00:00 AM	01/06/2020  12:00:00 AM	Elective
10237	General	01/24/2020  12:00:00 AM	01/20/2020  12:00:00 AM	Urgent
10238	Pain	01/24/2020  12:00:00 AM	01/05/2020  12:00:00 AM	Elective
10239	Orthopedics	01/24/2020  12:00:00 AM	01/09/2020  12:00:00 AM	Urgent
10240	Urology	01/24/2020  12:00:00 AM	01/17/2020  12:00:00 AM	Urgent
10241	Thoracic	01/24/2020  12:00:00 AM	01/19/2020  12:00:00 AM	Urgent
10242	Obstetrics	01/24/2020  12:00:00 AM	01/09/2020  12:00:00 AM	Urgent
10243	Hepatology	01/24/2020  12:00:00 AM	01/05/2020  12:00:00 AM	Elective
10244	Urology	01/24/2020  12:00:00 AM	01/20/2020  12:00:00 AM	Urgent
10245	Electroconvulsive Therapy	01/24/2020  12:00:00 AM	01/13/2020  12:00:00 AM	Urgent
10246	Gynecology	01/24/2020  12:00:00 AM	01/21/2020  12:00:00 AM	Urgent
10247	Hepatology	01/24/2020  12:00:00 AM	01/18/2020  12:00:00 AM	Urgent
10248	Interventional Radiology	01/24/2020  12:00:00 AM	01/19/2020  12:00:00 AM	Urgent
10249	Neurosurgery	01/24/2020  12:00:00 AM	01/18/2020  12:00:00 AM	Elective
10250	Hepatology	01/24/2020  12:00:00 AM	01/15/2020  12:00:00 AM	Elective
10251	Gynecology	01/24/2020  12:00:00 AM	01/14/2020  12:00:00 AM	Urgent
10252	Plastics	01/24/2020  12:00:00 AM	01/19/2020  12:00:00 AM	Elective
10253	Interventional Radiology	01/24/2020  12:00:00 AM	01/18/2020  12:00:00 AM	Urgent
10254	Thoracic	01/24/2020  12:00:00 AM	01/21/2020  12:00:00 AM	Urgent
10255	Electrophysiology	01/24/2020  12:00:00 AM	01/20/2020  12:00:00 AM	Urgent
10256	Obstetrics	01/24/2020  12:00:00 AM	01/16/2020  12:00:00 AM	Elective
10257	Podiatry	01/24/2020  12:00:00 AM	01/14/2020  12:00:00 AM	Urgent
10258	Gastroenterology	01/24/2020  12:00:00 AM	01/08/2020  12:00:00 AM	Elective
10259	Obstetrics	01/24/2020  12:00:00 AM	01/14/2020  12:00:00 AM	Urgent
10260	Dental	01/24/2020  12:00:00 AM	01/05/2020  12:00:00 AM	Urgent
10261	Dental	01/24/2020  12:00:00 AM	01/23/2020  12:00:00 AM	Urgent
10262	Neurosurgery	01/24/2020  12:00:00 AM	01/11/2020  12:00:00 AM	Elective
10263	Vascular	01/24/2020  12:00:00 AM	01/08/2020  12:00:00 AM	Urgent
10264	Electrophysiology	01/24/2020  12:00:00 AM	01/23/2020  12:00:00 AM	Elective
10265	Obstetrics	01/24/2020  12:00:00 AM	01/15/2020  12:00:00 AM	Urgent
10266	Ophthalmology	01/24/2020  12:00:00 AM	01/22/2020  12:00:00 AM	Elective
10267	Hepatology	01/24/2020  12:00:00 AM	01/08/2020  12:00:00 AM	Elective
10268	Vascular	01/24/2020  12:00:00 AM	01/19/2020  12:00:00 AM	Elective
10269	Interventional Radiology	01/24/2020  12:00:00 AM	01/15/2020  12:00:00 AM	Urgent
10270	Neuroradiology	01/24/2020  12:00:00 AM	01/08/2020  12:00:00 AM	Elective
10271	Vascular	01/24/2020  12:00:00 AM	01/12/2020  12:00:00 AM	Urgent
10272	Obstetrics	01/24/2020  12:00:00 AM	01/14/2020  12:00:00 AM	Elective
10273	General	01/24/2020  12:00:00 AM	01/07/2020  12:00:00 AM	Urgent
10274	Hepatology	01/24/2020  12:00:00 AM	01/13/2020  12:00:00 AM	Urgent
10275	Podiatry	01/24/2020  12:00:00 AM	01/14/2020  12:00:00 AM	Elective
10276	Neurosurgery	01/24/2020  12:00:00 AM	01/13/2020  12:00:00 AM	Elective
10277	Urology	01/24/2020  12:00:00 AM	01/22/2020  12:00:00 AM	Urgent
10278	Podiatry	01/24/2020  12:00:00 AM	01/11/2020  12:00:00 AM	Urgent
10279	Podiatry	01/24/2020  12:00:00 AM	01/17/2020  12:00:00 AM	Elective
10280	Cardiac	01/24/2020  12:00:00 AM	01/19/2020  12:00:00 AM	Urgent
10281	Gastroenterology	01/24/2020  12:00:00 AM	01/09/2020  12:00:00 AM	Elective
10282	Neuroradiology	01/24/2020  12:00:00 AM	01/09/2020  12:00:00 AM	Urgent
10283	Gynecology	01/24/2020  12:00:00 AM	01/23/2020  12:00:00 AM	Urgent
10284	Hepatology	01/24/2020  12:00:00 AM	01/11/2020  12:00:00 AM	Urgent
10285	Plastics	01/24/2020  12:00:00 AM	01/16/2020  12:00:00 AM	Elective
10286	Urology	01/24/2020  12:00:00 AM	01/15/2020  12:00:00 AM	Elective
10287	Gynecology	01/24/2020  12:00:00 AM	01/12/2020  12:00:00 AM	Elective
10288	Plastics	01/24/2020  12:00:00 AM	01/10/2020  12:00:00 AM	Elective
10289	Electroconvulsive Therapy	01/24/2020  12:00:00 AM	01/19/2020  12:00:00 AM	Elective
10290	Ophthalmology	01/24/2020  12:00:00 AM	01/19/2020  12:00:00 AM	Elective
10291	Obstetrics	01/24/2020  12:00:00 AM	01/07/2020  12:00:00 AM	Elective
10292	Gynecology	01/24/2020  12:00:00 AM	01/08/2020  12:00:00 AM	Elective
10293	Interventional Radiology	01/24/2020  12:00:00 AM	01/13/2020  12:00:00 AM	Urgent
10294	Dental	01/24/2020  12:00:00 AM	01/22/2020  12:00:00 AM	Elective
10295	Thoracic	01/24/2020  12:00:00 AM	01/16/2020  12:00:00 AM	Urgent
10296	Urology	01/24/2020  12:00:00 AM	01/14/2020  12:00:00 AM	Elective
10297	Pulmonary	01/24/2020  12:00:00 AM	01/06/2020  12:00:00 AM	Elective
10298	Cardiac	01/24/2020  12:00:00 AM	01/14/2020  12:00:00 AM	Elective
10299	Pain	01/24/2020  12:00:00 AM	01/15/2020  12:00:00 AM	Urgent
10300	General	01/24/2020  12:00:00 AM	01/21/2020  12:00:00 AM	Elective
10301	General	01/24/2020  12:00:00 AM	01/14/2020  12:00:00 AM	Elective
10302	Dental	01/24/2020  12:00:00 AM	01/09/2020  12:00:00 AM	Urgent
10303	Orthopedics	01/24/2020  12:00:00 AM	01/09/2020  12:00:00 AM	Urgent
10304	Hepatology	01/24/2020  12:00:00 AM	01/14/2020  12:00:00 AM	Urgent
10305	Ophthalmology	01/24/2020  12:00:00 AM	01/19/2020  12:00:00 AM	Elective
10306	Pulmonary	01/24/2020  12:00:00 AM	01/22/2020  12:00:00 AM	Urgent
10307	Neuroradiology	01/24/2020  12:00:00 AM	01/07/2020  12:00:00 AM	Urgent
10308	Vascular	01/24/2020  12:00:00 AM	01/06/2020  12:00:00 AM	Urgent
10309	Hepatology	01/24/2020  12:00:00 AM	01/20/2020  12:00:00 AM	Urgent
10310	Pain	01/24/2020  12:00:00 AM	01/07/2020  12:00:00 AM	Elective
10311	General	01/24/2020  12:00:00 AM	01/16/2020  12:00:00 AM	Elective
10312	Electrophysiology	01/24/2020  12:00:00 AM	01/23/2020  12:00:00 AM	Urgent
10313	Obstetrics	01/24/2020  12:00:00 AM	01/18/2020  12:00:00 AM	Elective
10314	Obstetrics	01/24/2020  12:00:00 AM	01/05/2020  12:00:00 AM	Elective
10315	Urology	01/24/2020  12:00:00 AM	01/16/2020  12:00:00 AM	Elective
10316	Neuroradiology	01/24/2020  12:00:00 AM	01/19/2020  12:00:00 AM	Urgent
10317	Urology	01/24/2020  12:00:00 AM	01/21/2020  12:00:00 AM	Elective
10318	Gastroenterology	01/24/2020  12:00:00 AM	01/14/2020  12:00:00 AM	Urgent
10319	Gynecology	01/24/2020  12:00:00 AM	01/18/2020  12:00:00 AM	Urgent
10320	Vascular	01/24/2020  12:00:00 AM	01/11/2020  12:00:00 AM	Elective
10321	Interventional Radiology	01/24/2020  12:00:00 AM	01/15/2020  12:00:00 AM	Elective
10322	Plastics	01/24/2020  12:00:00 AM	01/05/2020  12:00:00 AM	Elective
10323	Neurosurgery	01/24/2020  12:00:00 AM	01/07/2020  12:00:00 AM	Elective
10324	Electroconvulsive Therapy	01/24/2020  12:00:00 AM	01/05/2020  12:00:00 AM	Elective
10325	Podiatry	01/24/2020  12:00:00 AM	01/14/2020  12:00:00 AM	Elective
10326	Urology	01/24/2020  12:00:00 AM	01/23/2020  12:00:00 AM	Urgent
10327	Interventional Radiology	01/24/2020  12:00:00 AM	01/18/2020  12:00:00 AM	Elective
10328	Orthopedics	01/24/2020  12:00:00 AM	01/06/2020  12:00:00 AM	Urgent
10329	Hepatology	01/24/2020  12:00:00 AM	01/13/2020  12:00:00 AM	Urgent
10330	Ophthalmology	01/24/2020  12:00:00 AM	01/13/2020  12:00:00 AM	Elective
10331	Obstetrics	01/24/2020  12:00:00 AM	01/20/2020  12:00:00 AM	Elective
10332	Hepatology	01/24/2020  12:00:00 AM	01/14/2020  12:00:00 AM	Elective
10333	Podiatry	01/24/2020  12:00:00 AM	01/18/2020  12:00:00 AM	Elective
10334	Hepatology	01/24/2020  12:00:00 AM	01/11/2020  12:00:00 AM	Urgent
10335	Podiatry	01/24/2020  12:00:00 AM	01/11/2020  12:00:00 AM	Elective
10336	Gastroenterology	01/24/2020  12:00:00 AM	01/08/2020  12:00:00 AM	Urgent
10337	Plastics	01/24/2020  12:00:00 AM	01/15/2020  12:00:00 AM	Elective
10338	Urology	01/24/2020  12:00:00 AM	01/05/2020  12:00:00 AM	Urgent
10339	Hepatology	01/24/2020  12:00:00 AM	01/22/2020  12:00:00 AM	Elective
10340	Ophthalmology	01/24/2020  12:00:00 AM	01/14/2020  12:00:00 AM	Elective
10341	Obstetrics	01/24/2020  12:00:00 AM	01/23/2020  12:00:00 AM	Urgent
10342	Neuroradiology	01/24/2020  12:00:00 AM	01/15/2020  12:00:00 AM	Elective
10343	Vascular	01/24/2020  12:00:00 AM	01/11/2020  12:00:00 AM	Urgent
10344	General	01/24/2020  12:00:00 AM	01/06/2020  12:00:00 AM	Urgent
10345	Neuroradiology	01/24/2020  12:00:00 AM	01/05/2020  12:00:00 AM	Elective
10346	Urology	01/24/2020  12:00:00 AM	01/22/2020  12:00:00 AM	Urgent
10347	Vascular	01/24/2020  12:00:00 AM	01/14/2020  12:00:00 AM	Urgent
10348	Thoracic	01/24/2020  12:00:00 AM	01/21/2020  12:00:00 AM	Elective
10349	Neuroradiology	01/24/2020  12:00:00 AM	01/10/2020  12:00:00 AM	Urgent
10350	Orthopedics	01/24/2020  12:00:00 AM	01/18/2020  12:00:00 AM	Elective
10351	Gynecology	01/24/2020  12:00:00 AM	01/13/2020  12:00:00 AM	Elective
10352	Vascular	01/24/2020  12:00:00 AM	01/14/2020  12:00:00 AM	Urgent
10353	Podiatry	01/24/2020  12:00:00 AM	01/15/2020  12:00:00 AM	Elective
10354	Neuroradiology	01/24/2020  12:00:00 AM	01/16/2020  12:00:00 AM	Elective
10355	Thoracic	01/24/2020  12:00:00 AM	01/16/2020  12:00:00 AM	Urgent
10356	Cardiac	01/24/2020  12:00:00 AM	01/06/2020  12:00:00 AM	Urgent
10357	Orthopedics	01/24/2020  12:00:00 AM	01/07/2020  12:00:00 AM	Elective
10358	Vascular	01/24/2020  12:00:00 AM	01/06/2020  12:00:00 AM	Urgent
10359	Vascular	01/24/2020  12:00:00 AM	01/20/2020  12:00:00 AM	Elective
10360	Thoracic	01/24/2020  12:00:00 AM	01/22/2020  12:00:00 AM	Urgent
10361	Pulmonary	01/24/2020  12:00:00 AM	01/23/2020  12:00:00 AM	Elective
10362	Dental	01/24/2020  12:00:00 AM	01/20/2020  12:00:00 AM	Elective
10363	Cardiac	01/24/2020  12:00:00 AM	01/05/2020  12:00:00 AM	Elective
10364	Pulmonary	01/24/2020  12:00:00 AM	01/08/2020  12:00:00 AM	Urgent
10365	Electrophysiology	01/24/2020  12:00:00 AM	01/08/2020  12:00:00 AM	Urgent
10366	Vascular	01/24/2020  12:00:00 AM	01/05/2020  12:00:00 AM	Elective
10367	Dental	01/24/2020  12:00:00 AM	01/14/2020  12:00:00 AM	Elective
10368	Cardiac	01/24/2020  12:00:00 AM	01/12/2020  12:00:00 AM	Urgent
10369	Obstetrics	01/24/2020  12:00:00 AM	01/19/2020  12:00:00 AM	Elective
10370	Ophthalmology	01/24/2020  12:00:00 AM	01/08/2020  12:00:00 AM	Elective
10371	Orthopedics	01/24/2020  12:00:00 AM	01/12/2020  12:00:00 AM	Elective
10372	Gynecology	01/24/2020  12:00:00 AM	01/15/2020  12:00:00 AM	Urgent
10373	Ophthalmology	01/24/2020  12:00:00 AM	01/17/2020  12:00:00 AM	Elective
10374	Urology	01/24/2020  12:00:00 AM	01/23/2020  12:00:00 AM	Elective
10375	Neuroradiology	01/24/2020  12:00:00 AM	01/09/2020  12:00:00 AM	Urgent
10376	Neuroradiology	01/24/2020  12:00:00 AM	01/18/2020  12:00:00 AM	Elective
10377	Thoracic	01/24/2020  12:00:00 AM	01/08/2020  12:00:00 AM	Urgent
10378	Electroconvulsive Therapy	01/24/2020  12:00:00 AM	01/15/2020  12:00:00 AM	Elective
10379	Electroconvulsive Therapy	01/24/2020  12:00:00 AM	01/23/2020  12:00:00 AM	Elective
10380	Gastroenterology	01/24/2020  12:00:00 AM	01/17/2020  12:00:00 AM	Elective
10381	Obstetrics	01/24/2020  12:00:00 AM	01/22/2020  12:00:00 AM	Urgent
10382	Pulmonary	01/24/2020  12:00:00 AM	01/11/2020  12:00:00 AM	Urgent
10383	Podiatry	01/24/2020  12:00:00 AM	01/10/2020  12:00:00 AM	Urgent
10384	Thoracic	01/24/2020  12:00:00 AM	01/11/2020  12:00:00 AM	Elective
10385	Interventional Radiology	01/24/2020  12:00:00 AM	01/19/2020  12:00:00 AM	Urgent
10386	Neuroradiology	01/24/2020  12:00:00 AM	01/20/2020  12:00:00 AM	Elective
10387	Pulmonary	01/24/2020  12:00:00 AM	01/19/2020  12:00:00 AM	Elective
10388	Vascular	01/24/2020  12:00:00 AM	01/16/2020  12:00:00 AM	Urgent
10389	Neuroradiology	01/24/2020  12:00:00 AM	01/18/2020  12:00:00 AM	Elective
10390	Plastics	01/24/2020  12:00:00 AM	01/14/2020  12:00:00 AM	Urgent
10391	Electroconvulsive Therapy	01/24/2020  12:00:00 AM	01/18/2020  12:00:00 AM	Urgent
10392	Electrophysiology	01/24/2020  12:00:00 AM	01/11/2020  12:00:00 AM	Urgent
10393	Podiatry	01/24/2020  12:00:00 AM	01/16/2020  12:00:00 AM	Elective
10394	Neuroradiology	01/24/2020  12:00:00 AM	01/13/2020  12:00:00 AM	Urgent
10395	Podiatry	01/24/2020  12:00:00 AM	01/20/2020  12:00:00 AM	Urgent
10396	Neuroradiology	01/24/2020  12:00:00 AM	01/07/2020  12:00:00 AM	Elective
10397	Neuroradiology	01/24/2020  12:00:00 AM	01/05/2020  12:00:00 AM	Elective
10398	Vascular	01/24/2020  12:00:00 AM	01/21/2020  12:00:00 AM	Urgent
10399	Ophthalmology	01/24/2020  12:00:00 AM	01/21/2020  12:00:00 AM	Elective
10400	Plastics	01/24/2020  12:00:00 AM	01/20/2020  12:00:00 AM	Urgent
10401	Dental	01/24/2020  12:00:00 AM	01/12/2020  12:00:00 AM	Elective
10402	Urology	01/24/2020  12:00:00 AM	01/07/2020  12:00:00 AM	Urgent
10403	Interventional Radiology	01/24/2020  12:00:00 AM	01/08/2020  12:00:00 AM	Urgent
10404	Thoracic	01/24/2020  12:00:00 AM	01/21/2020  12:00:00 AM	Urgent
10405	Ophthalmology	01/24/2020  12:00:00 AM	01/12/2020  12:00:00 AM	Urgent
10406	Plastics	01/24/2020  12:00:00 AM	01/20/2020  12:00:00 AM	Urgent
10407	General	01/24/2020  12:00:00 AM	01/12/2020  12:00:00 AM	Urgent
10408	Hepatology	01/24/2020  12:00:00 AM	01/13/2020  12:00:00 AM	Elective
10409	Electrophysiology	01/24/2020  12:00:00 AM	01/22/2020  12:00:00 AM	Urgent
10410	Plastics	01/24/2020  12:00:00 AM	01/16/2020  12:00:00 AM	Urgent
10411	Dental	01/24/2020  12:00:00 AM	01/17/2020  12:00:00 AM	Elective
10412	Obstetrics	01/24/2020  12:00:00 AM	01/13/2020  12:00:00 AM	Elective
10413	Hepatology	01/24/2020  12:00:00 AM	01/20/2020  12:00:00 AM	Elective
10414	Hepatology	01/24/2020  12:00:00 AM	01/20/2020  12:00:00 AM	Urgent
