LOG_ID	OR_SERVICE	SURGERY_DATE	FIRST_SCHED_DATE	CASE_CLASS
10001	Electrophysiology	03/19/2020  12:00:00 AM	03/16/2020  12:00:00 AM	Elective
10002	General	03/19/2020  12:00:00 AM	03/03/2020  12:00:00 AM	Elective
10003	Pulmonary	03/19/2020  12:00:00 AM	03/10/2020  12:00:00 AM	Urgent
10004	Podiatry	03/19/2020  12:00:00 AM	03/14/2020  12:00:00 AM	Urgent
10005	Neurosurgery	03/19/2020  12:00:00 AM	03/11/2020  12:00:00 AM	Urgent
10006	Pain	03/19/2020  12:00:00 AM	03/03/2020  12:00:00 AM	Elective
10007	Electroconvulsive Therapy	03/19/2020  12:00:00 AM	03/11/2020  12:00:00 AM	Urgent
10008	Pain	03/19/2020  12:00:00 AM	03/01/2020  12:00:00 AM	Urgent
10009	Ophthalmology	03/19/2020  12:00:00 AM	03/04/2020  12:00:00 AM	Urgent
10010	Electrophysiology	03/19/2020  12:00:00 AM	03/09/2020  12:00:00 AM	Urgent
10011	Hepatology	03/19/2020  12:00:00 AM	03/15/2020  12:00:00 AM	Urgent
10012	Dental	03/19/2020  12:00:00 AM	02/29/2020  12:00:00 AM	Elective
10013	Interventional Radiology	03/19/2020  12:00:00 AM	03/08/2020  12:00:00 AM	Urgent
10014	Gynecology	03/19/2020  12:00:00 AM	03/15/2020  12:00:00 AM	Urgent
10015	General	03/19/2020  12:00:00 AM	03/13/2020  12:00:00 AM	Urgent
10016	Obstetrics	03/19/2020  12:00:00 AM	03/18/2020  12:00:00 AM	Urgent
10017	Thoracic	03/19/2020  12:00:00 AM	03/04/2020  12:00:00 AM	Urgent
10018	Cardiac	03/19/2020  12:00:00 AM	03/01/2020  12:00:00 AM	Urgent
10019	Neuroradiology	03/19/2020  12:00:00 AM	03/03/2020  12:00:00 AM	Urgent
10020	Electroconvulsive Therapy	03/19/2020  12:00:00 AM	03/09/2020  12:00:00 AM	Urgent
10021	Ophthalmology	03/19/2020  12:00:00 AM	03/17/2020  12:00:00 AM	Elective
10022	Ophthalmology	03/19/2020  12:00:00 AM	02/29/2020  12:00:00 AM	Urgent
10023	Dental	03/19/2020  12:00:00 AM	03/12/2020  12:00:00 AM	Elective
10024	Hepatology	03/19/2020  12:00:00 AM	03/17/2020  12:00:00 AM	Urgent
10025	Electroconvulsive Therapy	03/19/2020  12:00:00 AM	03/01/2020  12:00:00 AM	Urgent
10026	Obstetrics	03/19/2020  12:00:00 AM	03/13/2020  12:00:00 AM	Elective
10027	Cardiac	03/19/2020  12:00:00 AM	03/01/2020  12:00:00 AM	Elective
10028	Gastroenterology	03/19/2020  12:00:00 AM	03/04/2020  12:00:00 AM	Elective
10029	Thoracic	03/19/2020  12:00:00 AM	02/29/2020  12:00:00 AM	Urgent
10030	Hepatology	03/19/2020  12:00:00 AM	03/01/2020  12:00:00 AM	Elective
10031	Gynecology	03/19/2020  12:00:00 AM	03/12/2020  12:00:00 AM	Urgent
10032	Dental	03/19/2020  12:00:00 AM	03/03/2020  12:00:00 AM	Elective
10033	Dental	03/19/2020  12:00:00 AM	03/10/2020  12:00:00 AM	Urgent
10034	Orthopedics	03/19/2020  12:00:00 AM	03/14/2020  12:00:00 AM	Elective
10035	Electroconvulsive Therapy	03/19/2020  12:00:00 AM	03/01/2020  12:00:00 AM	Urgent
10036	Podiatry	03/19/2020  12:00:00 AM	03/04/2020  12:00:00 AM	Elective
10037	Obstetrics	03/19/2020  12:00:00 AM	03/04/2020  12:00:00 AM	Urgent
10038	Gynecology	03/19/2020  12:00:00 AM	03/14/2020  12:00:00 AM	Urgent
10039	Interventional Radiology	03/19/2020  12:00:00 AM	02/29/2020  12:00:00 AM	Urgent
10040	Gastroenterology	03/19/2020  12:00:00 AM	03/02/2020  12:00:00 AM	Elective
10041	Cardiac	03/19/2020  12:00:00 AM	03/03/2020  12:00:00 AM	Urgent
10042	Neurosurgery	03/19/2020  12:00:00 AM	03/03/2020  12:00:00 AM	Elective
10043	Ophthalmology	03/19/2020  12:00:00 AM	03/12/2020  12:00:00 AM	Elective
10044	Urology	03/19/2020  12:00:00 AM	02/29/2020  12:00:00 AM	Elective
10045	Electroconvulsive Therapy	03/19/2020  12:00:00 AM	03/18/2020  12:00:00 AM	Elective
10046	Vascular	03/19/2020  12:00:00 AM	03/13/2020  12:00:00 AM	Elective
10047	Neurosurgery	03/19/2020  12:00:00 AM	03/15/2020  12:00:00 AM	Urgent
10048	General	03/19/2020  12:00:00 AM	03/15/2020  12:00:00 AM	Urgent
10049	Dental	03/19/2020  12:00:00 AM	03/06/2020  12:00:00 AM	Urgent
10050	Vascular	03/19/2020  12:00:00 AM	03/10/2020  12:00:00 AM	Urgent
10051	Hepatology	03/19/2020  12:00:00 AM	03/09/2020  12:00:00 AM	Elective
10052	Pulmonary	03/19/2020  12:00:00 AM	03/08/2020  12:00:00 AM	Elective
10053	Neurosurgery	03/19/2020  12:00:00 AM	03/13/2020  12:00:00 AM	Elective
10054	Hepatology	03/19/2020  12:00:00 AM	03/02/2020  12:00:00 AM	Elective
10055	Electroconvulsive Therapy	03/19/2020  12:00:00 AM	03/02/2020  12:00:00 AM	Elective
10056	General	03/19/2020  12:00:00 AM	03/02/2020  12:00:00 AM	Urgent
10057	Orthopedics	03/19/2020  12:00:00 AM	03/16/2020  12:00:00 AM	Urgent
10058	Orthopedics	03/19/2020  12:00:00 AM	03/03/2020  12:00:00 AM	Urgent
10059	Pain	03/19/2020  12:00:00 AM	03/12/2020  12:00:00 AM	Elective
10060	Gynecology	03/19/2020  12:00:00 AM	03/14/2020  12:00:00 AM	Urgent
10061	Dental	03/19/2020  12:00:00 AM	03/13/2020  12:00:00 AM	Urgent
10062	Electrophysiology	03/19/2020  12:00:00 AM	03/06/2020  12:00:00 AM	Urgent
10063	Pain	03/19/2020  12:00:00 AM	03/12/2020  12:00:00 AM	Elective
10064	Thoracic	03/19/2020  12:00:00 AM	03/12/2020  12:00:00 AM	Elective
10065	Gastroenterology	03/19/2020  12:00:00 AM	03/17/2020  12:00:00 AM	Urgent
10066	Electrophysiology	03/19/2020  12:00:00 AM	03/08/2020  12:00:00 AM	Elective
10067	Neurosurgery	03/19/2020  12:00:00 AM	03/15/2020  12:00:00 AM	Elective
10068	Vascular	03/19/2020  12:00:00 AM	03/07/2020  12:00:00 AM	Elective
10069	Urology	03/19/2020  12:00:00 AM	03/04/2020  12:00:00 AM	Urgent
10070	Ophthalmology	03/19/2020  12:00:00 AM	03/14/2020  12:00:00 AM	Elective
10071	Vascular	03/19/2020  12:00:00 AM	03/06/2020  12:00:00 AM	Elective
10072	Vascular	03/19/2020  12:00:00 AM	03/18/2020  12:00:00 AM	Elective
10073	Gynecology	03/19/2020  12:00:00 AM	03/10/2020  12:00:00 AM	Elective
10074	Vascular	03/19/2020  12:00:00 AM	03/12/2020  12:00:00 AM	Urgent
10075	Pulmonary	03/19/2020  12:00:00 AM	02/29/2020  12:00:00 AM	Urgent
10076	Gynecology	03/19/2020  12:00:00 AM	03/12/2020  12:00:00 AM	Urgent
10077	Hepatology	03/19/2020  12:00:00 AM	03/09/2020  12:00:00 AM	Elective
10078	Gynecology	03/19/2020  12:00:00 AM	03/07/2020  12:00:00 AM	Elective
10079	Pulmonary	03/19/2020  12:00:00 AM	03/13/2020  12:00:00 AM	Urgent
10080	Thoracic	03/19/2020  12:00:00 AM	03/10/2020  12:00:00 AM	Urgent
10081	Obstetrics	03/19/2020  12:00:00 AM	03/15/2020  12:00:00 AM	Elective
10082	Plastics	03/19/2020  12:00:00 AM	03/18/2020  12:00:00 AM	Urgent
10083	Pain	03/19/2020  12:00:00 AM	03/16/2020  12:00:00 AM	Urgent
10084	Pulmonary	03/19/2020  12:00:00 AM	03/14/2020  12:00:00 AM	Urgent
10085	Vascular	03/19/2020  12:00:00 AM	03/16/2020  12:00:00 AM	Elective
10086	Orthopedics	03/19/2020  12:00:00 AM	03/02/2020  12:00:00 AM	Elective
10087	Podiatry	03/19/2020  12:00:00 AM	03/15/2020  12:00:00 AM	Urgent
10088	General	03/19/2020  12:00:00 AM	03/07/2020  12:00:00 AM	Urgent
10089	Pulmonary	03/19/2020  12:00:00 AM	02/29/2020  12:00:00 AM	Elective
10090	Dental	03/19/2020  12:00:00 AM	03/04/2020  12:00:00 AM	Urgent
10091	Thoracic	03/19/2020  12:00:00 AM	03/18/2020  12:00:00 AM	Elective
10092	Ophthalmology	03/19/2020  12:00:00 AM	03/10/2020  12:00:00 AM	Elective
10093	Hepatology	03/19/2020  12:00:00 AM	03/14/2020  12:00:00 AM	Elective
10094	Pulmonary	03/19/2020  12:00:00 AM	03/09/2020  12:00:00 AM	Elective
10095	Cardiac	03/19/2020  12:00:00 AM	03/02/2020  12:00:00 AM	Elective
10096	Cardiac	03/19/2020  12:00:00 AM	02/29/2020  12:00:00 AM	Urgent
10097	Plastics	03/19/2020  12:00:00 AM	03/08/2020  12:00:00 AM	Elective
10098	Hepatology	03/19/2020  12:00:00 AM	03/05/2020  12:00:00 AM	Urgent
10099	Orthopedics	03/19/2020  12:00:00 AM	03/05/2020  12:00:00 AM	Urgent
10100	Vascular	03/19/2020  12:00:00 AM	03/17/2020  12:00:00 AM	Urgent
10101	Neurosurgery	03/19/2020  12:00:00 AM	03/11/2020  12:00:00 AM	Elective
10102	Obstetrics	03/19/2020  12:00:00 AM	02/29/2020  12:00:00 AM	Urgent
10103	Pulmonary	03/19/2020  12:00:00 AM	03/07/2020  12:00:00 AM	Elective
10104	Neurosurgery	03/19/2020  12:00:00 AM	03/07/2020  12:00:00 AM	Urgent
10105	Dental	03/19/2020  12:00:00 AM	03/14/2020  12:00:00 AM	Elective
10106	Vascular	03/19/2020  12:00:00 AM	03/16/2020  12:00:00 AM	Elective
10107	Neurosurgery	03/19/2020  12:00:00 AM	03/04/2020  12:00:00 AM	Elective
10108	Urology	03/19/2020  12:00:00 AM	03/17/2020  12:00:00 AM	Urgent
10109	Pulmonary	03/19/2020  12:00:00 AM	03/14/2020  12:00:00 AM	Elective
10110	Dental	03/19/2020  12:00:00 AM	03/13/2020  12:00:00 AM	Elective
10111	Interventional Radiology	03/19/2020  12:00:00 AM	03/04/2020  12:00:00 AM	Elective
10112	Neuroradiology	03/19/2020  12:00:00 AM	03/15/2020  12:00:00 AM	Urgent
10113	Gynecology	03/19/2020  12:00:00 AM	03/01/2020  12:00:00 AM	Urgent
10114	Thoracic	03/19/2020  12:00:00 AM	03/15/2020  12:00:00 AM	Urgent
10115	Neurosurgery	03/19/2020  12:00:00 AM	03/06/2020  12:00:00 AM	Elective
10116	Cardiac	03/19/2020  12:00:00 AM	03/12/2020  12:00:00 AM	Elective
10117	Neuroradiology	03/19/2020  12:00:00 AM	03/14/2020  12:00:00 AM	Urgent
10118	Orthopedics	03/19/2020  12:00:00 AM	03/12/2020  12:00:00 AM	Urgent
10119	Podiatry	03/19/2020  12:00:00 AM	03/06/2020  12:00:00 AM	Elective
10120	Obstetrics	03/19/2020  12:00:00 AM	03/14/2020  12:00:00 AM	Elective
10121	Ophthalmology	03/19/2020  12:00:00 AM	03/15/2020  12:00:00 AM	Elective
10122	General	03/19/2020  12:00:00 AM	03/01/2020  12:00:00 AM	Elective
10123	Neuroradiology	03/19/2020  12:00:00 AM	02/29/2020  12:00:00 AM	Urgent
10124	Vascular	03/19/2020  12:00:00 AM	03/16/2020  12:00:00 AM	Elective
10125	Gynecology	03/19/2020  12:00:00 AM	03/10/2020  12:00:00 AM	Urgent
10126	Thoracic	03/19/2020  12:00:00 AM	03/09/2020  12:00:00 AM	Urgent
10127	Pain	03/19/2020  12:00:00 AM	03/11/2020  12:00:00 AM	Elective
10128	Vascular	03/19/2020  12:00:00 AM	03/07/2020  12:00:00 AM	Urgent
10129	Gastroenterology	03/19/2020  12:00:00 AM	03/01/2020  12:00:00 AM	Urgent
10130	Neurosurgery	03/19/2020  12:00:00 AM	03/13/2020  12:00:00 AM	Elective
10131	Podiatry	03/19/2020  12:00:00 AM	03/07/2020  12:00:00 AM	Urgent
10132	Interventional Radiology	03/19/2020  12:00:00 AM	03/16/2020  12:00:00 AM	Urgent
10133	Pain	03/19/2020  12:00:00 AM	03/15/2020  12:00:00 AM	Urgent
10134	Neuroradiology	03/19/2020  12:00:00 AM	03/08/2020  12:00:00 AM	Elective
10135	Hepatology	03/19/2020  12:00:00 AM	03/02/2020  12:00:00 AM	Elective
10136	Gynecology	03/19/2020  12:00:00 AM	03/09/2020  12:00:00 AM	Elective
10137	Hepatology	03/19/2020  12:00:00 AM	03/15/2020  12:00:00 AM	Elective
10138	Plastics	03/19/2020  12:00:00 AM	03/18/2020  12:00:00 AM	Urgent
10139	Obstetrics	03/19/2020  12:00:00 AM	03/12/2020  12:00:00 AM	Elective
10140	Pulmonary	03/19/2020  12:00:00 AM	03/18/2020  12:00:00 AM	Urgent
10141	Plastics	03/19/2020  12:00:00 AM	03/11/2020  12:00:00 AM	Urgent
10142	Ophthalmology	03/19/2020  12:00:00 AM	03/03/2020  12:00:00 AM	Elective
10143	Neuroradiology	03/19/2020  12:00:00 AM	03/12/2020  12:00:00 AM	Urgent
10144	Orthopedics	03/19/2020  12:00:00 AM	03/15/2020  12:00:00 AM	Elective
10145	Pulmonary	03/19/2020  12:00:00 AM	03/18/2020  12:00:00 AM	Urgent
10146	Urology	03/19/2020  12:00:00 AM	03/08/2020  12:00:00 AM	Elective
10147	Orthopedics	03/19/2020  12:00:00 AM	03/01/2020  12:00:00 AM	Elective
10148	Gynecology	03/19/2020  12:00:00 AM	03/01/2020  12:00:00 AM	Elective
10149	Electrophysiology	03/19/2020  12:00:00 AM	02/29/2020  12:00:00 AM	Urgent
10150	Electrophysiology	03/19/2020  12:00:00 AM	03/05/2020  12:00:00 AM	Elective
10151	General	03/19/2020  12:00:00 AM	03/14/2020  12:00:00 AM	Elective
10152	Interventional Radiology	03/19/2020  12:00:00 AM	03/16/2020  12:00:00 AM	Urgent
10153	Vascular	03/19/2020  12:00:00 AM	03/14/2020  12:00:00 AM	Urgent
10154	Thoracic	03/19/2020  12:00:00 AM	03/02/2020  12:00:00 AM	Urgent
10155	Urology	03/19/2020  12:00:00 AM	03/06/2020  12:00:00 AM	Urgent
10156	General	03/19/2020  12:00:00 AM	03/05/2020  12:00:00 AM	Urgent
10157	Plastics	03/19/2020  12:00:00 AM	03/08/2020  12:00:00 AM	Elective
10158	Hepatology	03/19/2020  12:00:00 AM	03/04/2020  12:00:00 AM	Urgent
10159	Electroconvulsive Therapy	03/19/2020  12:00:00 AM	03/14/2020  12:00:00 AM	Urgent
10160	Gynecology	03/19/2020  12:00:00 AM	03/08/2020  12:00:00 AM	Elective
10161	Thoracic	03/19/2020  12:00:00 AM	03/11/2020  12:00:00 AM	Urgent
10162	Cardiac	03/19/2020  12:00:00 AM	03/06/2020  12:00:00 AM	Urgent
10163	Gastroenterology	03/19/2020  12:00:00 AM	03/07/2020  12:00:00 AM	Elective
10164	Orthopedics	03/19/2020  12:00:00 AM	03/15/2020  12:00:00 AM	Urgent
10165	Dental	03/19/2020  12:00:00 AM	03/17/2020  12:00:00 AM	Urgent
10166	Pain	03/19/2020  12:00:00 AM	03/08/2020  12:00:00 AM	Urgent
10167	General	03/19/2020  12:00:00 AM	03/02/2020  12:00:00 AM	Elective
10168	Pain	03/19/2020  12:00:00 AM	03/01/2020  12:00:00 AM	Elective
10169	Electroconvulsive Therapy	03/19/2020  12:00:00 AM	03/05/2020  12:00:00 AM	Elective
10170	Dental	03/19/2020  12:00:00 AM	03/08/2020  12:00:00 AM	Elective
10171	Gynecology	03/19/2020  12:00:00 AM	03/18/2020  12:00:00 AM	Elective
10172	Dental	03/19/2020  12:00:00 AM	03/03/2020  12:00:00 AM	Urgent
10173	Neurosurgery	03/19/2020  12:00:00 AM	03/05/2020  12:00:00 AM	Urgent
10174	Electroconvulsive Therapy	03/19/2020  12:00:00 AM	03/08/2020  12:00:00 AM	Urgent
10175	Orthopedics	03/19/2020  12:00:00 AM	03/09/2020  12:00:00 AM	Urgent
10176	Orthopedics	03/19/2020  12:00:00 AM	03/09/2020  12:00:00 AM	Elective
10177	General	03/19/2020  12:00:00 AM	03/18/2020  12:00:00 AM	Elective
10178	Interventional Radiology	03/19/2020  12:00:00 AM	03/14/2020  12:00:00 AM	Elective
10179	Vascular	03/19/2020  12:00:00 AM	03/10/2020  12:00:00 AM	Elective
10180	Thoracic	03/19/2020  12:00:00 AM	03/15/2020  12:00:00 AM	Urgent
10181	Electroconvulsive Therapy	03/19/2020  12:00:00 AM	03/02/2020  12:00:00 AM	Elective
10182	Neuroradiology	03/19/2020  12:00:00 AM	03/09/2020  12:00:00 AM	Elective
10183	Podiatry	03/19/2020  12:00:00 AM	03/09/2020  12:00:00 AM	Elective
10184	Ophthalmology	03/19/2020  12:00:00 AM	03/01/2020  12:00:00 AM	Elective
10185	General	03/19/2020  12:00:00 AM	03/12/2020  12:00:00 AM	Urgent
10186	Vascular	03/19/2020  12:00:00 AM	03/01/2020  12:00:00 AM	Urgent
10187	Dental	03/19/2020  12:00:00 AM	03/03/2020  12:00:00 AM	Urgent
10188	Pain	03/19/2020  12:00:00 AM	03/11/2020  12:00:00 AM	Elective
10189	General	03/19/2020  12:00:00 AM	03/04/2020  12:00:00 AM	Urgent
10190	Ophthalmology	03/19/2020  12:00:00 AM	03/16/2020  12:00:00 AM	Elective
10191	Obstetrics	03/19/2020  12:00:00 AM	03/01/2020  12:00:00 AM	Elective
10192	Vascular	03/19/2020  12:00:00 AM	03/09/2020  12:00:00 AM	Elective
10193	Interventional Radiology	03/19/2020  12:00:00 AM	03/10/2020  12:00:00 AM	Elective
10194	Pulmonary	03/19/2020  12:00:00 AM	03/14/2020  12:00:00 AM	Elective
10195	Interventional Radiology	03/19/2020  12:00:00 AM	03/11/2020  12:00:00 AM	Elective
10196	Obstetrics	03/19/2020  12:00:00 AM	03/12/2020  12:00:00 AM	Elective
10197	Thoracic	03/19/2020  12:00:00 AM	03/15/2020  12:00:00 AM	Elective
10198	Urology	03/19/2020  12:00:00 AM	03/13/2020  12:00:00 AM	Urgent
10199	Urology	03/19/2020  12:00:00 AM	03/09/2020  12:00:00 AM	Urgent
10200	Ophthalmology	03/19/2020  12:00:00 AM	03/16/2020  12:00:00 AM	Urgent
10201	Vascular	03/19/2020  12:00:00 AM	03/06/2020  12:00:00 AM	Urgent
10202	Hepatology	03/19/2020  12:00:00 AM	03/04/2020  12:00:00 AM	Elective
10203	Urology	03/19/2020  12:00:00 AM	03/03/2020  12:00:00 AM	Elective
10204	Electrophysiology	03/19/2020  12:00:00 AM	03/11/2020  12:00:00 AM	Elective
10205	Gynecology	03/19/2020  12:00:00 AM	03/05/2020  12:00:00 AM	Urgent
10206	Gastroenterology	03/19/2020  12:00:00 AM	03/12/2020  12:00:00 AM	Urgent
10207	Pain	03/19/2020  12:00:00 AM	03/06/2020  12:00:00 AM	Elective
10208	Gynecology	03/19/2020  12:00:00 AM	03/17/2020  12:00:00 AM	Elective
10209	Pain	03/19/2020  12:00:00 AM	03/08/2020  12:00:00 AM	Urgent
10210	Electroconvulsive Therapy	03/19/2020  12:00:00 AM	02/29/2020  12:00:00 AM	Elective
10211	Pain	03/19/2020  12:00:00 AM	02/29/2020  12:00:00 AM	Urgent
10212	Vascular	03/19/2020  12:00:00 AM	03/07/2020  12:00:00 AM	Elective
10213	Orthopedics	03/19/2020  12:00:00 AM	03/05/2020  12:00:00 AM	Urgent
10214	Neurosurgery	03/19/2020  12:00:00 AM	03/16/2020  12:00:00 AM	Elective
10215	Interventional Radiology	03/19/2020  12:00:00 AM	03/04/2020  12:00:00 AM	Urgent
10216	Electroconvulsive Therapy	03/19/2020  12:00:00 AM	03/08/2020  12:00:00 AM	Urgent
10217	Gastroenterology	03/19/2020  12:00:00 AM	03/09/2020  12:00:00 AM	Elective
10218	Ophthalmology	03/19/2020  12:00:00 AM	03/03/2020  12:00:00 AM	Urgent
10219	Urology	03/19/2020  12:00:00 AM	03/01/2020  12:00:00 AM	Elective
10220	Plastics	03/19/2020  12:00:00 AM	03/02/2020  12:00:00 AM	Urgent
10221	Gynecology	03/19/2020  12:00:00 AM	03/12/2020  12:00:00 AM	Elective
10222	Hepatology	03/19/2020  12:00:00 AM	03/18/2020  12:00:00 AM	Urgent
10223	Hepatology	03/19/2020  12:00:00 AM	03/06/2020  12:00:00 AM	Urgent
10224	Neuroradiology	03/19/2020  12:00:00 AM	03/12/2020  12:00:00 AM	Elective
10225	Orthopedics	03/19/2020  12:00:00 AM	03/17/2020  12:00:00 AM	Elective
10226	Ophthalmology	03/19/2020  12:00:00 AM	03/10/2020  12:00:00 AM	Elective
10227	Urology	03/19/2020  12:00:00 AM	03/17/2020  12:00:00 AM	Urgent
10228	Electrophysiology	03/19/2020  12:00:00 AM	03/09/2020  12:00:00 AM	Urgent
10229	General	03/19/2020  12:00:00 AM	03/02/2020  12:00:00 AM	Elective
10230	Electroconvulsive Therapy	03/19/2020  12:00:00 AM	03/12/2020  12:00:00 AM	Elective
10231	Hepatology	03/19/2020  12:00:00 AM	03/13/2020  12:00:00 AM	Urgent
10232	Ophthalmology	03/19/2020  12:00:00 AM	03/17/2020  12:00:00 AM	Elective
10233	Neuroradiology	03/19/2020  12:00:00 AM	03/18/2020  12:00:00 AM	Urgent
10234	Electrophysiology	03/19/2020  12:00:00 AM	03/14/2020  12:00:00 AM	Urgent
10235	Plastics	03/19/2020  12:00:00 AM	03/04/2020  12:00:00 AM	Elective
10236	Orthopedics	03/19/2020  12:00:00 AM	03/16/2020  12:00:00 AM	Elective
10237	Pulmonary	03/19/2020  12:00:00 AM	03/14/2020  12:00:00 AM	Elective
10238	Hepatology	03/19/2020  12:00:00 AM	03/16/2020  12:00:00 AM	Elective
10239	Dental	03/19/2020  12:00:00 AM	03/14/2020  12:00:00 AM	Urgent
10240	Vascular	03/19/2020  12:00:00 AM	03/18/2020  12:00:00 AM	Elective
10241	Cardiac	03/19/2020  12:00:00 AM	03/02/2020  12:00:00 AM	Urgent
10242	Electroconvulsive Therapy	03/19/2020  12:00:00 AM	03/13/2020  12:00:00 AM	Urgent
10243	Ophthalmology	03/19/2020  12:00:00 AM	03/06/2020  12:00:00 AM	Urgent
10244	Gynecology	03/19/2020  12:00:00 AM	03/14/2020  12:00:00 AM	Urgent
10245	Orthopedics	03/19/2020  12:00:00 AM	03/10/2020  12:00:00 AM	Elective
10246	Orthopedics	03/19/2020  12:00:00 AM	03/07/2020  12:00:00 AM	Elective
10247	Electrophysiology	03/19/2020  12:00:00 AM	03/16/2020  12:00:00 AM	Elective
10248	Podiatry	03/19/2020  12:00:00 AM	02/29/2020  12:00:00 AM	Elective
10249	Urology	03/19/2020  12:00:00 AM	03/14/2020  12:00:00 AM	Elective
10250	Gastroenterology	03/19/2020  12:00:00 AM	02/29/2020  12:00:00 AM	Urgent
10251	Neuroradiology	03/19/2020  12:00:00 AM	03/02/2020  12:00:00 AM	Urgent
10252	Interventional Radiology	03/19/2020  12:00:00 AM	03/14/2020  12:00:00 AM	Elective
10253	Dental	03/19/2020  12:00:00 AM	03/03/2020  12:00:00 AM	Urgent
10254	Podiatry	03/19/2020  12:00:00 AM	03/08/2020  12:00:00 AM	Urgent
10255	Interventional Radiology	03/19/2020  12:00:00 AM	03/10/2020  12:00:00 AM	Elective
10256	Dental	03/19/2020  12:00:00 AM	03/18/2020  12:00:00 AM	Elective
10257	Electroconvulsive Therapy	03/19/2020  12:00:00 AM	03/09/2020  12:00:00 AM	Urgent
10258	Gynecology	03/19/2020  12:00:00 AM	03/15/2020  12:00:00 AM	Elective
10259	Interventional Radiology	03/19/2020  12:00:00 AM	03/11/2020  12:00:00 AM	Urgent
10260	Orthopedics	03/19/2020  12:00:00 AM	03/15/2020  12:00:00 AM	Urgent
10261	Pain	03/19/2020  12:00:00 AM	03/05/2020  12:00:00 AM	Urgent
10262	Hepatology	03/19/2020  12:00:00 AM	03/01/2020  12:00:00 AM	Elective
10263	Pain	03/19/2020  12:00:00 AM	03/12/2020  12:00:00 AM	Urgent
10264	Dental	03/19/2020  12:00:00 AM	03/08/2020  12:00:00 AM	Urgent
10265	Interventional Radiology	03/19/2020  12:00:00 AM	03/03/2020  12:00:00 AM	Elective
10266	Pulmonary	03/19/2020  12:00:00 AM	03/12/2020  12:00:00 AM	Urgent
10267	Obstetrics	03/19/2020  12:00:00 AM	03/03/2020  12:00:00 AM	Urgent
10268	Plastics	03/19/2020  12:00:00 AM	03/16/2020  12:00:00 AM	Urgent
10269	Podiatry	03/19/2020  12:00:00 AM	03/18/2020  12:00:00 AM	Urgent
10270	Pain	03/19/2020  12:00:00 AM	03/18/2020  12:00:00 AM	Urgent
10271	Interventional Radiology	03/19/2020  12:00:00 AM	03/13/2020  12:00:00 AM	Elective
10272	Electroconvulsive Therapy	03/19/2020  12:00:00 AM	03/13/2020  12:00:00 AM	Urgent
10273	Neurosurgery	03/19/2020  12:00:00 AM	03/06/2020  12:00:00 AM	Elective
10274	Electrophysiology	03/19/2020  12:00:00 AM	03/18/2020  12:00:00 AM	Elective
10275	Electroconvulsive Therapy	03/19/2020  12:00:00 AM	03/13/2020  12:00:00 AM	Elective
10276	Hepatology	03/19/2020  12:00:00 AM	03/06/2020  12:00:00 AM	Elective
10277	Urology	03/19/2020  12:00:00 AM	03/11/2020  12:00:00 AM	Elective
10278	Pulmonary	03/19/2020  12:00:00 AM	03/04/2020  12:00:00 AM	Urgent
10279	Neurosurgery	03/19/2020  12:00:00 AM	03/08/2020  12:00:00 AM	Elective
10280	Vascular	03/19/2020  12:00:00 AM	03/13/2020  12:00:00 AM	Elective
10281	Electroconvulsive Therapy	03/19/2020  12:00:00 AM	03/05/2020  12:00:00 AM	Urgent
10282	Ophthalmology	03/19/2020  12:00:00 AM	03/12/2020  12:00:00 AM	Urgent
10283	Pulmonary	03/19/2020  12:00:00 AM	03/11/2020  12:00:00 AM	Elective
10284	Electrophysiology	03/19/2020  12:00:00 AM	03/02/2020  12:00:00 AM	Elective
10285	Cardiac	03/19/2020  12:00:00 AM	03/13/2020  12:00:00 AM	Elective
10286	Podiatry	03/19/2020  12:00:00 AM	03/16/2020  12:00:00 AM	Urgent
10287	Cardiac	03/19/2020  12:00:00 AM	03/12/2020  12:00:00 AM	Urgent
10288	Pulmonary	03/19/2020  12:00:00 AM	03/09/2020  12:00:00 AM	Elective
10289	Podiatry	03/19/2020  12:00:00 AM	03/03/2020  12:00:00 AM	Urgent
10290	Cardiac	03/19/2020  12:00:00 AM	03/13/2020  12:00:00 AM	Urgent
10291	Pain	03/19/2020  12:00:00 AM	03/16/2020  12:00:00 AM	Urgent
10292	Neurosurgery	03/19/2020  12:00:00 AM	03/09/2020  12:00:00 AM	Urgent
10293	Ophthalmology	03/19/2020  12:00:00 AM	03/05/2020  12:00:00 AM	Elective
10294	Ophthalmology	03/19/2020  12:00:00 AM	03/06/2020  12:00:00 AM	Urgent
10295	Urology	03/19/2020  12:00:00 AM	03/12/2020  12:00:00 AM	Urgent
10296	Interventional Radiology	03/19/2020  12:00:00 AM	03/03/2020  12:00:00 AM	Urgent
10297	Podiatry	03/19/2020  12:00:00 AM	03/09/2020  12:00:00 AM	Urgent
10298	Pulmonary	03/19/2020  12:00:00 AM	03/14/2020  12:00:00 AM	Elective
10299	Thoracic	03/19/2020  12:00:00 AM	03/09/2020  12:00:00 AM	Elective
10300	Pain	03/19/2020  12:00:00 AM	03/18/2020  12:00:00 AM	Elective
10301	Gynecology	03/19/2020  12:00:00 AM	03/02/2020  12:00:00 AM	Urgent
10302	Neurosurgery	03/19/2020  12:00:00 AM	03/09/2020  12:00:00 AM	Elective
10303	Interventional Radiology	03/19/2020  12:00:00 AM	03/08/2020  12:00:00 AM	Elective
10304	Electrophysiology	03/19/2020  12:00:00 AM	03/06/2020  12:00:00 AM	Elective
10305	Pain	03/19/2020  12:00:00 AM	03/17/2020  12:00:00 AM	Urgent
10306	Plastics	03/19/2020  12:00:00 AM	03/14/2020  12:00:00 AM	Urgent
10307	Ophthalmology	03/19/2020  12:00:00 AM	03/16/2020  12:00:00 AM	Urgent
10308	Pulmonary	03/19/2020  12:00:00 AM	03/14/2020  12:00:00 AM	Urgent
10309	Podiatry	03/19/2020  12:00:00 AM	03/06/2020  12:00:00 AM	Urgent
10310	Cardiac	03/19/2020  12:00:00 AM	03/15/2020  12:00:00 AM	Elective
10311	Cardiac	03/19/2020  12:00:00 AM	03/06/2020  12:00:00 AM	Urgent
10312	Obstetrics	03/19/2020  12:00:00 AM	03/05/2020  12:00:00 AM	Elective
10313	Cardiac	03/19/2020  12:00:00 AM	03/16/2020  12:00:00 AM	Elective
10314	Electroconvulsive Therapy	03/19/2020  12:00:00 AM	03/12/2020  12:00:00 AM	Elective
10315	Thoracic	03/19/2020  12:00:00 AM	02/29/2020  12:00:00 AM	Elective
10316	Pain	03/19/2020  12:00:00 AM	03/03/2020  12:00:00 AM	Elective
10317	Electroconvulsive Therapy	03/19/2020  12:00:00 AM	03/17/2020  12:00:00 AM	Urgent
10318	Gynecology	03/19/2020  12:00:00 AM	03/09/2020  12:00:00 AM	Elective
10319	Orthopedics	03/19/2020  12:00:00 AM	03/10/2020  12:00:00 AM	Elective
10320	Hepatology	03/19/2020  12:00:00 AM	03/01/2020  12:00:00 AM	Urgent
10321	Thoracic	03/19/2020  12:00:00 AM	03/05/2020  12:00:00 AM	Urgent
10322	Dental	03/19/2020  12:00:00 AM	03/08/2020  12:00:00 AM	Urgent
10323	Podiatry	03/19/2020  12:00:00 AM	02/29/2020  12:00:00 AM	Elective
10324	Orthopedics	03/19/2020  12:00:00 AM	03/01/2020  12:00:00 AM	Elective
10325	Dental	03/19/2020  12:00:00 AM	03/09/2020  12:00:00 AM	Elective
10326	Dental	03/19/2020  12:00:00 AM	03/02/2020  12:00:00 AM	Urgent
10327	General	03/19/2020  12:00:00 AM	03/03/2020  12:00:00 AM	Elective
10328	Ophthalmology	03/19/2020  12:00:00 AM	03/12/2020  12:00:00 AM	Urgent
10329	Urology	03/19/2020  12:00:00 AM	03/16/2020  12:00:00 AM	Urgent
10330	Electroconvulsive Therapy	03/19/2020  12:00:00 AM	03/10/2020  12:00:00 AM	Urgent
10331	Obstetrics	03/19/2020  12:00:00 AM	02/29/2020  12:00:00 AM	Elective
10332	Neuroradiology	03/19/2020  12:00:00 AM	03/03/2020  12:00:00 AM	Elective
10333	Gastroenterology	03/19/2020  12:00:00 AM	03/14/2020  12:00:00 AM	Urgent
10334	Hepatology	03/19/2020  12:00:00 AM	03/17/2020  12:00:00 AM	Elective
10335	Neuroradiology	03/19/2020  12:00:00 AM	03/16/2020  12:00:00 AM	Elective
10336	Interventional Radiology	03/19/2020  12:00:00 AM	03/10/2020  12:00:00 AM	Urgent
10337	Electrophysiology	03/19/2020  12:00:00 AM	03/11/2020  12:00:00 AM	Urgent
10338	Neurosurgery	03/19/2020  12:00:00 AM	02/29/2020  12:00:00 AM	Elective
10339	Electrophysiology	03/19/2020  12:00:00 AM	03/13/2020  12:00:00 AM	Urgent
10340	Ophthalmology	03/19/2020  12:00:00 AM	03/08/2020  12:00:00 AM	Elective
10341	Neurosurgery	03/19/2020  12:00:00 AM	03/13/2020  12:00:00 AM	Elective
10342	Pulmonary	03/19/2020  12:00:00 AM	03/04/2020  12:00:00 AM	Elective
10343	Cardiac	03/19/2020  12:00:00 AM	03/08/2020  12:00:00 AM	Elective
10344	Dental	03/19/2020  12:00:00 AM	03/07/2020  12:00:00 AM	Urgent
10345	Pain	03/19/2020  12:00:00 AM	03/08/2020  12:00:00 AM	Elective
10346	Electroconvulsive Therapy	03/19/2020  12:00:00 AM	03/15/2020  12:00:00 AM	Urgent
10347	Vascular	03/19/2020  12:00:00 AM	03/11/2020  12:00:00 AM	Elective
10348	Gastroenterology	03/19/2020  12:00:00 AM	03/01/2020  12:00:00 AM	Elective
10349	Dental	03/19/2020  12:00:00 AM	03/10/2020  12:00:00 AM	Urgent
10350	Dental	03/19/2020  12:00:00 AM	03/13/2020  12:00:00 AM	Elective
10351	Podiatry	03/19/2020  12:00:00 AM	03/17/2020  12:00:00 AM	Elective
10352	Obstetrics	03/19/2020  12:00:00 AM	03/07/2020  12:00:00 AM	Elective
10353	Gastroenterology	03/19/2020  12:00:00 AM	03/15/2020  12:00:00 AM	Elective
10354	Cardiac	03/19/2020  12:00:00 AM	03/05/2020  12:00:00 AM	Urgent
10355	Orthopedics	03/19/2020  12:00:00 AM	03/11/2020  12:00:00 AM	Urgent
10356	Neurosurgery	03/19/2020  12:00:00 AM	03/06/2020  12:00:00 AM	Elective
10357	Pain	03/19/2020  12:00:00 AM	03/14/2020  12:00:00 AM	Urgent
10358	Orthopedics	03/19/2020  12:00:00 AM	03/09/2020  12:00:00 AM	Urgent
10359	Gastroenterology	03/19/2020  12:00:00 AM	03/04/2020  12:00:00 AM	Elective
10360	Plastics	03/19/2020  12:00:00 AM	03/07/2020  12:00:00 AM	Urgent
10361	Gastroenterology	03/19/2020  12:00:00 AM	03/01/2020  12:00:00 AM	Elective
10362	Pain	03/19/2020  12:00:00 AM	03/16/2020  12:00:00 AM	Urgent
10363	Pain	03/19/2020  12:00:00 AM	03/13/2020  12:00:00 AM	Elective
10364	Hepatology	03/19/2020  12:00:00 AM	03/07/2020  12:00:00 AM	Urgent
10365	Gastroenterology	03/19/2020  12:00:00 AM	03/13/2020  12:00:00 AM	Elective
10366	Neuroradiology	03/19/2020  12:00:00 AM	03/03/2020  12:00:00 AM	Elective
10367	Pain	03/19/2020  12:00:00 AM	03/08/2020  12:00:00 AM	Urgent
10368	Pain	03/19/2020  12:00:00 AM	03/13/2020  12:00:00 AM	Elective
10369	Cardiac	03/19/2020  12:00:00 AM	03/07/2020  12:00:00 AM	Elective
10370	Gastroenterology	03/19/2020  12:00:00 AM	03/08/2020  12:00:00 AM	Elective
10371	Thoracic	03/19/2020  12:00:00 AM	03/13/2020  12:00:00 AM	Urgent
10372	Ophthalmology	03/19/2020  12:00:00 AM	03/08/2020  12:00:00 AM	Elective
10373	Thoracic	03/19/2020  12:00:00 AM	03/09/2020  12:00:00 AM	Elective
10374	Pulmonary	03/19/2020  12:00:00 AM	03/12/2020  12:00:00 AM	Elective
10375	Electroconvulsive Therapy	03/19/2020  12:00:00 AM	03/04/2020  12:00:00 AM	Elective
10376	Orthopedics	03/19/2020  12:00:00 AM	03/02/2020  12:00:00 AM	Elective
10377	Cardiac	03/19/2020  12:00:00 AM	03/03/2020  12:00:00 AM	Elective
10378	Obstetrics	03/19/2020  12:00:00 AM	03/02/2020  12:00:00 AM	Urgent
10379	Plastics	03/19/2020  12:00:00 AM	03/05/2020  12:00:00 AM	Urgent
10380	General	03/19/2020  12:00:00 AM	03/16/2020  12:00:00 AM	Urgent
10381	Hepatology	03/19/2020  12:00:00 AM	03/13/2020  12:00:00 AM	Urgent
10382	Ophthalmology	03/19/2020  12:00:00 AM	03/10/2020  12:00:00 AM	Urgent
10383	Podiatry	03/19/2020  12:00:00 AM	03/04/2020  12:00:00 AM	Elective
10384	Thoracic	03/19/2020  12:00:00 AM	03/02/2020  12:00:00 AM	Urgent
10385	Podiatry	03/19/2020  12:00:00 AM	03/04/2020  12:00:00 AM	Elective
10386	Plastics	03/19/2020  12:00:00 AM	03/05/2020  12:00:00 AM	Urgent
10387	Orthopedics	03/19/2020  12:00:00 AM	03/02/2020  12:00:00 AM	Urgent
10388	Plastics	03/19/2020  12:00:00 AM	03/17/2020  12:00:00 AM	Elective
10389	Dental	03/19/2020  12:00:00 AM	03/16/2020  12:00:00 AM	Urgent
10390	Gastroenterology	03/19/2020  12:00:00 AM	03/16/2020  12:00:00 AM	Urgent
10391	Orthopedics	03/19/2020  12:00:00 AM	03/10/2020  12:00:00 AM	Elective
10392	Thoracic	03/19/2020  12:00:00 AM	03/04/2020  12:00:00 AM	Elective
10393	Obstetrics	03/19/2020  12:00:00 AM	03/13/2020  12:00:00 AM	Elective
10394	Neuroradiology	03/19/2020  12:00:00 AM	03/12/2020  12:00:00 AM	Elective
10395	Dental	03/19/2020  12:00:00 AM	03/05/2020  12:00:00 AM	Urgent
10396	Neurosurgery	03/19/2020  12:00:00 AM	03/04/2020  12:00:00 AM	Urgent
10397	General	03/19/2020  12:00:00 AM	03/13/2020  12:00:00 AM	Urgent
10398	Electroconvulsive Therapy	03/19/2020  12:00:00 AM	03/15/2020  12:00:00 AM	Urgent
10399	Electrophysiology	03/19/2020  12:00:00 AM	03/15/2020  12:00:00 AM	Elective
10400	Orthopedics	03/19/2020  12:00:00 AM	03/09/2020  12:00:00 AM	Elective
10401	Dental	03/19/2020  12:00:00 AM	03/17/2020  12:00:00 AM	Elective
10402	Neuroradiology	03/19/2020  12:00:00 AM	03/03/2020  12:00:00 AM	Urgent
10403	Thoracic	03/19/2020  12:00:00 AM	03/03/2020  12:00:00 AM	Elective
10404	Electroconvulsive Therapy	03/19/2020  12:00:00 AM	03/09/2020  12:00:00 AM	Urgent
10405	Neurosurgery	03/19/2020  12:00:00 AM	03/06/2020  12:00:00 AM	Elective
10406	Ophthalmology	03/19/2020  12:00:00 AM	03/05/2020  12:00:00 AM	Elective
10407	Thoracic	03/19/2020  12:00:00 AM	03/01/2020  12:00:00 AM	Urgent
10408	Gynecology	03/19/2020  12:00:00 AM	03/08/2020  12:00:00 AM	Urgent
10409	Hepatology	03/19/2020  12:00:00 AM	03/09/2020  12:00:00 AM	Elective
10410	Podiatry	03/19/2020  12:00:00 AM	03/15/2020  12:00:00 AM	Urgent
10411	Urology	03/19/2020  12:00:00 AM	03/10/2020  12:00:00 AM	Elective
10412	General	03/19/2020  12:00:00 AM	03/01/2020  12:00:00 AM	Urgent
10413	Ophthalmology	03/19/2020  12:00:00 AM	03/01/2020  12:00:00 AM	Urgent
10414	Neurosurgery	03/19/2020  12:00:00 AM	03/03/2020  12:00:00 AM	Urgent
