LOG_ID	OR_SERVICE	SURGERY_DATE	FIRST_SCHED_DATE	CASE_CLASS
10001	Interventional Radiology	12/12/2019  12:00:00 AM	12/04/2019  12:00:00 AM	Urgent
10002	Urology	12/12/2019  12:00:00 AM	11/23/2019  12:00:00 AM	Elective
10003	Urology	12/12/2019  12:00:00 AM	12/07/2019  12:00:00 AM	Urgent
10004	Urology	12/12/2019  12:00:00 AM	11/23/2019  12:00:00 AM	Urgent
10005	Obstetrics	12/12/2019  12:00:00 AM	12/07/2019  12:00:00 AM	Elective
10006	Plastics	12/12/2019  12:00:00 AM	12/09/2019  12:00:00 AM	Elective
10007	Thoracic	12/12/2019  12:00:00 AM	11/29/2019  12:00:00 AM	Elective
10008	Plastics	12/12/2019  12:00:00 AM	12/05/2019  12:00:00 AM	Elective
10009	Orthopedics	12/12/2019  12:00:00 AM	12/06/2019  12:00:00 AM	Urgent
10010	Thoracic	12/12/2019  12:00:00 AM	11/24/2019  12:00:00 AM	Urgent
10011	Gynecology	12/12/2019  12:00:00 AM	12/05/2019  12:00:00 AM	Elective
10012	Orthopedics	12/12/2019  12:00:00 AM	11/27/2019  12:00:00 AM	Elective
10013	Podiatry	12/12/2019  12:00:00 AM	11/29/2019  12:00:00 AM	Elective
10014	Electrophysiology	12/12/2019  12:00:00 AM	12/05/2019  12:00:00 AM	Elective
10015	Cardiac	12/12/2019  12:00:00 AM	11/23/2019  12:00:00 AM	Elective
10016	Podiatry	12/12/2019  12:00:00 AM	11/23/2019  12:00:00 AM	Urgent
10017	Pain	12/12/2019  12:00:00 AM	12/02/2019  12:00:00 AM	Urgent
10018	Electrophysiology	12/12/2019  12:00:00 AM	12/04/2019  12:00:00 AM	Elective
10019	Neuroradiology	12/12/2019  12:00:00 AM	11/28/2019  12:00:00 AM	Elective
10020	Plastics	12/12/2019  12:00:00 AM	12/08/2019  12:00:00 AM	Elective
10021	Interventional Radiology	12/12/2019  12:00:00 AM	12/09/2019  12:00:00 AM	Urgent
10022	Urology	12/12/2019  12:00:00 AM	12/04/2019  12:00:00 AM	Elective
10023	Gastroenterology	12/12/2019  12:00:00 AM	11/27/2019  12:00:00 AM	Elective
10024	Podiatry	12/12/2019  12:00:00 AM	12/04/2019  12:00:00 AM	Urgent
10025	Electroconvulsive Therapy	12/12/2019  12:00:00 AM	12/11/2019  12:00:00 AM	Elective
10026	Obstetrics	12/12/2019  12:00:00 AM	12/10/2019  12:00:00 AM	Elective
10027	Podiatry	12/12/2019  12:00:00 AM	12/01/2019  12:00:00 AM	Urgent
10028	Gynecology	12/12/2019  12:00:00 AM	12/06/2019  12:00:00 AM	Urgent
10029	Neuroradiology	12/12/2019  12:00:00 AM	12/07/2019  12:00:00 AM	Elective
10030	Obstetrics	12/12/2019  12:00:00 AM	12/01/2019  12:00:00 AM	Elective
10031	Pulmonary	12/12/2019  12:00:00 AM	11/29/2019  12:00:00 AM	Urgent
10032	Electrophysiology	12/12/2019  12:00:00 AM	12/07/2019  12:00:00 AM	Urgent
10033	Obstetrics	12/12/2019  12:00:00 AM	12/04/2019  12:00:00 AM	Urgent
10034	Cardiac	12/12/2019  12:00:00 AM	12/03/2019  12:00:00 AM	Elective
10035	Plastics	12/12/2019  12:00:00 AM	12/08/2019  12:00:00 AM	Urgent
10036	Hepatology	12/12/2019  12:00:00 AM	12/02/2019  12:00:00 AM	Elective
10037	Podiatry	12/12/2019  12:00:00 AM	11/23/2019  12:00:00 AM	Urgent
10038	Podiatry	12/12/2019  12:00:00 AM	12/02/2019  12:00:00 AM	Elective
10039	Urology	12/12/2019  12:00:00 AM	12/07/2019  12:00:00 AM	Urgent
10040	Podiatry	12/12/2019  12:00:00 AM	12/07/2019  12:00:00 AM	Urgent
10041	Pain	12/12/2019  12:00:00 AM	12/11/2019  12:00:00 AM	Urgent
10042	Orthopedics	12/12/2019  12:00:00 AM	12/10/2019  12:00:00 AM	Elective
10043	Gastroenterology	12/12/2019  12:00:00 AM	11/24/2019  12:00:00 AM	Urgent
10044	Thoracic	12/12/2019  12:00:00 AM	12/02/2019  12:00:00 AM	Elective
10045	Electroconvulsive Therapy	12/12/2019  12:00:00 AM	11/23/2019  12:00:00 AM	Elective
10046	Orthopedics	12/12/2019  12:00:00 AM	11/26/2019  12:00:00 AM	Urgent
10047	Podiatry	12/12/2019  12:00:00 AM	11/24/2019  12:00:00 AM	Urgent
10048	Gastroenterology	12/12/2019  12:00:00 AM	11/28/2019  12:00:00 AM	Elective
10049	Gastroenterology	12/12/2019  12:00:00 AM	12/02/2019  12:00:00 AM	Urgent
10050	Electrophysiology	12/12/2019  12:00:00 AM	12/11/2019  12:00:00 AM	Elective
10051	General	12/12/2019  12:00:00 AM	12/03/2019  12:00:00 AM	Elective
10052	Electrophysiology	12/12/2019  12:00:00 AM	12/01/2019  12:00:00 AM	Elective
10053	Thoracic	12/12/2019  12:00:00 AM	12/09/2019  12:00:00 AM	Urgent
10054	Dental	12/12/2019  12:00:00 AM	12/06/2019  12:00:00 AM	Elective
10055	Pain	12/12/2019  12:00:00 AM	11/28/2019  12:00:00 AM	Elective
10056	Gynecology	12/12/2019  12:00:00 AM	11/25/2019  12:00:00 AM	Elective
10057	Dental	12/12/2019  12:00:00 AM	12/04/2019  12:00:00 AM	Elective
10058	Electrophysiology	12/12/2019  12:00:00 AM	12/01/2019  12:00:00 AM	Urgent
10059	Interventional Radiology	12/12/2019  12:00:00 AM	12/08/2019  12:00:00 AM	Urgent
10060	Hepatology	12/12/2019  12:00:00 AM	11/29/2019  12:00:00 AM	Urgent
10061	Electrophysiology	12/12/2019  12:00:00 AM	12/10/2019  12:00:00 AM	Urgent
10062	Thoracic	12/12/2019  12:00:00 AM	11/29/2019  12:00:00 AM	Elective
10063	Ophthalmology	12/12/2019  12:00:00 AM	12/07/2019  12:00:00 AM	Elective
10064	Hepatology	12/12/2019  12:00:00 AM	11/25/2019  12:00:00 AM	Elective
10065	Dental	12/12/2019  12:00:00 AM	12/03/2019  12:00:00 AM	Elective
10066	Gynecology	12/12/2019  12:00:00 AM	11/24/2019  12:00:00 AM	Elective
10067	Gynecology	12/12/2019  12:00:00 AM	12/02/2019  12:00:00 AM	Urgent
10068	Gastroenterology	12/12/2019  12:00:00 AM	12/04/2019  12:00:00 AM	Elective
10069	Dental	12/12/2019  12:00:00 AM	11/24/2019  12:00:00 AM	Elective
10070	Obstetrics	12/12/2019  12:00:00 AM	12/04/2019  12:00:00 AM	Elective
10071	Gastroenterology	12/12/2019  12:00:00 AM	12/11/2019  12:00:00 AM	Elective
10072	Orthopedics	12/12/2019  12:00:00 AM	12/02/2019  12:00:00 AM	Urgent
10073	General	12/12/2019  12:00:00 AM	12/11/2019  12:00:00 AM	Elective
10074	Neuroradiology	12/12/2019  12:00:00 AM	11/27/2019  12:00:00 AM	Elective
10075	Orthopedics	12/12/2019  12:00:00 AM	12/11/2019  12:00:00 AM	Urgent
10076	Electroconvulsive Therapy	12/12/2019  12:00:00 AM	11/25/2019  12:00:00 AM	Urgent
10077	Pain	12/12/2019  12:00:00 AM	12/01/2019  12:00:00 AM	Urgent
10078	Electrophysiology	12/12/2019  12:00:00 AM	12/06/2019  12:00:00 AM	Urgent
10079	Urology	12/12/2019  12:00:00 AM	12/10/2019  12:00:00 AM	Elective
10080	Pain	12/12/2019  12:00:00 AM	12/09/2019  12:00:00 AM	Urgent
10081	Pain	12/12/2019  12:00:00 AM	12/04/2019  12:00:00 AM	Urgent
10082	Neuroradiology	12/12/2019  12:00:00 AM	12/06/2019  12:00:00 AM	Urgent
10083	General	12/12/2019  12:00:00 AM	11/23/2019  12:00:00 AM	Elective
10084	Cardiac	12/12/2019  12:00:00 AM	11/23/2019  12:00:00 AM	Elective
10085	General	12/12/2019  12:00:00 AM	12/05/2019  12:00:00 AM	Urgent
10086	Cardiac	12/12/2019  12:00:00 AM	11/29/2019  12:00:00 AM	Elective
10087	Pain	12/12/2019  12:00:00 AM	11/29/2019  12:00:00 AM	Elective
10088	Cardiac	12/12/2019  12:00:00 AM	12/02/2019  12:00:00 AM	Urgent
10089	Gynecology	12/12/2019  12:00:00 AM	12/10/2019  12:00:00 AM	Elective
10090	Obstetrics	12/12/2019  12:00:00 AM	12/06/2019  12:00:00 AM	Urgent
10091	Vascular	12/12/2019  12:00:00 AM	11/28/2019  12:00:00 AM	Urgent
10092	Ophthalmology	12/12/2019  12:00:00 AM	12/04/2019  12:00:00 AM	Urgent
10093	Thoracic	12/12/2019  12:00:00 AM	12/05/2019  12:00:00 AM	Urgent
10094	Ophthalmology	12/12/2019  12:00:00 AM	12/06/2019  12:00:00 AM	Elective
10095	Ophthalmology	12/12/2019  12:00:00 AM	12/06/2019  12:00:00 AM	Urgent
10096	Dental	12/12/2019  12:00:00 AM	12/02/2019  12:00:00 AM	Urgent
10097	Thoracic	12/12/2019  12:00:00 AM	11/23/2019  12:00:00 AM	Elective
10098	Podiatry	12/12/2019  12:00:00 AM	12/02/2019  12:00:00 AM	Urgent
10099	Urology	12/12/2019  12:00:00 AM	12/03/2019  12:00:00 AM	Elective
10100	Pain	12/12/2019  12:00:00 AM	12/07/2019  12:00:00 AM	Urgent
10101	Dental	12/12/2019  12:00:00 AM	12/05/2019  12:00:00 AM	Urgent
10102	Thoracic	12/12/2019  12:00:00 AM	12/11/2019  12:00:00 AM	Elective
10103	Obstetrics	12/12/2019  12:00:00 AM	11/27/2019  12:00:00 AM	Elective
10104	Orthopedics	12/12/2019  12:00:00 AM	12/06/2019  12:00:00 AM	Urgent
10105	Neuroradiology	12/12/2019  12:00:00 AM	11/29/2019  12:00:00 AM	Urgent
10106	Podiatry	12/12/2019  12:00:00 AM	12/03/2019  12:00:00 AM	Elective
10107	Obstetrics	12/12/2019  12:00:00 AM	12/04/2019  12:00:00 AM	Urgent
10108	Podiatry	12/12/2019  12:00:00 AM	12/07/2019  12:00:00 AM	Urgent
10109	Pain	12/12/2019  12:00:00 AM	11/28/2019  12:00:00 AM	Elective
10110	Electroconvulsive Therapy	12/12/2019  12:00:00 AM	12/10/2019  12:00:00 AM	Elective
10111	Gynecology	12/12/2019  12:00:00 AM	11/27/2019  12:00:00 AM	Elective
10112	Pulmonary	12/12/2019  12:00:00 AM	11/26/2019  12:00:00 AM	Elective
10113	Pulmonary	12/12/2019  12:00:00 AM	12/08/2019  12:00:00 AM	Elective
10114	Hepatology	12/12/2019  12:00:00 AM	12/02/2019  12:00:00 AM	Urgent
10115	Pulmonary	12/12/2019  12:00:00 AM	11/24/2019  12:00:00 AM	Urgent
10116	Plastics	12/12/2019  12:00:00 AM	12/05/2019  12:00:00 AM	Urgent
10117	Podiatry	12/12/2019  12:00:00 AM	12/10/2019  12:00:00 AM	Elective
10118	Neurosurgery	12/12/2019  12:00:00 AM	11/23/2019  12:00:00 AM	Elective
10119	Pulmonary	12/12/2019  12:00:00 AM	11/25/2019  12:00:00 AM	Urgent
10120	General	12/12/2019  12:00:00 AM	12/05/2019  12:00:00 AM	Urgent
10121	Interventional Radiology	12/12/2019  12:00:00 AM	12/04/2019  12:00:00 AM	Elective
10122	Interventional Radiology	12/12/2019  12:00:00 AM	12/11/2019  12:00:00 AM	Elective
10123	Gastroenterology	12/12/2019  12:00:00 AM	12/02/2019  12:00:00 AM	Urgent
10124	Podiatry	12/12/2019  12:00:00 AM	12/05/2019  12:00:00 AM	Urgent
10125	Gynecology	12/12/2019  12:00:00 AM	12/04/2019  12:00:00 AM	Urgent
10126	Podiatry	12/12/2019  12:00:00 AM	11/27/2019  12:00:00 AM	Elective
10127	Urology	12/12/2019  12:00:00 AM	12/07/2019  12:00:00 AM	Urgent
10128	Dental	12/12/2019  12:00:00 AM	12/03/2019  12:00:00 AM	Urgent
10129	Pulmonary	12/12/2019  12:00:00 AM	11/23/2019  12:00:00 AM	Urgent
10130	Neuroradiology	12/12/2019  12:00:00 AM	12/06/2019  12:00:00 AM	Urgent
10131	Interventional Radiology	12/12/2019  12:00:00 AM	11/27/2019  12:00:00 AM	Elective
10132	Gynecology	12/12/2019  12:00:00 AM	12/08/2019  12:00:00 AM	Urgent
10133	Plastics	12/12/2019  12:00:00 AM	11/25/2019  12:00:00 AM	Urgent
10134	Neurosurgery	12/12/2019  12:00:00 AM	11/23/2019  12:00:00 AM	Elective
10135	Electrophysiology	12/12/2019  12:00:00 AM	11/30/2019  12:00:00 AM	Urgent
10136	Thoracic	12/12/2019  12:00:00 AM	12/04/2019  12:00:00 AM	Urgent
10137	Electrophysiology	12/12/2019  12:00:00 AM	12/07/2019  12:00:00 AM	Elective
10138	Gynecology	12/12/2019  12:00:00 AM	12/06/2019  12:00:00 AM	Urgent
10139	Plastics	12/12/2019  12:00:00 AM	11/25/2019  12:00:00 AM	Urgent
10140	Podiatry	12/12/2019  12:00:00 AM	11/28/2019  12:00:00 AM	Elective
10141	Neuroradiology	12/12/2019  12:00:00 AM	11/28/2019  12:00:00 AM	Urgent
10142	Vascular	12/12/2019  12:00:00 AM	12/05/2019  12:00:00 AM	Elective
10143	Gynecology	12/12/2019  12:00:00 AM	11/27/2019  12:00:00 AM	Elective
10144	Gastroenterology	12/12/2019  12:00:00 AM	12/03/2019  12:00:00 AM	Elective
10145	Electroconvulsive Therapy	12/12/2019  12:00:00 AM	11/24/2019  12:00:00 AM	Elective
10146	Neurosurgery	12/12/2019  12:00:00 AM	12/03/2019  12:00:00 AM	Urgent
10147	Vascular	12/12/2019  12:00:00 AM	11/23/2019  12:00:00 AM	Elective
10148	Ophthalmology	12/12/2019  12:00:00 AM	12/04/2019  12:00:00 AM	Urgent
10149	Orthopedics	12/12/2019  12:00:00 AM	11/26/2019  12:00:00 AM	Urgent
10150	Electroconvulsive Therapy	12/12/2019  12:00:00 AM	11/25/2019  12:00:00 AM	Urgent
10151	Electroconvulsive Therapy	12/12/2019  12:00:00 AM	11/26/2019  12:00:00 AM	Urgent
10152	Gynecology	12/12/2019  12:00:00 AM	11/24/2019  12:00:00 AM	Elective
10153	Cardiac	12/12/2019  12:00:00 AM	12/03/2019  12:00:00 AM	Urgent
10154	Vascular	12/12/2019  12:00:00 AM	11/28/2019  12:00:00 AM	Elective
10155	Podiatry	12/12/2019  12:00:00 AM	11/29/2019  12:00:00 AM	Urgent
10156	Gastroenterology	12/12/2019  12:00:00 AM	12/02/2019  12:00:00 AM	Elective
10157	Orthopedics	12/12/2019  12:00:00 AM	12/03/2019  12:00:00 AM	Elective
10158	Hepatology	12/12/2019  12:00:00 AM	11/25/2019  12:00:00 AM	Urgent
10159	Hepatology	12/12/2019  12:00:00 AM	12/10/2019  12:00:00 AM	Elective
10160	Electroconvulsive Therapy	12/12/2019  12:00:00 AM	11/26/2019  12:00:00 AM	Urgent
10161	General	12/12/2019  12:00:00 AM	12/02/2019  12:00:00 AM	Urgent
10162	Orthopedics	12/12/2019  12:00:00 AM	11/30/2019  12:00:00 AM	Urgent
10163	Plastics	12/12/2019  12:00:00 AM	12/02/2019  12:00:00 AM	Urgent
10164	Urology	12/12/2019  12:00:00 AM	12/02/2019  12:00:00 AM	Elective
10165	Neurosurgery	12/12/2019  12:00:00 AM	11/28/2019  12:00:00 AM	Elective
10166	Dental	12/12/2019  12:00:00 AM	12/04/2019  12:00:00 AM	Elective
10167	Thoracic	12/12/2019  12:00:00 AM	11/29/2019  12:00:00 AM	Urgent
10168	Vascular	12/12/2019  12:00:00 AM	11/25/2019  12:00:00 AM	Elective
10169	Podiatry	12/12/2019  12:00:00 AM	11/26/2019  12:00:00 AM	Elective
10170	Plastics	12/12/2019  12:00:00 AM	12/05/2019  12:00:00 AM	Elective
10171	Urology	12/12/2019  12:00:00 AM	11/27/2019  12:00:00 AM	Elective
10172	Urology	12/12/2019  12:00:00 AM	11/26/2019  12:00:00 AM	Urgent
10173	Neurosurgery	12/12/2019  12:00:00 AM	11/27/2019  12:00:00 AM	Elective
10174	General	12/12/2019  12:00:00 AM	11/27/2019  12:00:00 AM	Urgent
10175	Obstetrics	12/12/2019  12:00:00 AM	11/26/2019  12:00:00 AM	Urgent
10176	Cardiac	12/12/2019  12:00:00 AM	12/01/2019  12:00:00 AM	Elective
10177	Gastroenterology	12/12/2019  12:00:00 AM	11/27/2019  12:00:00 AM	Urgent
10178	Electroconvulsive Therapy	12/12/2019  12:00:00 AM	12/07/2019  12:00:00 AM	Urgent
10179	Gastroenterology	12/12/2019  12:00:00 AM	12/08/2019  12:00:00 AM	Elective
10180	Gynecology	12/12/2019  12:00:00 AM	11/27/2019  12:00:00 AM	Urgent
10181	Neuroradiology	12/12/2019  12:00:00 AM	11/24/2019  12:00:00 AM	Elective
10182	Ophthalmology	12/12/2019  12:00:00 AM	11/30/2019  12:00:00 AM	Elective
10183	Neurosurgery	12/12/2019  12:00:00 AM	12/03/2019  12:00:00 AM	Elective
10184	Hepatology	12/12/2019  12:00:00 AM	11/29/2019  12:00:00 AM	Urgent
10185	Vascular	12/12/2019  12:00:00 AM	11/30/2019  12:00:00 AM	Urgent
10186	Orthopedics	12/12/2019  12:00:00 AM	11/29/2019  12:00:00 AM	Urgent
10187	Podiatry	12/12/2019  12:00:00 AM	12/04/2019  12:00:00 AM	Urgent
10188	Gynecology	12/12/2019  12:00:00 AM	12/06/2019  12:00:00 AM	Elective
10189	Neurosurgery	12/12/2019  12:00:00 AM	11/25/2019  12:00:00 AM	Urgent
10190	Interventional Radiology	12/12/2019  12:00:00 AM	12/08/2019  12:00:00 AM	Urgent
10191	Vascular	12/12/2019  12:00:00 AM	12/09/2019  12:00:00 AM	Elective
10192	Gastroenterology	12/12/2019  12:00:00 AM	12/08/2019  12:00:00 AM	Urgent
10193	Urology	12/12/2019  12:00:00 AM	12/03/2019  12:00:00 AM	Urgent
10194	Hepatology	12/12/2019  12:00:00 AM	12/02/2019  12:00:00 AM	Urgent
10195	Neuroradiology	12/12/2019  12:00:00 AM	12/07/2019  12:00:00 AM	Urgent
10196	Electrophysiology	12/12/2019  12:00:00 AM	12/11/2019  12:00:00 AM	Urgent
10197	Gynecology	12/12/2019  12:00:00 AM	11/26/2019  12:00:00 AM	Urgent
10198	Hepatology	12/12/2019  12:00:00 AM	12/09/2019  12:00:00 AM	Urgent
10199	Electrophysiology	12/12/2019  12:00:00 AM	11/28/2019  12:00:00 AM	Urgent
10200	Podiatry	12/12/2019  12:00:00 AM	12/05/2019  12:00:00 AM	Elective
10201	Electrophysiology	12/12/2019  12:00:00 AM	12/09/2019  12:00:00 AM	Elective
10202	Hepatology	12/12/2019  12:00:00 AM	11/24/2019  12:00:00 AM	Urgent
10203	Pulmonary	12/12/2019  12:00:00 AM	12/06/2019  12:00:00 AM	Elective
10204	Hepatology	12/12/2019  12:00:00 AM	12/03/2019  12:00:00 AM	Elective
10205	Ophthalmology	12/12/2019  12:00:00 AM	11/23/2019  12:00:00 AM	Urgent
10206	Dental	12/12/2019  12:00:00 AM	12/11/2019  12:00:00 AM	Elective
10207	Cardiac	12/12/2019  12:00:00 AM	11/28/2019  12:00:00 AM	Elective
10208	Interventional Radiology	12/12/2019  12:00:00 AM	11/25/2019  12:00:00 AM	Elective
10209	Electroconvulsive Therapy	12/12/2019  12:00:00 AM	11/26/2019  12:00:00 AM	Urgent
10210	Podiatry	12/12/2019  12:00:00 AM	12/06/2019  12:00:00 AM	Urgent
10211	Urology	12/12/2019  12:00:00 AM	12/03/2019  12:00:00 AM	Elective
10212	Thoracic	12/12/2019  12:00:00 AM	11/29/2019  12:00:00 AM	Elective
10213	Gastroenterology	12/12/2019  12:00:00 AM	11/28/2019  12:00:00 AM	Elective
10214	Electroconvulsive Therapy	12/12/2019  12:00:00 AM	12/02/2019  12:00:00 AM	Urgent
10215	Orthopedics	12/12/2019  12:00:00 AM	11/25/2019  12:00:00 AM	Urgent
10216	Pulmonary	12/12/2019  12:00:00 AM	11/30/2019  12:00:00 AM	Elective
10217	Electrophysiology	12/12/2019  12:00:00 AM	11/23/2019  12:00:00 AM	Elective
10218	Thoracic	12/12/2019  12:00:00 AM	11/30/2019  12:00:00 AM	Elective
10219	Interventional Radiology	12/12/2019  12:00:00 AM	11/24/2019  12:00:00 AM	Urgent
10220	Vascular	12/12/2019  12:00:00 AM	12/08/2019  12:00:00 AM	Urgent
10221	Podiatry	12/12/2019  12:00:00 AM	11/23/2019  12:00:00 AM	Urgent
10222	Orthopedics	12/12/2019  12:00:00 AM	12/01/2019  12:00:00 AM	Urgent
10223	Dental	12/12/2019  12:00:00 AM	11/25/2019  12:00:00 AM	Elective
10224	Hepatology	12/12/2019  12:00:00 AM	12/02/2019  12:00:00 AM	Urgent
10225	Obstetrics	12/12/2019  12:00:00 AM	11/26/2019  12:00:00 AM	Urgent
10226	Electroconvulsive Therapy	12/12/2019  12:00:00 AM	12/07/2019  12:00:00 AM	Urgent
10227	Plastics	12/12/2019  12:00:00 AM	12/11/2019  12:00:00 AM	Elective
10228	Hepatology	12/12/2019  12:00:00 AM	12/01/2019  12:00:00 AM	Elective
10229	Orthopedics	12/12/2019  12:00:00 AM	11/30/2019  12:00:00 AM	Elective
10230	Hepatology	12/12/2019  12:00:00 AM	12/01/2019  12:00:00 AM	Urgent
10231	Obstetrics	12/12/2019  12:00:00 AM	12/07/2019  12:00:00 AM	Urgent
10232	Pain	12/12/2019  12:00:00 AM	12/11/2019  12:00:00 AM	Urgent
10233	Plastics	12/12/2019  12:00:00 AM	11/24/2019  12:00:00 AM	Urgent
10234	Pulmonary	12/12/2019  12:00:00 AM	12/04/2019  12:00:00 AM	Urgent
10235	Neuroradiology	12/12/2019  12:00:00 AM	12/07/2019  12:00:00 AM	Urgent
10236	Podiatry	12/12/2019  12:00:00 AM	12/09/2019  12:00:00 AM	Elective
10237	Interventional Radiology	12/12/2019  12:00:00 AM	12/09/2019  12:00:00 AM	Urgent
10238	Cardiac	12/12/2019  12:00:00 AM	11/25/2019  12:00:00 AM	Urgent
10239	Cardiac	12/12/2019  12:00:00 AM	11/28/2019  12:00:00 AM	Urgent
10240	Gastroenterology	12/12/2019  12:00:00 AM	12/05/2019  12:00:00 AM	Urgent
10241	Gynecology	12/12/2019  12:00:00 AM	12/06/2019  12:00:00 AM	Elective
10242	Ophthalmology	12/12/2019  12:00:00 AM	11/30/2019  12:00:00 AM	Elective
10243	Urology	12/12/2019  12:00:00 AM	11/24/2019  12:00:00 AM	Elective
10244	Neuroradiology	12/12/2019  12:00:00 AM	12/02/2019  12:00:00 AM	Elective
10245	Gynecology	12/12/2019  12:00:00 AM	11/28/2019  12:00:00 AM	Urgent
10246	Plastics	12/12/2019  12:00:00 AM	12/07/2019  12:00:00 AM	Urgent
10247	Vascular	12/12/2019  12:00:00 AM	12/01/2019  12:00:00 AM	Urgent
10248	Obstetrics	12/12/2019  12:00:00 AM	12/04/2019  12:00:00 AM	Urgent
10249	Plastics	12/12/2019  12:00:00 AM	11/25/2019  12:00:00 AM	Elective
10250	Pulmonary	12/12/2019  12:00:00 AM	12/04/2019  12:00:00 AM	Elective
10251	Cardiac	12/12/2019  12:00:00 AM	12/02/2019  12:00:00 AM	Elective
10252	Cardiac	12/12/2019  12:00:00 AM	11/24/2019  12:00:00 AM	Elective
10253	Electroconvulsive Therapy	12/12/2019  12:00:00 AM	12/02/2019  12:00:00 AM	Elective
10254	Pain	12/12/2019  12:00:00 AM	11/28/2019  12:00:00 AM	Elective
10255	General	12/12/2019  12:00:00 AM	12/08/2019  12:00:00 AM	Elective
10256	Neuroradiology	12/12/2019  12:00:00 AM	11/23/2019  12:00:00 AM	Urgent
10257	Electroconvulsive Therapy	12/12/2019  12:00:00 AM	12/06/2019  12:00:00 AM	Elective
10258	Ophthalmology	12/12/2019  12:00:00 AM	11/27/2019  12:00:00 AM	Elective
10259	Neurosurgery	12/12/2019  12:00:00 AM	12/11/2019  12:00:00 AM	Elective
10260	Electrophysiology	12/12/2019  12:00:00 AM	11/24/2019  12:00:00 AM	Elective
10261	Dental	12/12/2019  12:00:00 AM	11/29/2019  12:00:00 AM	Elective
10262	Pain	12/12/2019  12:00:00 AM	12/11/2019  12:00:00 AM	Urgent
10263	Vascular	12/12/2019  12:00:00 AM	12/07/2019  12:00:00 AM	Urgent
10264	Electroconvulsive Therapy	12/12/2019  12:00:00 AM	11/25/2019  12:00:00 AM	Elective
10265	Electroconvulsive Therapy	12/12/2019  12:00:00 AM	12/06/2019  12:00:00 AM	Urgent
10266	Obstetrics	12/12/2019  12:00:00 AM	12/04/2019  12:00:00 AM	Urgent
10267	General	12/12/2019  12:00:00 AM	12/05/2019  12:00:00 AM	Elective
10268	Electrophysiology	12/12/2019  12:00:00 AM	12/01/2019  12:00:00 AM	Elective
10269	Pain	12/12/2019  12:00:00 AM	11/26/2019  12:00:00 AM	Urgent
10270	Hepatology	12/12/2019  12:00:00 AM	12/08/2019  12:00:00 AM	Elective
10271	Obstetrics	12/12/2019  12:00:00 AM	11/28/2019  12:00:00 AM	Elective
10272	Podiatry	12/12/2019  12:00:00 AM	12/04/2019  12:00:00 AM	Elective
10273	Gynecology	12/12/2019  12:00:00 AM	12/04/2019  12:00:00 AM	Elective
10274	Gynecology	12/12/2019  12:00:00 AM	12/01/2019  12:00:00 AM	Urgent
10275	Plastics	12/12/2019  12:00:00 AM	11/23/2019  12:00:00 AM	Urgent
10276	Cardiac	12/12/2019  12:00:00 AM	11/24/2019  12:00:00 AM	Elective
10277	Cardiac	12/12/2019  12:00:00 AM	11/27/2019  12:00:00 AM	Elective
10278	Hepatology	12/12/2019  12:00:00 AM	12/09/2019  12:00:00 AM	Elective
10279	Vascular	12/12/2019  12:00:00 AM	12/06/2019  12:00:00 AM	Elective
10280	Interventional Radiology	12/12/2019  12:00:00 AM	12/07/2019  12:00:00 AM	Urgent
10281	Neuroradiology	12/12/2019  12:00:00 AM	11/30/2019  12:00:00 AM	Elective
10282	Electrophysiology	12/12/2019  12:00:00 AM	11/26/2019  12:00:00 AM	Urgent
10283	Cardiac	12/12/2019  12:00:00 AM	12/04/2019  12:00:00 AM	Elective
10284	Neurosurgery	12/12/2019  12:00:00 AM	11/25/2019  12:00:00 AM	Elective
10285	Plastics	12/12/2019  12:00:00 AM	12/01/2019  12:00:00 AM	Elective
10286	Electroconvulsive Therapy	12/12/2019  12:00:00 AM	12/01/2019  12:00:00 AM	Elective
10287	Pulmonary	12/12/2019  12:00:00 AM	12/01/2019  12:00:00 AM	Urgent
10288	Thoracic	12/12/2019  12:00:00 AM	12/03/2019  12:00:00 AM	Elective
10289	Ophthalmology	12/12/2019  12:00:00 AM	12/07/2019  12:00:00 AM	Elective
10290	Urology	12/12/2019  12:00:00 AM	12/07/2019  12:00:00 AM	Urgent
10291	Electrophysiology	12/12/2019  12:00:00 AM	11/28/2019  12:00:00 AM	Elective
10292	Neurosurgery	12/12/2019  12:00:00 AM	12/04/2019  12:00:00 AM	Urgent
10293	Vascular	12/12/2019  12:00:00 AM	11/29/2019  12:00:00 AM	Urgent
10294	Orthopedics	12/12/2019  12:00:00 AM	12/09/2019  12:00:00 AM	Urgent
10295	Urology	12/12/2019  12:00:00 AM	12/07/2019  12:00:00 AM	Elective
10296	Urology	12/12/2019  12:00:00 AM	11/29/2019  12:00:00 AM	Elective
10297	Plastics	12/12/2019  12:00:00 AM	12/05/2019  12:00:00 AM	Urgent
10298	Orthopedics	12/12/2019  12:00:00 AM	12/02/2019  12:00:00 AM	Elective
10299	Electrophysiology	12/12/2019  12:00:00 AM	11/27/2019  12:00:00 AM	Elective
10300	Thoracic	12/12/2019  12:00:00 AM	12/06/2019  12:00:00 AM	Urgent
10301	Electroconvulsive Therapy	12/12/2019  12:00:00 AM	11/27/2019  12:00:00 AM	Urgent
10302	Urology	12/12/2019  12:00:00 AM	11/25/2019  12:00:00 AM	Elective
10303	Gastroenterology	12/12/2019  12:00:00 AM	12/04/2019  12:00:00 AM	Elective
10304	Interventional Radiology	12/12/2019  12:00:00 AM	12/02/2019  12:00:00 AM	Urgent
10305	Thoracic	12/12/2019  12:00:00 AM	12/05/2019  12:00:00 AM	Elective
10306	Neuroradiology	12/12/2019  12:00:00 AM	12/05/2019  12:00:00 AM	Elective
10307	Gynecology	12/12/2019  12:00:00 AM	11/29/2019  12:00:00 AM	Urgent
10308	Hepatology	12/12/2019  12:00:00 AM	12/08/2019  12:00:00 AM	Urgent
10309	Thoracic	12/12/2019  12:00:00 AM	12/10/2019  12:00:00 AM	Urgent
10310	Podiatry	12/12/2019  12:00:00 AM	12/10/2019  12:00:00 AM	Urgent
10311	Gynecology	12/12/2019  12:00:00 AM	11/28/2019  12:00:00 AM	Elective
10312	General	12/12/2019  12:00:00 AM	12/01/2019  12:00:00 AM	Elective
10313	Electroconvulsive Therapy	12/12/2019  12:00:00 AM	12/02/2019  12:00:00 AM	Urgent
10314	Thoracic	12/12/2019  12:00:00 AM	12/01/2019  12:00:00 AM	Elective
10315	Pain	12/12/2019  12:00:00 AM	11/27/2019  12:00:00 AM	Elective
10316	Pulmonary	12/12/2019  12:00:00 AM	12/08/2019  12:00:00 AM	Elective
10317	Electrophysiology	12/12/2019  12:00:00 AM	12/04/2019  12:00:00 AM	Elective
10318	Vascular	12/12/2019  12:00:00 AM	12/08/2019  12:00:00 AM	Urgent
10319	Orthopedics	12/12/2019  12:00:00 AM	11/24/2019  12:00:00 AM	Elective
10320	Urology	12/12/2019  12:00:00 AM	11/25/2019  12:00:00 AM	Urgent
10321	Podiatry	12/12/2019  12:00:00 AM	11/23/2019  12:00:00 AM	Urgent
10322	Neuroradiology	12/12/2019  12:00:00 AM	11/24/2019  12:00:00 AM	Urgent
10323	Vascular	12/12/2019  12:00:00 AM	12/01/2019  12:00:00 AM	Urgent
10324	Ophthalmology	12/12/2019  12:00:00 AM	12/11/2019  12:00:00 AM	Urgent
10325	Podiatry	12/12/2019  12:00:00 AM	12/10/2019  12:00:00 AM	Urgent
10326	Podiatry	12/12/2019  12:00:00 AM	11/24/2019  12:00:00 AM	Urgent
10327	Hepatology	12/12/2019  12:00:00 AM	12/08/2019  12:00:00 AM	Elective
10328	Cardiac	12/12/2019  12:00:00 AM	11/29/2019  12:00:00 AM	Urgent
10329	Electroconvulsive Therapy	12/12/2019  12:00:00 AM	12/01/2019  12:00:00 AM	Elective
10330	Thoracic	12/12/2019  12:00:00 AM	12/11/2019  12:00:00 AM	Elective
10331	Gynecology	12/12/2019  12:00:00 AM	12/04/2019  12:00:00 AM	Elective
10332	Pulmonary	12/12/2019  12:00:00 AM	12/07/2019  12:00:00 AM	Urgent
10333	Podiatry	12/12/2019  12:00:00 AM	11/24/2019  12:00:00 AM	Urgent
10334	Electrophysiology	12/12/2019  12:00:00 AM	12/03/2019  12:00:00 AM	Elective
10335	Interventional Radiology	12/12/2019  12:00:00 AM	12/02/2019  12:00:00 AM	Elective
10336	Pain	12/12/2019  12:00:00 AM	11/30/2019  12:00:00 AM	Urgent
10337	Plastics	12/12/2019  12:00:00 AM	12/07/2019  12:00:00 AM	Urgent
10338	Vascular	12/12/2019  12:00:00 AM	12/05/2019  12:00:00 AM	Urgent
10339	Obstetrics	12/12/2019  12:00:00 AM	11/23/2019  12:00:00 AM	Urgent
10340	Ophthalmology	12/12/2019  12:00:00 AM	12/03/2019  12:00:00 AM	Urgent
10341	Ophthalmology	12/12/2019  12:00:00 AM	12/10/2019  12:00:00 AM	Elective
10342	Cardiac	12/12/2019  12:00:00 AM	11/25/2019  12:00:00 AM	Elective
10343	Neurosurgery	12/12/2019  12:00:00 AM	11/29/2019  12:00:00 AM	Elective
10344	Electroconvulsive Therapy	12/12/2019  12:00:00 AM	12/04/2019  12:00:00 AM	Elective
10345	Neurosurgery	12/12/2019  12:00:00 AM	12/11/2019  12:00:00 AM	Urgent
10346	Neurosurgery	12/12/2019  12:00:00 AM	12/05/2019  12:00:00 AM	Elective
10347	Neuroradiology	12/12/2019  12:00:00 AM	12/09/2019  12:00:00 AM	Urgent
10348	Pulmonary	12/12/2019  12:00:00 AM	12/07/2019  12:00:00 AM	Urgent
10349	Podiatry	12/12/2019  12:00:00 AM	12/01/2019  12:00:00 AM	Elective
10350	Plastics	12/12/2019  12:00:00 AM	12/09/2019  12:00:00 AM	Urgent
10351	Vascular	12/12/2019  12:00:00 AM	12/09/2019  12:00:00 AM	Urgent
10352	Orthopedics	12/12/2019  12:00:00 AM	12/11/2019  12:00:00 AM	Urgent
10353	General	12/12/2019  12:00:00 AM	12/06/2019  12:00:00 AM	Elective
10354	Pain	12/12/2019  12:00:00 AM	11/30/2019  12:00:00 AM	Urgent
10355	Dental	12/12/2019  12:00:00 AM	12/10/2019  12:00:00 AM	Elective
10356	Electrophysiology	12/12/2019  12:00:00 AM	12/03/2019  12:00:00 AM	Urgent
10357	Plastics	12/12/2019  12:00:00 AM	11/26/2019  12:00:00 AM	Elective
10358	Ophthalmology	12/12/2019  12:00:00 AM	12/08/2019  12:00:00 AM	Urgent
10359	Cardiac	12/12/2019  12:00:00 AM	12/05/2019  12:00:00 AM	Urgent
10360	Vascular	12/12/2019  12:00:00 AM	12/03/2019  12:00:00 AM	Urgent
10361	Hepatology	12/12/2019  12:00:00 AM	12/01/2019  12:00:00 AM	Elective
10362	Neurosurgery	12/12/2019  12:00:00 AM	11/26/2019  12:00:00 AM	Urgent
10363	Gastroenterology	12/12/2019  12:00:00 AM	11/29/2019  12:00:00 AM	Elective
10364	Electrophysiology	12/12/2019  12:00:00 AM	11/26/2019  12:00:00 AM	Elective
10365	Ophthalmology	12/12/2019  12:00:00 AM	12/09/2019  12:00:00 AM	Elective
10366	Gynecology	12/12/2019  12:00:00 AM	12/06/2019  12:00:00 AM	Urgent
10367	Obstetrics	12/12/2019  12:00:00 AM	12/07/2019  12:00:00 AM	Urgent
10368	Neuroradiology	12/12/2019  12:00:00 AM	11/24/2019  12:00:00 AM	Elective
10369	Hepatology	12/12/2019  12:00:00 AM	12/10/2019  12:00:00 AM	Urgent
10370	Electrophysiology	12/12/2019  12:00:00 AM	11/30/2019  12:00:00 AM	Urgent
10371	Dental	12/12/2019  12:00:00 AM	12/11/2019  12:00:00 AM	Elective
10372	Plastics	12/12/2019  12:00:00 AM	12/03/2019  12:00:00 AM	Elective
10373	Obstetrics	12/12/2019  12:00:00 AM	11/25/2019  12:00:00 AM	Urgent
10374	Gynecology	12/12/2019  12:00:00 AM	11/27/2019  12:00:00 AM	Elective
10375	Vascular	12/12/2019  12:00:00 AM	12/10/2019  12:00:00 AM	Elective
10376	Electroconvulsive Therapy	12/12/2019  12:00:00 AM	11/26/2019  12:00:00 AM	Elective
10377	Ophthalmology	12/12/2019  12:00:00 AM	12/03/2019  12:00:00 AM	Elective
10378	Gastroenterology	12/12/2019  12:00:00 AM	11/23/2019  12:00:00 AM	Elective
10379	Gynecology	12/12/2019  12:00:00 AM	12/08/2019  12:00:00 AM	Elective
10380	Obstetrics	12/12/2019  12:00:00 AM	12/09/2019  12:00:00 AM	Urgent
10381	Gynecology	12/12/2019  12:00:00 AM	11/25/2019  12:00:00 AM	Urgent
10382	Interventional Radiology	12/12/2019  12:00:00 AM	12/01/2019  12:00:00 AM	Urgent
10383	Pain	12/12/2019  12:00:00 AM	12/07/2019  12:00:00 AM	Elective
10384	Pain	12/12/2019  12:00:00 AM	11/28/2019  12:00:00 AM	Urgent
10385	Pulmonary	12/12/2019  12:00:00 AM	11/30/2019  12:00:00 AM	Urgent
10386	Ophthalmology	12/12/2019  12:00:00 AM	11/27/2019  12:00:00 AM	Urgent
10387	Electrophysiology	12/12/2019  12:00:00 AM	12/04/2019  12:00:00 AM	Urgent
10388	Neuroradiology	12/12/2019  12:00:00 AM	12/04/2019  12:00:00 AM	Urgent
10389	Interventional Radiology	12/12/2019  12:00:00 AM	12/10/2019  12:00:00 AM	Urgent
10390	Electroconvulsive Therapy	12/12/2019  12:00:00 AM	12/09/2019  12:00:00 AM	Elective
10391	Gynecology	12/12/2019  12:00:00 AM	11/23/2019  12:00:00 AM	Urgent
10392	Neuroradiology	12/12/2019  12:00:00 AM	12/10/2019  12:00:00 AM	Urgent
10393	Podiatry	12/12/2019  12:00:00 AM	11/26/2019  12:00:00 AM	Urgent
10394	Gynecology	12/12/2019  12:00:00 AM	11/27/2019  12:00:00 AM	Elective
10395	Pulmonary	12/12/2019  12:00:00 AM	12/08/2019  12:00:00 AM	Elective
10396	Gynecology	12/12/2019  12:00:00 AM	12/10/2019  12:00:00 AM	Urgent
10397	Plastics	12/12/2019  12:00:00 AM	12/10/2019  12:00:00 AM	Elective
10398	Pain	12/12/2019  12:00:00 AM	11/23/2019  12:00:00 AM	Urgent
10399	Neuroradiology	12/12/2019  12:00:00 AM	11/29/2019  12:00:00 AM	Urgent
10400	Plastics	12/12/2019  12:00:00 AM	12/05/2019  12:00:00 AM	Urgent
10401	Pain	12/12/2019  12:00:00 AM	12/11/2019  12:00:00 AM	Urgent
10402	Gastroenterology	12/12/2019  12:00:00 AM	12/10/2019  12:00:00 AM	Elective
10403	Electroconvulsive Therapy	12/12/2019  12:00:00 AM	11/30/2019  12:00:00 AM	Elective
10404	Electroconvulsive Therapy	12/12/2019  12:00:00 AM	11/24/2019  12:00:00 AM	Elective
10405	Electrophysiology	12/12/2019  12:00:00 AM	12/04/2019  12:00:00 AM	Urgent
10406	General	12/12/2019  12:00:00 AM	11/25/2019  12:00:00 AM	Elective
10407	Orthopedics	12/12/2019  12:00:00 AM	12/10/2019  12:00:00 AM	Elective
10408	Obstetrics	12/12/2019  12:00:00 AM	11/23/2019  12:00:00 AM	Elective
10409	General	12/12/2019  12:00:00 AM	12/06/2019  12:00:00 AM	Urgent
10410	Interventional Radiology	12/12/2019  12:00:00 AM	12/02/2019  12:00:00 AM	Elective
10411	Ophthalmology	12/12/2019  12:00:00 AM	11/29/2019  12:00:00 AM	Elective
10412	Electrophysiology	12/12/2019  12:00:00 AM	12/06/2019  12:00:00 AM	Elective
10413	Orthopedics	12/12/2019  12:00:00 AM	11/25/2019  12:00:00 AM	Elective
10414	Dental	12/12/2019  12:00:00 AM	11/25/2019  12:00:00 AM	Elective
