LOG_ID	OR_SERVICE	SURGERY_DATE	FIRST_SCHED_DATE	CASE_CLASS
10001	Hepatology	02/22/2020  12:00:00 AM	02/13/2020  12:00:00 AM	Urgent
10002	Electroconvulsive Therapy	02/22/2020  12:00:00 AM	02/10/2020  12:00:00 AM	Elective
10003	General	02/22/2020  12:00:00 AM	02/15/2020  12:00:00 AM	Elective
10004	Pain	02/22/2020  12:00:00 AM	02/03/2020  12:00:00 AM	Elective
10005	Urology	02/22/2020  12:00:00 AM	02/15/2020  12:00:00 AM	Urgent
10006	Neurosurgery	02/22/2020  12:00:00 AM	02/08/2020  12:00:00 AM	Elective
10007	Plastics	02/22/2020  12:00:00 AM	02/07/2020  12:00:00 AM	Urgent
10008	Hepatology	02/22/2020  12:00:00 AM	02/17/2020  12:00:00 AM	Urgent
10009	Gastroenterology	02/22/2020  12:00:00 AM	02/19/2020  12:00:00 AM	Elective
10010	Electrophysiology	02/22/2020  12:00:00 AM	02/15/2020  12:00:00 AM	Urgent
10011	Ophthalmology	02/22/2020  12:00:00 AM	02/17/2020  12:00:00 AM	Elective
10012	Gastroenterology	02/22/2020  12:00:00 AM	02/15/2020  12:00:00 AM	Elective
10013	Pain	02/22/2020  12:00:00 AM	02/14/2020  12:00:00 AM	Elective
10014	Pulmonary	02/22/2020  12:00:00 AM	02/17/2020  12:00:00 AM	Urgent
10015	Hepatology	02/22/2020  12:00:00 AM	02/05/2020  12:00:00 AM	Elective
10016	Interventional Radiology	02/22/2020  12:00:00 AM	02/10/2020  12:00:00 AM	Elective
10017	Electroconvulsive Therapy	02/22/2020  12:00:00 AM	02/17/2020  12:00:00 AM	Urgent
10018	Pain	02/22/2020  12:00:00 AM	02/15/2020  12:00:00 AM	Urgent
10019	Pain	02/22/2020  12:00:00 AM	02/20/2020  12:00:00 AM	Urgent
10020	Neurosurgery	02/22/2020  12:00:00 AM	02/17/2020  12:00:00 AM	Urgent
10021	Neurosurgery	02/22/2020  12:00:00 AM	02/05/2020  12:00:00 AM	Elective
10022	Vascular	02/22/2020  12:00:00 AM	02/10/2020  12:00:00 AM	Elective
10023	Vascular	02/22/2020  12:00:00 AM	02/03/2020  12:00:00 AM	Elective
10024	Dental	02/22/2020  12:00:00 AM	02/11/2020  12:00:00 AM	Elective
10025	Podiatry	02/22/2020  12:00:00 AM	02/13/2020  12:00:00 AM	Elective
10026	Electrophysiology	02/22/2020  12:00:00 AM	02/06/2020  12:00:00 AM	Elective
10027	Dental	02/22/2020  12:00:00 AM	02/05/2020  12:00:00 AM	Urgent
10028	Neuroradiology	02/22/2020  12:00:00 AM	02/16/2020  12:00:00 AM	Elective
10029	Podiatry	02/22/2020  12:00:00 AM	02/17/2020  12:00:00 AM	Elective
10030	Pain	02/22/2020  12:00:00 AM	02/06/2020  12:00:00 AM	Elective
10031	Pulmonary	02/22/2020  12:00:00 AM	02/19/2020  12:00:00 AM	Elective
10032	Gynecology	02/22/2020  12:00:00 AM	02/13/2020  12:00:00 AM	Elective
10033	Pulmonary	02/22/2020  12:00:00 AM	02/09/2020  12:00:00 AM	Elective
10034	Electrophysiology	02/22/2020  12:00:00 AM	02/03/2020  12:00:00 AM	Elective
10035	Pain	02/22/2020  12:00:00 AM	02/17/2020  12:00:00 AM	Urgent
10036	Interventional Radiology	02/22/2020  12:00:00 AM	02/11/2020  12:00:00 AM	Elective
10037	Plastics	02/22/2020  12:00:00 AM	02/08/2020  12:00:00 AM	Elective
10038	Gynecology	02/22/2020  12:00:00 AM	02/14/2020  12:00:00 AM	Elective
10039	Neuroradiology	02/22/2020  12:00:00 AM	02/21/2020  12:00:00 AM	Elective
10040	Neurosurgery	02/22/2020  12:00:00 AM	02/19/2020  12:00:00 AM	Elective
10041	Orthopedics	02/22/2020  12:00:00 AM	02/08/2020  12:00:00 AM	Elective
10042	Obstetrics	02/22/2020  12:00:00 AM	02/15/2020  12:00:00 AM	Elective
10043	Neurosurgery	02/22/2020  12:00:00 AM	02/11/2020  12:00:00 AM	Elective
10044	Urology	02/22/2020  12:00:00 AM	02/13/2020  12:00:00 AM	Urgent
10045	Neuroradiology	02/22/2020  12:00:00 AM	02/19/2020  12:00:00 AM	Elective
10046	Dental	02/22/2020  12:00:00 AM	02/11/2020  12:00:00 AM	Urgent
10047	Hepatology	02/22/2020  12:00:00 AM	02/09/2020  12:00:00 AM	Urgent
10048	Electroconvulsive Therapy	02/22/2020  12:00:00 AM	02/12/2020  12:00:00 AM	Urgent
10049	Pain	02/22/2020  12:00:00 AM	02/13/2020  12:00:00 AM	Elective
10050	Orthopedics	02/22/2020  12:00:00 AM	02/11/2020  12:00:00 AM	Urgent
10051	Dental	02/22/2020  12:00:00 AM	02/19/2020  12:00:00 AM	Elective
10052	Pain	02/22/2020  12:00:00 AM	02/20/2020  12:00:00 AM	Elective
10053	Ophthalmology	02/22/2020  12:00:00 AM	02/17/2020  12:00:00 AM	Elective
10054	Gynecology	02/22/2020  12:00:00 AM	02/04/2020  12:00:00 AM	Urgent
10055	Thoracic	02/22/2020  12:00:00 AM	02/06/2020  12:00:00 AM	Urgent
10056	Plastics	02/22/2020  12:00:00 AM	02/05/2020  12:00:00 AM	Elective
10057	Thoracic	02/22/2020  12:00:00 AM	02/03/2020  12:00:00 AM	Elective
10058	Pulmonary	02/22/2020  12:00:00 AM	02/07/2020  12:00:00 AM	Urgent
10059	Gynecology	02/22/2020  12:00:00 AM	02/03/2020  12:00:00 AM	Elective
10060	Interventional Radiology	02/22/2020  12:00:00 AM	02/08/2020  12:00:00 AM	Urgent
10061	Orthopedics	02/22/2020  12:00:00 AM	02/07/2020  12:00:00 AM	Elective
10062	Dental	02/22/2020  12:00:00 AM	02/08/2020  12:00:00 AM	Urgent
10063	Pulmonary	02/22/2020  12:00:00 AM	02/19/2020  12:00:00 AM	Urgent
10064	Orthopedics	02/22/2020  12:00:00 AM	02/12/2020  12:00:00 AM	Urgent
10065	Gastroenterology	02/22/2020  12:00:00 AM	02/21/2020  12:00:00 AM	Urgent
10066	Pulmonary	02/22/2020  12:00:00 AM	02/07/2020  12:00:00 AM	Urgent
10067	Interventional Radiology	02/22/2020  12:00:00 AM	02/08/2020  12:00:00 AM	Urgent
10068	Gastroenterology	02/22/2020  12:00:00 AM	02/16/2020  12:00:00 AM	Elective
10069	Vascular	02/22/2020  12:00:00 AM	02/04/2020  12:00:00 AM	Elective
10070	Gynecology	02/22/2020  12:00:00 AM	02/12/2020  12:00:00 AM	Urgent
10071	General	02/22/2020  12:00:00 AM	02/14/2020  12:00:00 AM	Elective
10072	Neurosurgery	02/22/2020  12:00:00 AM	02/09/2020  12:00:00 AM	Urgent
10073	Plastics	02/22/2020  12:00:00 AM	02/10/2020  12:00:00 AM	Urgent
10074	Hepatology	02/22/2020  12:00:00 AM	02/12/2020  12:00:00 AM	Elective
10075	Dental	02/22/2020  12:00:00 AM	02/10/2020  12:00:00 AM	Elective
10076	Interventional Radiology	02/22/2020  12:00:00 AM	02/17/2020  12:00:00 AM	Elective
10077	Pulmonary	02/22/2020  12:00:00 AM	02/11/2020  12:00:00 AM	Urgent
10078	Obstetrics	02/22/2020  12:00:00 AM	02/06/2020  12:00:00 AM	Urgent
10079	Ophthalmology	02/22/2020  12:00:00 AM	02/06/2020  12:00:00 AM	Elective
10080	Thoracic	02/22/2020  12:00:00 AM	02/14/2020  12:00:00 AM	Elective
10081	Plastics	02/22/2020  12:00:00 AM	02/03/2020  12:00:00 AM	Urgent
10082	Pain	02/22/2020  12:00:00 AM	02/10/2020  12:00:00 AM	Urgent
10083	Neuroradiology	02/22/2020  12:00:00 AM	02/08/2020  12:00:00 AM	Elective
10084	Neurosurgery	02/22/2020  12:00:00 AM	02/03/2020  12:00:00 AM	Elective
10085	Pulmonary	02/22/2020  12:00:00 AM	02/08/2020  12:00:00 AM	Elective
10086	Obstetrics	02/22/2020  12:00:00 AM	02/18/2020  12:00:00 AM	Elective
10087	Neurosurgery	02/22/2020  12:00:00 AM	02/19/2020  12:00:00 AM	Elective
10088	Pulmonary	02/22/2020  12:00:00 AM	02/09/2020  12:00:00 AM	Urgent
10089	Pulmonary	02/22/2020  12:00:00 AM	02/07/2020  12:00:00 AM	Urgent
10090	Podiatry	02/22/2020  12:00:00 AM	02/13/2020  12:00:00 AM	Elective
10091	Podiatry	02/22/2020  12:00:00 AM	02/06/2020  12:00:00 AM	Elective
10092	Podiatry	02/22/2020  12:00:00 AM	02/08/2020  12:00:00 AM	Urgent
10093	General	02/22/2020  12:00:00 AM	02/14/2020  12:00:00 AM	Urgent
10094	Podiatry	02/22/2020  12:00:00 AM	02/18/2020  12:00:00 AM	Urgent
10095	Electroconvulsive Therapy	02/22/2020  12:00:00 AM	02/20/2020  12:00:00 AM	Elective
10096	Neurosurgery	02/22/2020  12:00:00 AM	02/08/2020  12:00:00 AM	Urgent
10097	Plastics	02/22/2020  12:00:00 AM	02/14/2020  12:00:00 AM	Elective
10098	Hepatology	02/22/2020  12:00:00 AM	02/13/2020  12:00:00 AM	Elective
10099	Neurosurgery	02/22/2020  12:00:00 AM	02/07/2020  12:00:00 AM	Elective
10100	Electroconvulsive Therapy	02/22/2020  12:00:00 AM	02/18/2020  12:00:00 AM	Urgent
10101	Orthopedics	02/22/2020  12:00:00 AM	02/17/2020  12:00:00 AM	Elective
10102	Neuroradiology	02/22/2020  12:00:00 AM	02/11/2020  12:00:00 AM	Urgent
10103	Plastics	02/22/2020  12:00:00 AM	02/15/2020  12:00:00 AM	Urgent
10104	Electrophysiology	02/22/2020  12:00:00 AM	02/17/2020  12:00:00 AM	Urgent
10105	Neurosurgery	02/22/2020  12:00:00 AM	02/03/2020  12:00:00 AM	Elective
10106	Orthopedics	02/22/2020  12:00:00 AM	02/19/2020  12:00:00 AM	Elective
10107	Thoracic	02/22/2020  12:00:00 AM	02/10/2020  12:00:00 AM	Urgent
10108	Pulmonary	02/22/2020  12:00:00 AM	02/16/2020  12:00:00 AM	Urgent
10109	Obstetrics	02/22/2020  12:00:00 AM	02/16/2020  12:00:00 AM	Elective
10110	Podiatry	02/22/2020  12:00:00 AM	02/13/2020  12:00:00 AM	Urgent
10111	Neurosurgery	02/22/2020  12:00:00 AM	02/09/2020  12:00:00 AM	Elective
10112	General	02/22/2020  12:00:00 AM	02/10/2020  12:00:00 AM	Urgent
10113	Electroconvulsive Therapy	02/22/2020  12:00:00 AM	02/13/2020  12:00:00 AM	Urgent
10114	Pulmonary	02/22/2020  12:00:00 AM	02/11/2020  12:00:00 AM	Urgent
10115	Podiatry	02/22/2020  12:00:00 AM	02/11/2020  12:00:00 AM	Urgent
10116	Neurosurgery	02/22/2020  12:00:00 AM	02/12/2020  12:00:00 AM	Elective
10117	Vascular	02/22/2020  12:00:00 AM	02/20/2020  12:00:00 AM	Elective
10118	Hepatology	02/22/2020  12:00:00 AM	02/12/2020  12:00:00 AM	Urgent
10119	Cardiac	02/22/2020  12:00:00 AM	02/17/2020  12:00:00 AM	Elective
10120	Vascular	02/22/2020  12:00:00 AM	02/14/2020  12:00:00 AM	Urgent
10121	Hepatology	02/22/2020  12:00:00 AM	02/19/2020  12:00:00 AM	Urgent
10122	Dental	02/22/2020  12:00:00 AM	02/15/2020  12:00:00 AM	Urgent
10123	Urology	02/22/2020  12:00:00 AM	02/05/2020  12:00:00 AM	Urgent
10124	Pain	02/22/2020  12:00:00 AM	02/21/2020  12:00:00 AM	Urgent
10125	Pain	02/22/2020  12:00:00 AM	02/18/2020  12:00:00 AM	Elective
10126	Neurosurgery	02/22/2020  12:00:00 AM	02/14/2020  12:00:00 AM	Urgent
10127	Neurosurgery	02/22/2020  12:00:00 AM	02/13/2020  12:00:00 AM	Elective
10128	Neuroradiology	02/22/2020  12:00:00 AM	02/10/2020  12:00:00 AM	Elective
10129	Electrophysiology	02/22/2020  12:00:00 AM	02/10/2020  12:00:00 AM	Urgent
10130	Vascular	02/22/2020  12:00:00 AM	02/20/2020  12:00:00 AM	Elective
10131	Thoracic	02/22/2020  12:00:00 AM	02/09/2020  12:00:00 AM	Urgent
10132	Gastroenterology	02/22/2020  12:00:00 AM	02/07/2020  12:00:00 AM	Urgent
10133	Obstetrics	02/22/2020  12:00:00 AM	02/04/2020  12:00:00 AM	Urgent
10134	Orthopedics	02/22/2020  12:00:00 AM	02/13/2020  12:00:00 AM	Elective
10135	Vascular	02/22/2020  12:00:00 AM	02/11/2020  12:00:00 AM	Elective
10136	Neurosurgery	02/22/2020  12:00:00 AM	02/08/2020  12:00:00 AM	Elective
10137	Gastroenterology	02/22/2020  12:00:00 AM	02/03/2020  12:00:00 AM	Elective
10138	Gynecology	02/22/2020  12:00:00 AM	02/11/2020  12:00:00 AM	Urgent
10139	Pulmonary	02/22/2020  12:00:00 AM	02/11/2020  12:00:00 AM	Urgent
10140	Vascular	02/22/2020  12:00:00 AM	02/07/2020  12:00:00 AM	Urgent
10141	Gynecology	02/22/2020  12:00:00 AM	02/10/2020  12:00:00 AM	Urgent
10142	Neurosurgery	02/22/2020  12:00:00 AM	02/13/2020  12:00:00 AM	Elective
10143	Electrophysiology	02/22/2020  12:00:00 AM	02/06/2020  12:00:00 AM	Urgent
10144	Neurosurgery	02/22/2020  12:00:00 AM	02/17/2020  12:00:00 AM	Elective
10145	Pain	02/22/2020  12:00:00 AM	02/06/2020  12:00:00 AM	Elective
10146	Orthopedics	02/22/2020  12:00:00 AM	02/16/2020  12:00:00 AM	Elective
10147	Plastics	02/22/2020  12:00:00 AM	02/17/2020  12:00:00 AM	Elective
10148	Ophthalmology	02/22/2020  12:00:00 AM	02/08/2020  12:00:00 AM	Elective
10149	Electrophysiology	02/22/2020  12:00:00 AM	02/12/2020  12:00:00 AM	Urgent
10150	Thoracic	02/22/2020  12:00:00 AM	02/14/2020  12:00:00 AM	Urgent
10151	Pulmonary	02/22/2020  12:00:00 AM	02/06/2020  12:00:00 AM	Elective
10152	Dental	02/22/2020  12:00:00 AM	02/10/2020  12:00:00 AM	Elective
10153	Interventional Radiology	02/22/2020  12:00:00 AM	02/14/2020  12:00:00 AM	Elective
10154	Gastroenterology	02/22/2020  12:00:00 AM	02/10/2020  12:00:00 AM	Urgent
10155	Pain	02/22/2020  12:00:00 AM	02/15/2020  12:00:00 AM	Elective
10156	Interventional Radiology	02/22/2020  12:00:00 AM	02/08/2020  12:00:00 AM	Urgent
10157	Pain	02/22/2020  12:00:00 AM	02/19/2020  12:00:00 AM	Urgent
10158	Electrophysiology	02/22/2020  12:00:00 AM	02/20/2020  12:00:00 AM	Urgent
10159	Neuroradiology	02/22/2020  12:00:00 AM	02/19/2020  12:00:00 AM	Urgent
10160	Pain	02/22/2020  12:00:00 AM	02/13/2020  12:00:00 AM	Elective
10161	Urology	02/22/2020  12:00:00 AM	02/18/2020  12:00:00 AM	Urgent
10162	Gastroenterology	02/22/2020  12:00:00 AM	02/04/2020  12:00:00 AM	Elective
10163	Urology	02/22/2020  12:00:00 AM	02/06/2020  12:00:00 AM	Urgent
10164	Urology	02/22/2020  12:00:00 AM	02/09/2020  12:00:00 AM	Urgent
10165	Pain	02/22/2020  12:00:00 AM	02/06/2020  12:00:00 AM	Elective
10166	Cardiac	02/22/2020  12:00:00 AM	02/21/2020  12:00:00 AM	Urgent
10167	Gynecology	02/22/2020  12:00:00 AM	02/10/2020  12:00:00 AM	Elective
10168	Gynecology	02/22/2020  12:00:00 AM	02/05/2020  12:00:00 AM	Elective
10169	Urology	02/22/2020  12:00:00 AM	02/08/2020  12:00:00 AM	Elective
10170	Podiatry	02/22/2020  12:00:00 AM	02/10/2020  12:00:00 AM	Elective
10171	Interventional Radiology	02/22/2020  12:00:00 AM	02/18/2020  12:00:00 AM	Urgent
10172	Plastics	02/22/2020  12:00:00 AM	02/19/2020  12:00:00 AM	Elective
10173	Hepatology	02/22/2020  12:00:00 AM	02/06/2020  12:00:00 AM	Urgent
10174	Urology	02/22/2020  12:00:00 AM	02/04/2020  12:00:00 AM	Elective
10175	Gynecology	02/22/2020  12:00:00 AM	02/08/2020  12:00:00 AM	Elective
10176	Interventional Radiology	02/22/2020  12:00:00 AM	02/12/2020  12:00:00 AM	Urgent
10177	Pain	02/22/2020  12:00:00 AM	02/04/2020  12:00:00 AM	Urgent
10178	Podiatry	02/22/2020  12:00:00 AM	02/07/2020  12:00:00 AM	Elective
10179	Gastroenterology	02/22/2020  12:00:00 AM	02/15/2020  12:00:00 AM	Elective
10180	Vascular	02/22/2020  12:00:00 AM	02/11/2020  12:00:00 AM	Urgent
10181	Electroconvulsive Therapy	02/22/2020  12:00:00 AM	02/05/2020  12:00:00 AM	Elective
10182	Thoracic	02/22/2020  12:00:00 AM	02/07/2020  12:00:00 AM	Urgent
10183	Plastics	02/22/2020  12:00:00 AM	02/07/2020  12:00:00 AM	Elective
10184	Urology	02/22/2020  12:00:00 AM	02/16/2020  12:00:00 AM	Elective
10185	Thoracic	02/22/2020  12:00:00 AM	02/17/2020  12:00:00 AM	Urgent
10186	Gynecology	02/22/2020  12:00:00 AM	02/14/2020  12:00:00 AM	Elective
10187	Electroconvulsive Therapy	02/22/2020  12:00:00 AM	02/09/2020  12:00:00 AM	Urgent
10188	Pulmonary	02/22/2020  12:00:00 AM	02/14/2020  12:00:00 AM	Urgent
10189	Pain	02/22/2020  12:00:00 AM	02/10/2020  12:00:00 AM	Elective
10190	Thoracic	02/22/2020  12:00:00 AM	02/08/2020  12:00:00 AM	Elective
10191	Urology	02/22/2020  12:00:00 AM	02/13/2020  12:00:00 AM	Urgent
10192	Gynecology	02/22/2020  12:00:00 AM	02/19/2020  12:00:00 AM	Urgent
10193	Pulmonary	02/22/2020  12:00:00 AM	02/15/2020  12:00:00 AM	Elective
10194	Electrophysiology	02/22/2020  12:00:00 AM	02/20/2020  12:00:00 AM	Urgent
10195	Electroconvulsive Therapy	02/22/2020  12:00:00 AM	02/20/2020  12:00:00 AM	Elective
10196	Obstetrics	02/22/2020  12:00:00 AM	02/15/2020  12:00:00 AM	Elective
10197	Interventional Radiology	02/22/2020  12:00:00 AM	02/14/2020  12:00:00 AM	Urgent
10198	Electroconvulsive Therapy	02/22/2020  12:00:00 AM	02/14/2020  12:00:00 AM	Elective
10199	General	02/22/2020  12:00:00 AM	02/17/2020  12:00:00 AM	Urgent
10200	Interventional Radiology	02/22/2020  12:00:00 AM	02/18/2020  12:00:00 AM	Urgent
10201	General	02/22/2020  12:00:00 AM	02/14/2020  12:00:00 AM	Urgent
10202	Hepatology	02/22/2020  12:00:00 AM	02/03/2020  12:00:00 AM	Urgent
10203	Neuroradiology	02/22/2020  12:00:00 AM	02/09/2020  12:00:00 AM	Elective
10204	Urology	02/22/2020  12:00:00 AM	02/20/2020  12:00:00 AM	Urgent
10205	Cardiac	02/22/2020  12:00:00 AM	02/05/2020  12:00:00 AM	Urgent
10206	Obstetrics	02/22/2020  12:00:00 AM	02/07/2020  12:00:00 AM	Elective
10207	Interventional Radiology	02/22/2020  12:00:00 AM	02/20/2020  12:00:00 AM	Elective
10208	Plastics	02/22/2020  12:00:00 AM	02/20/2020  12:00:00 AM	Urgent
10209	Podiatry	02/22/2020  12:00:00 AM	02/06/2020  12:00:00 AM	Urgent
10210	Ophthalmology	02/22/2020  12:00:00 AM	02/03/2020  12:00:00 AM	Urgent
10211	Gynecology	02/22/2020  12:00:00 AM	02/11/2020  12:00:00 AM	Elective
10212	Gastroenterology	02/22/2020  12:00:00 AM	02/14/2020  12:00:00 AM	Urgent
10213	Pain	02/22/2020  12:00:00 AM	02/06/2020  12:00:00 AM	Elective
10214	Pulmonary	02/22/2020  12:00:00 AM	02/13/2020  12:00:00 AM	Elective
10215	Thoracic	02/22/2020  12:00:00 AM	02/16/2020  12:00:00 AM	Urgent
10216	Plastics	02/22/2020  12:00:00 AM	02/16/2020  12:00:00 AM	Elective
10217	Interventional Radiology	02/22/2020  12:00:00 AM	02/03/2020  12:00:00 AM	Elective
10218	Neurosurgery	02/22/2020  12:00:00 AM	02/20/2020  12:00:00 AM	Elective
10219	Neurosurgery	02/22/2020  12:00:00 AM	02/12/2020  12:00:00 AM	Elective
10220	Hepatology	02/22/2020  12:00:00 AM	02/18/2020  12:00:00 AM	Elective
10221	Podiatry	02/22/2020  12:00:00 AM	02/11/2020  12:00:00 AM	Urgent
10222	General	02/22/2020  12:00:00 AM	02/03/2020  12:00:00 AM	Elective
10223	Gastroenterology	02/22/2020  12:00:00 AM	02/09/2020  12:00:00 AM	Elective
10224	Pain	02/22/2020  12:00:00 AM	02/21/2020  12:00:00 AM	Urgent
10225	Podiatry	02/22/2020  12:00:00 AM	02/21/2020  12:00:00 AM	Elective
10226	Pulmonary	02/22/2020  12:00:00 AM	02/07/2020  12:00:00 AM	Elective
10227	Ophthalmology	02/22/2020  12:00:00 AM	02/09/2020  12:00:00 AM	Elective
10228	Cardiac	02/22/2020  12:00:00 AM	02/04/2020  12:00:00 AM	Elective
10229	Thoracic	02/22/2020  12:00:00 AM	02/21/2020  12:00:00 AM	Elective
10230	Hepatology	02/22/2020  12:00:00 AM	02/06/2020  12:00:00 AM	Urgent
10231	Dental	02/22/2020  12:00:00 AM	02/21/2020  12:00:00 AM	Elective
10232	Cardiac	02/22/2020  12:00:00 AM	02/03/2020  12:00:00 AM	Urgent
10233	Podiatry	02/22/2020  12:00:00 AM	02/10/2020  12:00:00 AM	Elective
10234	Pain	02/22/2020  12:00:00 AM	02/11/2020  12:00:00 AM	Urgent
10235	Orthopedics	02/22/2020  12:00:00 AM	02/16/2020  12:00:00 AM	Elective
10236	Urology	02/22/2020  12:00:00 AM	02/20/2020  12:00:00 AM	Elective
10237	Cardiac	02/22/2020  12:00:00 AM	02/15/2020  12:00:00 AM	Urgent
10238	Obstetrics	02/22/2020  12:00:00 AM	02/06/2020  12:00:00 AM	Urgent
10239	General	02/22/2020  12:00:00 AM	02/08/2020  12:00:00 AM	Elective
10240	Podiatry	02/22/2020  12:00:00 AM	02/06/2020  12:00:00 AM	Elective
10241	Cardiac	02/22/2020  12:00:00 AM	02/07/2020  12:00:00 AM	Elective
10242	Vascular	02/22/2020  12:00:00 AM	02/16/2020  12:00:00 AM	Urgent
10243	Orthopedics	02/22/2020  12:00:00 AM	02/09/2020  12:00:00 AM	Urgent
10244	Cardiac	02/22/2020  12:00:00 AM	02/06/2020  12:00:00 AM	Elective
10245	Hepatology	02/22/2020  12:00:00 AM	02/04/2020  12:00:00 AM	Elective
10246	Dental	02/22/2020  12:00:00 AM	02/07/2020  12:00:00 AM	Urgent
10247	Vascular	02/22/2020  12:00:00 AM	02/12/2020  12:00:00 AM	Elective
10248	Gastroenterology	02/22/2020  12:00:00 AM	02/12/2020  12:00:00 AM	Elective
10249	Obstetrics	02/22/2020  12:00:00 AM	02/16/2020  12:00:00 AM	Urgent
10250	Cardiac	02/22/2020  12:00:00 AM	02/18/2020  12:00:00 AM	Elective
10251	Gynecology	02/22/2020  12:00:00 AM	02/09/2020  12:00:00 AM	Elective
10252	Vascular	02/22/2020  12:00:00 AM	02/09/2020  12:00:00 AM	Elective
10253	General	02/22/2020  12:00:00 AM	02/11/2020  12:00:00 AM	Urgent
10254	Pain	02/22/2020  12:00:00 AM	02/17/2020  12:00:00 AM	Urgent
10255	Neurosurgery	02/22/2020  12:00:00 AM	02/11/2020  12:00:00 AM	Urgent
10256	Electroconvulsive Therapy	02/22/2020  12:00:00 AM	02/16/2020  12:00:00 AM	Urgent
10257	Electrophysiology	02/22/2020  12:00:00 AM	02/05/2020  12:00:00 AM	Elective
10258	Plastics	02/22/2020  12:00:00 AM	02/15/2020  12:00:00 AM	Urgent
10259	Podiatry	02/22/2020  12:00:00 AM	02/14/2020  12:00:00 AM	Elective
10260	Dental	02/22/2020  12:00:00 AM	02/03/2020  12:00:00 AM	Urgent
10261	Cardiac	02/22/2020  12:00:00 AM	02/16/2020  12:00:00 AM	Elective
10262	General	02/22/2020  12:00:00 AM	02/21/2020  12:00:00 AM	Urgent
10263	Orthopedics	02/22/2020  12:00:00 AM	02/18/2020  12:00:00 AM	Urgent
10264	Electroconvulsive Therapy	02/22/2020  12:00:00 AM	02/03/2020  12:00:00 AM	Urgent
10265	Gynecology	02/22/2020  12:00:00 AM	02/18/2020  12:00:00 AM	Elective
10266	Pain	02/22/2020  12:00:00 AM	02/03/2020  12:00:00 AM	Urgent
10267	Urology	02/22/2020  12:00:00 AM	02/11/2020  12:00:00 AM	Elective
10268	Neurosurgery	02/22/2020  12:00:00 AM	02/17/2020  12:00:00 AM	Urgent
10269	Gynecology	02/22/2020  12:00:00 AM	02/19/2020  12:00:00 AM	Elective
10270	Obstetrics	02/22/2020  12:00:00 AM	02/17/2020  12:00:00 AM	Elective
10271	Cardiac	02/22/2020  12:00:00 AM	02/09/2020  12:00:00 AM	Elective
10272	Vascular	02/22/2020  12:00:00 AM	02/03/2020  12:00:00 AM	Elective
10273	Hepatology	02/22/2020  12:00:00 AM	02/13/2020  12:00:00 AM	Urgent
10274	Neuroradiology	02/22/2020  12:00:00 AM	02/03/2020  12:00:00 AM	Urgent
10275	Gynecology	02/22/2020  12:00:00 AM	02/03/2020  12:00:00 AM	Elective
10276	Urology	02/22/2020  12:00:00 AM	02/09/2020  12:00:00 AM	Urgent
10277	Urology	02/22/2020  12:00:00 AM	02/12/2020  12:00:00 AM	Elective
10278	Dental	02/22/2020  12:00:00 AM	02/16/2020  12:00:00 AM	Urgent
10279	Ophthalmology	02/22/2020  12:00:00 AM	02/05/2020  12:00:00 AM	Urgent
10280	Neuroradiology	02/22/2020  12:00:00 AM	02/18/2020  12:00:00 AM	Urgent
10281	Obstetrics	02/22/2020  12:00:00 AM	02/05/2020  12:00:00 AM	Urgent
10282	General	02/22/2020  12:00:00 AM	02/03/2020  12:00:00 AM	Urgent
10283	Ophthalmology	02/22/2020  12:00:00 AM	02/16/2020  12:00:00 AM	Urgent
10284	Thoracic	02/22/2020  12:00:00 AM	02/09/2020  12:00:00 AM	Elective
10285	Gastroenterology	02/22/2020  12:00:00 AM	02/17/2020  12:00:00 AM	Urgent
10286	Hepatology	02/22/2020  12:00:00 AM	02/11/2020  12:00:00 AM	Elective
10287	General	02/22/2020  12:00:00 AM	02/08/2020  12:00:00 AM	Elective
10288	Electrophysiology	02/22/2020  12:00:00 AM	02/08/2020  12:00:00 AM	Urgent
10289	Plastics	02/22/2020  12:00:00 AM	02/05/2020  12:00:00 AM	Elective
10290	Neuroradiology	02/22/2020  12:00:00 AM	02/05/2020  12:00:00 AM	Urgent
10291	Dental	02/22/2020  12:00:00 AM	02/12/2020  12:00:00 AM	Urgent
10292	Electroconvulsive Therapy	02/22/2020  12:00:00 AM	02/21/2020  12:00:00 AM	Urgent
10293	Pulmonary	02/22/2020  12:00:00 AM	02/20/2020  12:00:00 AM	Elective
10294	Pulmonary	02/22/2020  12:00:00 AM	02/19/2020  12:00:00 AM	Elective
10295	Electrophysiology	02/22/2020  12:00:00 AM	02/12/2020  12:00:00 AM	Urgent
10296	Ophthalmology	02/22/2020  12:00:00 AM	02/21/2020  12:00:00 AM	Elective
10297	Electroconvulsive Therapy	02/22/2020  12:00:00 AM	02/11/2020  12:00:00 AM	Urgent
10298	Podiatry	02/22/2020  12:00:00 AM	02/10/2020  12:00:00 AM	Elective
10299	Obstetrics	02/22/2020  12:00:00 AM	02/05/2020  12:00:00 AM	Urgent
10300	Neurosurgery	02/22/2020  12:00:00 AM	02/20/2020  12:00:00 AM	Urgent
10301	Obstetrics	02/22/2020  12:00:00 AM	02/03/2020  12:00:00 AM	Elective
10302	Neurosurgery	02/22/2020  12:00:00 AM	02/03/2020  12:00:00 AM	Urgent
10303	Gastroenterology	02/22/2020  12:00:00 AM	02/19/2020  12:00:00 AM	Elective
10304	Electrophysiology	02/22/2020  12:00:00 AM	02/14/2020  12:00:00 AM	Elective
10305	Orthopedics	02/22/2020  12:00:00 AM	02/03/2020  12:00:00 AM	Elective
10306	Thoracic	02/22/2020  12:00:00 AM	02/20/2020  12:00:00 AM	Elective
10307	Neurosurgery	02/22/2020  12:00:00 AM	02/19/2020  12:00:00 AM	Elective
10308	Gastroenterology	02/22/2020  12:00:00 AM	02/11/2020  12:00:00 AM	Urgent
10309	Interventional Radiology	02/22/2020  12:00:00 AM	02/14/2020  12:00:00 AM	Urgent
10310	Orthopedics	02/22/2020  12:00:00 AM	02/15/2020  12:00:00 AM	Elective
10311	Hepatology	02/22/2020  12:00:00 AM	02/07/2020  12:00:00 AM	Elective
10312	Pain	02/22/2020  12:00:00 AM	02/20/2020  12:00:00 AM	Elective
10313	Thoracic	02/22/2020  12:00:00 AM	02/12/2020  12:00:00 AM	Elective
10314	Hepatology	02/22/2020  12:00:00 AM	02/12/2020  12:00:00 AM	Elective
10315	Plastics	02/22/2020  12:00:00 AM	02/10/2020  12:00:00 AM	Urgent
10316	Obstetrics	02/22/2020  12:00:00 AM	02/15/2020  12:00:00 AM	Urgent
10317	Hepatology	02/22/2020  12:00:00 AM	02/18/2020  12:00:00 AM	Elective
10318	Vascular	02/22/2020  12:00:00 AM	02/13/2020  12:00:00 AM	Elective
10319	Neuroradiology	02/22/2020  12:00:00 AM	02/21/2020  12:00:00 AM	Urgent
10320	Dental	02/22/2020  12:00:00 AM	02/18/2020  12:00:00 AM	Urgent
10321	Urology	02/22/2020  12:00:00 AM	02/20/2020  12:00:00 AM	Urgent
10322	Neuroradiology	02/22/2020  12:00:00 AM	02/21/2020  12:00:00 AM	Urgent
10323	Gynecology	02/22/2020  12:00:00 AM	02/08/2020  12:00:00 AM	Elective
10324	Pulmonary	02/22/2020  12:00:00 AM	02/13/2020  12:00:00 AM	Urgent
10325	Podiatry	02/22/2020  12:00:00 AM	02/05/2020  12:00:00 AM	Elective
10326	Urology	02/22/2020  12:00:00 AM	02/07/2020  12:00:00 AM	Elective
10327	Plastics	02/22/2020  12:00:00 AM	02/13/2020  12:00:00 AM	Urgent
10328	Gynecology	02/22/2020  12:00:00 AM	02/12/2020  12:00:00 AM	Urgent
10329	Neuroradiology	02/22/2020  12:00:00 AM	02/14/2020  12:00:00 AM	Elective
10330	Neurosurgery	02/22/2020  12:00:00 AM	02/14/2020  12:00:00 AM	Urgent
10331	Podiatry	02/22/2020  12:00:00 AM	02/13/2020  12:00:00 AM	Urgent
10332	Vascular	02/22/2020  12:00:00 AM	02/19/2020  12:00:00 AM	Elective
10333	Ophthalmology	02/22/2020  12:00:00 AM	02/13/2020  12:00:00 AM	Urgent
10334	Gynecology	02/22/2020  12:00:00 AM	02/18/2020  12:00:00 AM	Elective
10335	Orthopedics	02/22/2020  12:00:00 AM	02/08/2020  12:00:00 AM	Elective
10336	Podiatry	02/22/2020  12:00:00 AM	02/21/2020  12:00:00 AM	Urgent
10337	Urology	02/22/2020  12:00:00 AM	02/12/2020  12:00:00 AM	Elective
10338	Ophthalmology	02/22/2020  12:00:00 AM	02/11/2020  12:00:00 AM	Elective
10339	Electroconvulsive Therapy	02/22/2020  12:00:00 AM	02/08/2020  12:00:00 AM	Elective
10340	Neuroradiology	02/22/2020  12:00:00 AM	02/16/2020  12:00:00 AM	Elective
10341	Electroconvulsive Therapy	02/22/2020  12:00:00 AM	02/03/2020  12:00:00 AM	Elective
10342	Gynecology	02/22/2020  12:00:00 AM	02/10/2020  12:00:00 AM	Elective
10343	Thoracic	02/22/2020  12:00:00 AM	02/13/2020  12:00:00 AM	Urgent
10344	Orthopedics	02/22/2020  12:00:00 AM	02/17/2020  12:00:00 AM	Elective
10345	Urology	02/22/2020  12:00:00 AM	02/12/2020  12:00:00 AM	Urgent
10346	Hepatology	02/22/2020  12:00:00 AM	02/08/2020  12:00:00 AM	Urgent
10347	Hepatology	02/22/2020  12:00:00 AM	02/06/2020  12:00:00 AM	Urgent
10348	Pulmonary	02/22/2020  12:00:00 AM	02/03/2020  12:00:00 AM	Urgent
10349	Hepatology	02/22/2020  12:00:00 AM	02/17/2020  12:00:00 AM	Elective
10350	Gastroenterology	02/22/2020  12:00:00 AM	02/10/2020  12:00:00 AM	Elective
10351	Orthopedics	02/22/2020  12:00:00 AM	02/16/2020  12:00:00 AM	Urgent
10352	Gynecology	02/22/2020  12:00:00 AM	02/10/2020  12:00:00 AM	Elective
10353	Plastics	02/22/2020  12:00:00 AM	02/19/2020  12:00:00 AM	Urgent
10354	Electroconvulsive Therapy	02/22/2020  12:00:00 AM	02/19/2020  12:00:00 AM	Elective
10355	General	02/22/2020  12:00:00 AM	02/20/2020  12:00:00 AM	Urgent
10356	Orthopedics	02/22/2020  12:00:00 AM	02/15/2020  12:00:00 AM	Urgent
10357	Electrophysiology	02/22/2020  12:00:00 AM	02/14/2020  12:00:00 AM	Elective
10358	Pulmonary	02/22/2020  12:00:00 AM	02/17/2020  12:00:00 AM	Elective
10359	Pulmonary	02/22/2020  12:00:00 AM	02/06/2020  12:00:00 AM	Urgent
10360	Neurosurgery	02/22/2020  12:00:00 AM	02/05/2020  12:00:00 AM	Elective
10361	Obstetrics	02/22/2020  12:00:00 AM	02/20/2020  12:00:00 AM	Elective
10362	Ophthalmology	02/22/2020  12:00:00 AM	02/10/2020  12:00:00 AM	Elective
10363	Ophthalmology	02/22/2020  12:00:00 AM	02/09/2020  12:00:00 AM	Elective
10364	General	02/22/2020  12:00:00 AM	02/12/2020  12:00:00 AM	Elective
10365	Podiatry	02/22/2020  12:00:00 AM	02/14/2020  12:00:00 AM	Urgent
10366	Neuroradiology	02/22/2020  12:00:00 AM	02/13/2020  12:00:00 AM	Urgent
10367	Dental	02/22/2020  12:00:00 AM	02/09/2020  12:00:00 AM	Urgent
10368	Plastics	02/22/2020  12:00:00 AM	02/21/2020  12:00:00 AM	Elective
10369	General	02/22/2020  12:00:00 AM	02/11/2020  12:00:00 AM	Elective
10370	Neurosurgery	02/22/2020  12:00:00 AM	02/10/2020  12:00:00 AM	Elective
10371	Neurosurgery	02/22/2020  12:00:00 AM	02/20/2020  12:00:00 AM	Urgent
10372	Obstetrics	02/22/2020  12:00:00 AM	02/14/2020  12:00:00 AM	Elective
10373	Neurosurgery	02/22/2020  12:00:00 AM	02/05/2020  12:00:00 AM	Urgent
10374	Cardiac	02/22/2020  12:00:00 AM	02/12/2020  12:00:00 AM	Elective
10375	Obstetrics	02/22/2020  12:00:00 AM	02/09/2020  12:00:00 AM	Urgent
10376	General	02/22/2020  12:00:00 AM	02/12/2020  12:00:00 AM	Urgent
10377	Vascular	02/22/2020  12:00:00 AM	02/21/2020  12:00:00 AM	Urgent
10378	Obstetrics	02/22/2020  12:00:00 AM	02/10/2020  12:00:00 AM	Urgent
10379	Obstetrics	02/22/2020  12:00:00 AM	02/12/2020  12:00:00 AM	Urgent
10380	Thoracic	02/22/2020  12:00:00 AM	02/16/2020  12:00:00 AM	Elective
10381	Pain	02/22/2020  12:00:00 AM	02/13/2020  12:00:00 AM	Elective
10382	Interventional Radiology	02/22/2020  12:00:00 AM	02/18/2020  12:00:00 AM	Elective
10383	Orthopedics	02/22/2020  12:00:00 AM	02/16/2020  12:00:00 AM	Urgent
10384	Urology	02/22/2020  12:00:00 AM	02/21/2020  12:00:00 AM	Urgent
10385	Ophthalmology	02/22/2020  12:00:00 AM	02/03/2020  12:00:00 AM	Urgent
10386	Interventional Radiology	02/22/2020  12:00:00 AM	02/20/2020  12:00:00 AM	Urgent
10387	Gastroenterology	02/22/2020  12:00:00 AM	02/06/2020  12:00:00 AM	Urgent
10388	Podiatry	02/22/2020  12:00:00 AM	02/15/2020  12:00:00 AM	Urgent
10389	Pain	02/22/2020  12:00:00 AM	02/05/2020  12:00:00 AM	Elective
10390	Electrophysiology	02/22/2020  12:00:00 AM	02/08/2020  12:00:00 AM	Urgent
10391	Vascular	02/22/2020  12:00:00 AM	02/19/2020  12:00:00 AM	Elective
10392	Hepatology	02/22/2020  12:00:00 AM	02/04/2020  12:00:00 AM	Elective
10393	Dental	02/22/2020  12:00:00 AM	02/15/2020  12:00:00 AM	Urgent
10394	Gastroenterology	02/22/2020  12:00:00 AM	02/15/2020  12:00:00 AM	Urgent
10395	Podiatry	02/22/2020  12:00:00 AM	02/10/2020  12:00:00 AM	Urgent
10396	Gastroenterology	02/22/2020  12:00:00 AM	02/14/2020  12:00:00 AM	Urgent
10397	Pulmonary	02/22/2020  12:00:00 AM	02/03/2020  12:00:00 AM	Elective
10398	Hepatology	02/22/2020  12:00:00 AM	02/21/2020  12:00:00 AM	Urgent
10399	Hepatology	02/22/2020  12:00:00 AM	02/04/2020  12:00:00 AM	Urgent
10400	Obstetrics	02/22/2020  12:00:00 AM	02/21/2020  12:00:00 AM	Urgent
10401	Ophthalmology	02/22/2020  12:00:00 AM	02/10/2020  12:00:00 AM	Elective
10402	Thoracic	02/22/2020  12:00:00 AM	02/12/2020  12:00:00 AM	Urgent
10403	Plastics	02/22/2020  12:00:00 AM	02/15/2020  12:00:00 AM	Elective
10404	Cardiac	02/22/2020  12:00:00 AM	02/19/2020  12:00:00 AM	Elective
10405	Urology	02/22/2020  12:00:00 AM	02/17/2020  12:00:00 AM	Elective
10406	Pulmonary	02/22/2020  12:00:00 AM	02/13/2020  12:00:00 AM	Urgent
10407	Orthopedics	02/22/2020  12:00:00 AM	02/21/2020  12:00:00 AM	Urgent
10408	Dental	02/22/2020  12:00:00 AM	02/21/2020  12:00:00 AM	Urgent
10409	Urology	02/22/2020  12:00:00 AM	02/13/2020  12:00:00 AM	Urgent
10410	General	02/22/2020  12:00:00 AM	02/05/2020  12:00:00 AM	Elective
10411	Electrophysiology	02/22/2020  12:00:00 AM	02/10/2020  12:00:00 AM	Elective
10412	Gynecology	02/22/2020  12:00:00 AM	02/21/2020  12:00:00 AM	Elective
10413	Obstetrics	02/22/2020  12:00:00 AM	02/15/2020  12:00:00 AM	Elective
10414	Neuroradiology	02/22/2020  12:00:00 AM	02/12/2020  12:00:00 AM	Urgent
