LOG_ID	OR_SERVICE	SURGERY_DATE	FIRST_SCHED_DATE	CASE_CLASS
10001	Gynecology	06/08/2020  12:00:00 AM	05/24/2020  12:00:00 AM	Elective
10002	Plastics	06/08/2020  12:00:00 AM	06/01/2020  12:00:00 AM	Elective
10003	Dental	06/08/2020  12:00:00 AM	05/24/2020  12:00:00 AM	Urgent
10004	Electrophysiology	06/08/2020  12:00:00 AM	05/27/2020  12:00:00 AM	Elective
10005	Dental	06/08/2020  12:00:00 AM	05/30/2020  12:00:00 AM	Elective
10006	Urology	06/08/2020  12:00:00 AM	06/02/2020  12:00:00 AM	Urgent
10007	Urology	06/08/2020  12:00:00 AM	06/03/2020  12:00:00 AM	Urgent
10008	General	06/08/2020  12:00:00 AM	05/26/2020  12:00:00 AM	Elective
10009	Hepatology	06/08/2020  12:00:00 AM	06/05/2020  12:00:00 AM	Urgent
10010	Urology	06/08/2020  12:00:00 AM	06/03/2020  12:00:00 AM	Urgent
10011	Plastics	06/08/2020  12:00:00 AM	05/21/2020  12:00:00 AM	Elective
10012	Thoracic	06/08/2020  12:00:00 AM	06/04/2020  12:00:00 AM	Elective
10013	Cardiac	06/08/2020  12:00:00 AM	05/21/2020  12:00:00 AM	Elective
10014	Orthopedics	06/08/2020  12:00:00 AM	05/25/2020  12:00:00 AM	Elective
10015	Plastics	06/08/2020  12:00:00 AM	05/29/2020  12:00:00 AM	Elective
10016	Hepatology	06/08/2020  12:00:00 AM	05/28/2020  12:00:00 AM	Urgent
10017	Electroconvulsive Therapy	06/08/2020  12:00:00 AM	05/28/2020  12:00:00 AM	Urgent
10018	Neuroradiology	06/08/2020  12:00:00 AM	06/02/2020  12:00:00 AM	Urgent
10019	Neurosurgery	06/08/2020  12:00:00 AM	06/07/2020  12:00:00 AM	Urgent
10020	Electrophysiology	06/08/2020  12:00:00 AM	05/20/2020  12:00:00 AM	Urgent
10021	General	06/08/2020  12:00:00 AM	05/20/2020  12:00:00 AM	Elective
10022	Hepatology	06/08/2020  12:00:00 AM	06/01/2020  12:00:00 AM	Elective
10023	Electrophysiology	06/08/2020  12:00:00 AM	05/20/2020  12:00:00 AM	Urgent
10024	Cardiac	06/08/2020  12:00:00 AM	06/04/2020  12:00:00 AM	Elective
10025	Orthopedics	06/08/2020  12:00:00 AM	05/20/2020  12:00:00 AM	Urgent
10026	Obstetrics	06/08/2020  12:00:00 AM	05/31/2020  12:00:00 AM	Elective
10027	Plastics	06/08/2020  12:00:00 AM	05/25/2020  12:00:00 AM	Elective
10028	Hepatology	06/08/2020  12:00:00 AM	06/04/2020  12:00:00 AM	Elective
10029	Electroconvulsive Therapy	06/08/2020  12:00:00 AM	05/20/2020  12:00:00 AM	Elective
10030	Orthopedics	06/08/2020  12:00:00 AM	05/20/2020  12:00:00 AM	Urgent
10031	Electroconvulsive Therapy	06/08/2020  12:00:00 AM	06/07/2020  12:00:00 AM	Elective
10032	Pulmonary	06/08/2020  12:00:00 AM	05/20/2020  12:00:00 AM	Elective
10033	General	06/08/2020  12:00:00 AM	06/04/2020  12:00:00 AM	Elective
10034	Dental	06/08/2020  12:00:00 AM	05/30/2020  12:00:00 AM	Elective
10035	Thoracic	06/08/2020  12:00:00 AM	05/31/2020  12:00:00 AM	Urgent
10036	Plastics	06/08/2020  12:00:00 AM	05/28/2020  12:00:00 AM	Elective
10037	Plastics	06/08/2020  12:00:00 AM	05/27/2020  12:00:00 AM	Elective
10038	Plastics	06/08/2020  12:00:00 AM	05/27/2020  12:00:00 AM	Elective
10039	Urology	06/08/2020  12:00:00 AM	06/04/2020  12:00:00 AM	Elective
10040	General	06/08/2020  12:00:00 AM	05/26/2020  12:00:00 AM	Urgent
10041	Podiatry	06/08/2020  12:00:00 AM	05/27/2020  12:00:00 AM	Elective
10042	Neuroradiology	06/08/2020  12:00:00 AM	05/27/2020  12:00:00 AM	Urgent
10043	Neuroradiology	06/08/2020  12:00:00 AM	06/06/2020  12:00:00 AM	Elective
10044	Dental	06/08/2020  12:00:00 AM	05/20/2020  12:00:00 AM	Urgent
10045	Dental	06/08/2020  12:00:00 AM	05/21/2020  12:00:00 AM	Elective
10046	Gynecology	06/08/2020  12:00:00 AM	05/31/2020  12:00:00 AM	Elective
10047	Cardiac	06/08/2020  12:00:00 AM	05/24/2020  12:00:00 AM	Urgent
10048	Thoracic	06/08/2020  12:00:00 AM	06/04/2020  12:00:00 AM	Elective
10049	Electrophysiology	06/08/2020  12:00:00 AM	05/28/2020  12:00:00 AM	Urgent
10050	Neuroradiology	06/08/2020  12:00:00 AM	05/26/2020  12:00:00 AM	Elective
10051	Plastics	06/08/2020  12:00:00 AM	06/01/2020  12:00:00 AM	Urgent
10052	General	06/08/2020  12:00:00 AM	05/21/2020  12:00:00 AM	Elective
10053	Pulmonary	06/08/2020  12:00:00 AM	06/03/2020  12:00:00 AM	Elective
10054	Cardiac	06/08/2020  12:00:00 AM	05/21/2020  12:00:00 AM	Elective
10055	Urology	06/08/2020  12:00:00 AM	05/27/2020  12:00:00 AM	Elective
10056	Pain	06/08/2020  12:00:00 AM	06/05/2020  12:00:00 AM	Elective
10057	Thoracic	06/08/2020  12:00:00 AM	06/07/2020  12:00:00 AM	Elective
10058	Pulmonary	06/08/2020  12:00:00 AM	05/20/2020  12:00:00 AM	Elective
10059	Orthopedics	06/08/2020  12:00:00 AM	05/28/2020  12:00:00 AM	Elective
10060	Electrophysiology	06/08/2020  12:00:00 AM	06/05/2020  12:00:00 AM	Urgent
10061	Gynecology	06/08/2020  12:00:00 AM	05/31/2020  12:00:00 AM	Urgent
10062	Ophthalmology	06/08/2020  12:00:00 AM	05/28/2020  12:00:00 AM	Elective
10063	Pain	06/08/2020  12:00:00 AM	05/31/2020  12:00:00 AM	Elective
10064	Interventional Radiology	06/08/2020  12:00:00 AM	05/29/2020  12:00:00 AM	Urgent
10065	Electrophysiology	06/08/2020  12:00:00 AM	05/25/2020  12:00:00 AM	Elective
10066	General	06/08/2020  12:00:00 AM	05/20/2020  12:00:00 AM	Elective
10067	Interventional Radiology	06/08/2020  12:00:00 AM	05/26/2020  12:00:00 AM	Urgent
10068	Gastroenterology	06/08/2020  12:00:00 AM	05/22/2020  12:00:00 AM	Urgent
10069	Cardiac	06/08/2020  12:00:00 AM	05/22/2020  12:00:00 AM	Elective
10070	Podiatry	06/08/2020  12:00:00 AM	06/02/2020  12:00:00 AM	Elective
10071	Orthopedics	06/08/2020  12:00:00 AM	05/21/2020  12:00:00 AM	Urgent
10072	Cardiac	06/08/2020  12:00:00 AM	05/30/2020  12:00:00 AM	Elective
10073	Interventional Radiology	06/08/2020  12:00:00 AM	06/04/2020  12:00:00 AM	Elective
10074	Vascular	06/08/2020  12:00:00 AM	05/30/2020  12:00:00 AM	Urgent
10075	Pain	06/08/2020  12:00:00 AM	06/07/2020  12:00:00 AM	Elective
10076	Pulmonary	06/08/2020  12:00:00 AM	06/06/2020  12:00:00 AM	Urgent
10077	Neuroradiology	06/08/2020  12:00:00 AM	05/30/2020  12:00:00 AM	Elective
10078	Ophthalmology	06/08/2020  12:00:00 AM	06/07/2020  12:00:00 AM	Elective
10079	Neuroradiology	06/08/2020  12:00:00 AM	05/20/2020  12:00:00 AM	Urgent
10080	Neurosurgery	06/08/2020  12:00:00 AM	05/20/2020  12:00:00 AM	Urgent
10081	Plastics	06/08/2020  12:00:00 AM	05/29/2020  12:00:00 AM	Elective
10082	Pulmonary	06/08/2020  12:00:00 AM	06/06/2020  12:00:00 AM	Urgent
10083	Podiatry	06/08/2020  12:00:00 AM	05/25/2020  12:00:00 AM	Urgent
10084	Electrophysiology	06/08/2020  12:00:00 AM	05/20/2020  12:00:00 AM	Urgent
10085	Pain	06/08/2020  12:00:00 AM	05/28/2020  12:00:00 AM	Urgent
10086	Electrophysiology	06/08/2020  12:00:00 AM	05/23/2020  12:00:00 AM	Elective
10087	Gastroenterology	06/08/2020  12:00:00 AM	05/21/2020  12:00:00 AM	Elective
10088	Dental	06/08/2020  12:00:00 AM	05/22/2020  12:00:00 AM	Elective
10089	Interventional Radiology	06/08/2020  12:00:00 AM	05/27/2020  12:00:00 AM	Elective
10090	Interventional Radiology	06/08/2020  12:00:00 AM	05/22/2020  12:00:00 AM	Elective
10091	Pulmonary	06/08/2020  12:00:00 AM	06/04/2020  12:00:00 AM	Urgent
10092	Dental	06/08/2020  12:00:00 AM	06/04/2020  12:00:00 AM	Elective
10093	Electrophysiology	06/08/2020  12:00:00 AM	05/23/2020  12:00:00 AM	Elective
10094	Pain	06/08/2020  12:00:00 AM	05/31/2020  12:00:00 AM	Urgent
10095	Plastics	06/08/2020  12:00:00 AM	06/06/2020  12:00:00 AM	Elective
10096	Plastics	06/08/2020  12:00:00 AM	06/02/2020  12:00:00 AM	Urgent
10097	Interventional Radiology	06/08/2020  12:00:00 AM	05/25/2020  12:00:00 AM	Urgent
10098	Electrophysiology	06/08/2020  12:00:00 AM	05/24/2020  12:00:00 AM	Urgent
10099	Pain	06/08/2020  12:00:00 AM	06/01/2020  12:00:00 AM	Urgent
10100	Ophthalmology	06/08/2020  12:00:00 AM	06/06/2020  12:00:00 AM	Urgent
10101	Electroconvulsive Therapy	06/08/2020  12:00:00 AM	05/29/2020  12:00:00 AM	Elective
10102	Ophthalmology	06/08/2020  12:00:00 AM	06/06/2020  12:00:00 AM	Urgent
10103	Cardiac	06/08/2020  12:00:00 AM	06/06/2020  12:00:00 AM	Elective
10104	Podiatry	06/08/2020  12:00:00 AM	05/25/2020  12:00:00 AM	Elective
10105	Pulmonary	06/08/2020  12:00:00 AM	05/30/2020  12:00:00 AM	Urgent
10106	Gastroenterology	06/08/2020  12:00:00 AM	06/01/2020  12:00:00 AM	Elective
10107	Gastroenterology	06/08/2020  12:00:00 AM	06/02/2020  12:00:00 AM	Urgent
10108	Hepatology	06/08/2020  12:00:00 AM	06/05/2020  12:00:00 AM	Elective
10109	Obstetrics	06/08/2020  12:00:00 AM	05/30/2020  12:00:00 AM	Urgent
10110	Neuroradiology	06/08/2020  12:00:00 AM	06/07/2020  12:00:00 AM	Urgent
10111	Electrophysiology	06/08/2020  12:00:00 AM	05/29/2020  12:00:00 AM	Urgent
10112	General	06/08/2020  12:00:00 AM	06/02/2020  12:00:00 AM	Elective
10113	Dental	06/08/2020  12:00:00 AM	05/23/2020  12:00:00 AM	Elective
10114	Cardiac	06/08/2020  12:00:00 AM	06/02/2020  12:00:00 AM	Elective
10115	Pain	06/08/2020  12:00:00 AM	06/02/2020  12:00:00 AM	Elective
10116	Gynecology	06/08/2020  12:00:00 AM	06/03/2020  12:00:00 AM	Urgent
10117	Obstetrics	06/08/2020  12:00:00 AM	05/22/2020  12:00:00 AM	Urgent
10118	Electrophysiology	06/08/2020  12:00:00 AM	05/29/2020  12:00:00 AM	Urgent
10119	Gynecology	06/08/2020  12:00:00 AM	05/28/2020  12:00:00 AM	Elective
10120	Dental	06/08/2020  12:00:00 AM	05/21/2020  12:00:00 AM	Urgent
10121	Pain	06/08/2020  12:00:00 AM	06/07/2020  12:00:00 AM	Elective
10122	Gynecology	06/08/2020  12:00:00 AM	05/31/2020  12:00:00 AM	Urgent
10123	Neuroradiology	06/08/2020  12:00:00 AM	05/25/2020  12:00:00 AM	Elective
10124	Podiatry	06/08/2020  12:00:00 AM	05/29/2020  12:00:00 AM	Urgent
10125	Electroconvulsive Therapy	06/08/2020  12:00:00 AM	05/23/2020  12:00:00 AM	Urgent
10126	Neuroradiology	06/08/2020  12:00:00 AM	06/03/2020  12:00:00 AM	Elective
10127	Thoracic	06/08/2020  12:00:00 AM	05/25/2020  12:00:00 AM	Urgent
10128	Gynecology	06/08/2020  12:00:00 AM	06/03/2020  12:00:00 AM	Elective
10129	Pulmonary	06/08/2020  12:00:00 AM	05/27/2020  12:00:00 AM	Elective
10130	Electroconvulsive Therapy	06/08/2020  12:00:00 AM	06/07/2020  12:00:00 AM	Urgent
10131	General	06/08/2020  12:00:00 AM	06/07/2020  12:00:00 AM	Urgent
10132	Neuroradiology	06/08/2020  12:00:00 AM	05/27/2020  12:00:00 AM	Elective
10133	Podiatry	06/08/2020  12:00:00 AM	05/24/2020  12:00:00 AM	Elective
10134	Pulmonary	06/08/2020  12:00:00 AM	06/04/2020  12:00:00 AM	Elective
10135	Electroconvulsive Therapy	06/08/2020  12:00:00 AM	06/02/2020  12:00:00 AM	Urgent
10136	Ophthalmology	06/08/2020  12:00:00 AM	05/27/2020  12:00:00 AM	Elective
10137	Electroconvulsive Therapy	06/08/2020  12:00:00 AM	06/07/2020  12:00:00 AM	Urgent
10138	Pulmonary	06/08/2020  12:00:00 AM	05/24/2020  12:00:00 AM	Elective
10139	Interventional Radiology	06/08/2020  12:00:00 AM	05/31/2020  12:00:00 AM	Urgent
10140	Urology	06/08/2020  12:00:00 AM	06/07/2020  12:00:00 AM	Urgent
10141	General	06/08/2020  12:00:00 AM	06/03/2020  12:00:00 AM	Urgent
10142	Urology	06/08/2020  12:00:00 AM	06/01/2020  12:00:00 AM	Elective
10143	Urology	06/08/2020  12:00:00 AM	06/03/2020  12:00:00 AM	Urgent
10144	Obstetrics	06/08/2020  12:00:00 AM	05/30/2020  12:00:00 AM	Elective
10145	Interventional Radiology	06/08/2020  12:00:00 AM	05/22/2020  12:00:00 AM	Urgent
10146	Electrophysiology	06/08/2020  12:00:00 AM	05/26/2020  12:00:00 AM	Elective
10147	Pulmonary	06/08/2020  12:00:00 AM	06/07/2020  12:00:00 AM	Urgent
10148	Electrophysiology	06/08/2020  12:00:00 AM	06/05/2020  12:00:00 AM	Urgent
10149	Gastroenterology	06/08/2020  12:00:00 AM	05/30/2020  12:00:00 AM	Elective
10150	Interventional Radiology	06/08/2020  12:00:00 AM	06/02/2020  12:00:00 AM	Elective
10151	Electrophysiology	06/08/2020  12:00:00 AM	05/21/2020  12:00:00 AM	Elective
10152	Hepatology	06/08/2020  12:00:00 AM	05/28/2020  12:00:00 AM	Urgent
10153	Obstetrics	06/08/2020  12:00:00 AM	06/06/2020  12:00:00 AM	Elective
10154	Thoracic	06/08/2020  12:00:00 AM	05/31/2020  12:00:00 AM	Urgent
10155	Dental	06/08/2020  12:00:00 AM	05/30/2020  12:00:00 AM	Urgent
10156	Neurosurgery	06/08/2020  12:00:00 AM	05/22/2020  12:00:00 AM	Elective
10157	Pulmonary	06/08/2020  12:00:00 AM	05/22/2020  12:00:00 AM	Elective
10158	Electrophysiology	06/08/2020  12:00:00 AM	05/20/2020  12:00:00 AM	Elective
10159	Ophthalmology	06/08/2020  12:00:00 AM	05/29/2020  12:00:00 AM	Elective
10160	Interventional Radiology	06/08/2020  12:00:00 AM	05/29/2020  12:00:00 AM	Elective
10161	Neurosurgery	06/08/2020  12:00:00 AM	05/20/2020  12:00:00 AM	Urgent
10162	Orthopedics	06/08/2020  12:00:00 AM	05/28/2020  12:00:00 AM	Urgent
10163	Plastics	06/08/2020  12:00:00 AM	06/07/2020  12:00:00 AM	Urgent
10164	Dental	06/08/2020  12:00:00 AM	06/01/2020  12:00:00 AM	Urgent
10165	Neuroradiology	06/08/2020  12:00:00 AM	06/06/2020  12:00:00 AM	Elective
10166	Hepatology	06/08/2020  12:00:00 AM	06/01/2020  12:00:00 AM	Elective
10167	Dental	06/08/2020  12:00:00 AM	06/05/2020  12:00:00 AM	Urgent
10168	Gastroenterology	06/08/2020  12:00:00 AM	05/21/2020  12:00:00 AM	Elective
10169	Neurosurgery	06/08/2020  12:00:00 AM	05/30/2020  12:00:00 AM	Elective
10170	Neurosurgery	06/08/2020  12:00:00 AM	06/02/2020  12:00:00 AM	Elective
10171	General	06/08/2020  12:00:00 AM	05/28/2020  12:00:00 AM	Urgent
10172	Interventional Radiology	06/08/2020  12:00:00 AM	05/21/2020  12:00:00 AM	Elective
10173	Pulmonary	06/08/2020  12:00:00 AM	05/23/2020  12:00:00 AM	Elective
10174	Pulmonary	06/08/2020  12:00:00 AM	05/27/2020  12:00:00 AM	Urgent
10175	Hepatology	06/08/2020  12:00:00 AM	06/06/2020  12:00:00 AM	Urgent
10176	Hepatology	06/08/2020  12:00:00 AM	06/06/2020  12:00:00 AM	Urgent
10177	Neuroradiology	06/08/2020  12:00:00 AM	05/31/2020  12:00:00 AM	Urgent
10178	Pain	06/08/2020  12:00:00 AM	05/29/2020  12:00:00 AM	Urgent
10179	Cardiac	06/08/2020  12:00:00 AM	05/29/2020  12:00:00 AM	Elective
10180	Gynecology	06/08/2020  12:00:00 AM	06/04/2020  12:00:00 AM	Urgent
10181	Cardiac	06/08/2020  12:00:00 AM	06/01/2020  12:00:00 AM	Elective
10182	Pulmonary	06/08/2020  12:00:00 AM	06/06/2020  12:00:00 AM	Elective
10183	Gynecology	06/08/2020  12:00:00 AM	05/27/2020  12:00:00 AM	Urgent
10184	Thoracic	06/08/2020  12:00:00 AM	06/05/2020  12:00:00 AM	Elective
10185	Podiatry	06/08/2020  12:00:00 AM	06/05/2020  12:00:00 AM	Elective
10186	Electrophysiology	06/08/2020  12:00:00 AM	05/28/2020  12:00:00 AM	Urgent
10187	Neuroradiology	06/08/2020  12:00:00 AM	06/05/2020  12:00:00 AM	Urgent
10188	Orthopedics	06/08/2020  12:00:00 AM	05/21/2020  12:00:00 AM	Urgent
10189	Interventional Radiology	06/08/2020  12:00:00 AM	06/02/2020  12:00:00 AM	Urgent
10190	Orthopedics	06/08/2020  12:00:00 AM	05/28/2020  12:00:00 AM	Urgent
10191	Plastics	06/08/2020  12:00:00 AM	05/24/2020  12:00:00 AM	Elective
10192	Plastics	06/08/2020  12:00:00 AM	05/22/2020  12:00:00 AM	Urgent
10193	Podiatry	06/08/2020  12:00:00 AM	05/26/2020  12:00:00 AM	Elective
10194	Thoracic	06/08/2020  12:00:00 AM	05/22/2020  12:00:00 AM	Urgent
10195	Pulmonary	06/08/2020  12:00:00 AM	05/21/2020  12:00:00 AM	Elective
10196	Interventional Radiology	06/08/2020  12:00:00 AM	05/30/2020  12:00:00 AM	Urgent
10197	Dental	06/08/2020  12:00:00 AM	06/02/2020  12:00:00 AM	Urgent
10198	Hepatology	06/08/2020  12:00:00 AM	06/03/2020  12:00:00 AM	Urgent
10199	Podiatry	06/08/2020  12:00:00 AM	06/05/2020  12:00:00 AM	Urgent
10200	Ophthalmology	06/08/2020  12:00:00 AM	05/24/2020  12:00:00 AM	Urgent
10201	Gynecology	06/08/2020  12:00:00 AM	05/28/2020  12:00:00 AM	Urgent
10202	Gynecology	06/08/2020  12:00:00 AM	05/22/2020  12:00:00 AM	Elective
10203	Interventional Radiology	06/08/2020  12:00:00 AM	06/02/2020  12:00:00 AM	Urgent
10204	Gastroenterology	06/08/2020  12:00:00 AM	05/25/2020  12:00:00 AM	Urgent
10205	Thoracic	06/08/2020  12:00:00 AM	06/04/2020  12:00:00 AM	Elective
10206	Ophthalmology	06/08/2020  12:00:00 AM	05/28/2020  12:00:00 AM	Urgent
10207	Neuroradiology	06/08/2020  12:00:00 AM	05/22/2020  12:00:00 AM	Elective
10208	Neurosurgery	06/08/2020  12:00:00 AM	05/26/2020  12:00:00 AM	Urgent
10209	Cardiac	06/08/2020  12:00:00 AM	06/02/2020  12:00:00 AM	Elective
10210	Electrophysiology	06/08/2020  12:00:00 AM	06/03/2020  12:00:00 AM	Urgent
10211	Electroconvulsive Therapy	06/08/2020  12:00:00 AM	06/05/2020  12:00:00 AM	Urgent
10212	Orthopedics	06/08/2020  12:00:00 AM	06/07/2020  12:00:00 AM	Urgent
10213	Obstetrics	06/08/2020  12:00:00 AM	05/31/2020  12:00:00 AM	Urgent
10214	Urology	06/08/2020  12:00:00 AM	05/21/2020  12:00:00 AM	Elective
10215	Pain	06/08/2020  12:00:00 AM	06/02/2020  12:00:00 AM	Elective
10216	Interventional Radiology	06/08/2020  12:00:00 AM	05/31/2020  12:00:00 AM	Urgent
10217	Cardiac	06/08/2020  12:00:00 AM	06/01/2020  12:00:00 AM	Urgent
10218	Obstetrics	06/08/2020  12:00:00 AM	05/30/2020  12:00:00 AM	Urgent
10219	Gastroenterology	06/08/2020  12:00:00 AM	05/22/2020  12:00:00 AM	Urgent
10220	Cardiac	06/08/2020  12:00:00 AM	05/21/2020  12:00:00 AM	Elective
10221	Interventional Radiology	06/08/2020  12:00:00 AM	06/07/2020  12:00:00 AM	Urgent
10222	Neurosurgery	06/08/2020  12:00:00 AM	06/02/2020  12:00:00 AM	Urgent
10223	Obstetrics	06/08/2020  12:00:00 AM	05/27/2020  12:00:00 AM	Elective
10224	Pain	06/08/2020  12:00:00 AM	05/20/2020  12:00:00 AM	Elective
10225	Obstetrics	06/08/2020  12:00:00 AM	05/24/2020  12:00:00 AM	Urgent
10226	Neurosurgery	06/08/2020  12:00:00 AM	06/05/2020  12:00:00 AM	Urgent
10227	Gastroenterology	06/08/2020  12:00:00 AM	05/30/2020  12:00:00 AM	Urgent
10228	Hepatology	06/08/2020  12:00:00 AM	05/28/2020  12:00:00 AM	Urgent
10229	Dental	06/08/2020  12:00:00 AM	06/07/2020  12:00:00 AM	Elective
10230	Pain	06/08/2020  12:00:00 AM	05/28/2020  12:00:00 AM	Urgent
10231	Orthopedics	06/08/2020  12:00:00 AM	05/31/2020  12:00:00 AM	Elective
10232	Cardiac	06/08/2020  12:00:00 AM	05/31/2020  12:00:00 AM	Urgent
10233	Neurosurgery	06/08/2020  12:00:00 AM	05/29/2020  12:00:00 AM	Elective
10234	Neuroradiology	06/08/2020  12:00:00 AM	06/05/2020  12:00:00 AM	Urgent
10235	Podiatry	06/08/2020  12:00:00 AM	06/06/2020  12:00:00 AM	Elective
10236	Pain	06/08/2020  12:00:00 AM	05/25/2020  12:00:00 AM	Elective
10237	Pulmonary	06/08/2020  12:00:00 AM	06/06/2020  12:00:00 AM	Elective
10238	Orthopedics	06/08/2020  12:00:00 AM	06/01/2020  12:00:00 AM	Urgent
10239	Cardiac	06/08/2020  12:00:00 AM	05/25/2020  12:00:00 AM	Urgent
10240	General	06/08/2020  12:00:00 AM	05/25/2020  12:00:00 AM	Elective
10241	Pulmonary	06/08/2020  12:00:00 AM	06/02/2020  12:00:00 AM	Elective
10242	Thoracic	06/08/2020  12:00:00 AM	05/20/2020  12:00:00 AM	Urgent
10243	Electroconvulsive Therapy	06/08/2020  12:00:00 AM	06/06/2020  12:00:00 AM	Urgent
10244	Electroconvulsive Therapy	06/08/2020  12:00:00 AM	05/22/2020  12:00:00 AM	Urgent
10245	Gastroenterology	06/08/2020  12:00:00 AM	06/05/2020  12:00:00 AM	Elective
10246	Neuroradiology	06/08/2020  12:00:00 AM	06/03/2020  12:00:00 AM	Elective
10247	Obstetrics	06/08/2020  12:00:00 AM	05/29/2020  12:00:00 AM	Urgent
10248	Gynecology	06/08/2020  12:00:00 AM	05/30/2020  12:00:00 AM	Urgent
10249	Pain	06/08/2020  12:00:00 AM	05/30/2020  12:00:00 AM	Elective
10250	Podiatry	06/08/2020  12:00:00 AM	05/21/2020  12:00:00 AM	Urgent
10251	Interventional Radiology	06/08/2020  12:00:00 AM	05/23/2020  12:00:00 AM	Urgent
10252	Dental	06/08/2020  12:00:00 AM	05/25/2020  12:00:00 AM	Elective
10253	Electroconvulsive Therapy	06/08/2020  12:00:00 AM	05/25/2020  12:00:00 AM	Elective
10254	Pulmonary	06/08/2020  12:00:00 AM	05/30/2020  12:00:00 AM	Elective
10255	Interventional Radiology	06/08/2020  12:00:00 AM	05/25/2020  12:00:00 AM	Elective
10256	Cardiac	06/08/2020  12:00:00 AM	05/28/2020  12:00:00 AM	Elective
10257	Thoracic	06/08/2020  12:00:00 AM	06/05/2020  12:00:00 AM	Urgent
10258	Vascular	06/08/2020  12:00:00 AM	06/03/2020  12:00:00 AM	Elective
10259	Pulmonary	06/08/2020  12:00:00 AM	06/06/2020  12:00:00 AM	Urgent
10260	Ophthalmology	06/08/2020  12:00:00 AM	06/03/2020  12:00:00 AM	Urgent
10261	Podiatry	06/08/2020  12:00:00 AM	05/30/2020  12:00:00 AM	Elective
10262	Vascular	06/08/2020  12:00:00 AM	05/22/2020  12:00:00 AM	Elective
10263	Obstetrics	06/08/2020  12:00:00 AM	05/26/2020  12:00:00 AM	Urgent
10264	Neurosurgery	06/08/2020  12:00:00 AM	05/25/2020  12:00:00 AM	Elective
10265	Pain	06/08/2020  12:00:00 AM	05/28/2020  12:00:00 AM	Elective
10266	Interventional Radiology	06/08/2020  12:00:00 AM	05/25/2020  12:00:00 AM	Elective
10267	Orthopedics	06/08/2020  12:00:00 AM	06/04/2020  12:00:00 AM	Urgent
10268	Neuroradiology	06/08/2020  12:00:00 AM	05/21/2020  12:00:00 AM	Elective
10269	Gastroenterology	06/08/2020  12:00:00 AM	06/04/2020  12:00:00 AM	Elective
10270	Urology	06/08/2020  12:00:00 AM	05/20/2020  12:00:00 AM	Elective
10271	Podiatry	06/08/2020  12:00:00 AM	06/05/2020  12:00:00 AM	Urgent
10272	Gastroenterology	06/08/2020  12:00:00 AM	05/22/2020  12:00:00 AM	Urgent
10273	Interventional Radiology	06/08/2020  12:00:00 AM	05/26/2020  12:00:00 AM	Urgent
10274	Ophthalmology	06/08/2020  12:00:00 AM	06/04/2020  12:00:00 AM	Elective
10275	Obstetrics	06/08/2020  12:00:00 AM	06/04/2020  12:00:00 AM	Urgent
10276	Orthopedics	06/08/2020  12:00:00 AM	05/22/2020  12:00:00 AM	Elective
10277	Neurosurgery	06/08/2020  12:00:00 AM	05/21/2020  12:00:00 AM	Urgent
10278	Pain	06/08/2020  12:00:00 AM	05/20/2020  12:00:00 AM	Urgent
10279	Gastroenterology	06/08/2020  12:00:00 AM	05/31/2020  12:00:00 AM	Elective
10280	Hepatology	06/08/2020  12:00:00 AM	05/27/2020  12:00:00 AM	Elective
10281	Hepatology	06/08/2020  12:00:00 AM	05/20/2020  12:00:00 AM	Urgent
10282	Plastics	06/08/2020  12:00:00 AM	06/02/2020  12:00:00 AM	Elective
10283	Obstetrics	06/08/2020  12:00:00 AM	05/25/2020  12:00:00 AM	Urgent
10284	Cardiac	06/08/2020  12:00:00 AM	05/27/2020  12:00:00 AM	Elective
10285	Neurosurgery	06/08/2020  12:00:00 AM	06/05/2020  12:00:00 AM	Elective
10286	Dental	06/08/2020  12:00:00 AM	06/06/2020  12:00:00 AM	Elective
10287	Gastroenterology	06/08/2020  12:00:00 AM	05/30/2020  12:00:00 AM	Elective
10288	Electroconvulsive Therapy	06/08/2020  12:00:00 AM	05/20/2020  12:00:00 AM	Urgent
10289	Hepatology	06/08/2020  12:00:00 AM	05/26/2020  12:00:00 AM	Urgent
10290	Electrophysiology	06/08/2020  12:00:00 AM	06/05/2020  12:00:00 AM	Urgent
10291	Obstetrics	06/08/2020  12:00:00 AM	05/31/2020  12:00:00 AM	Urgent
10292	Cardiac	06/08/2020  12:00:00 AM	05/29/2020  12:00:00 AM	Urgent
10293	Ophthalmology	06/08/2020  12:00:00 AM	06/07/2020  12:00:00 AM	Elective
10294	Pain	06/08/2020  12:00:00 AM	06/01/2020  12:00:00 AM	Elective
10295	Plastics	06/08/2020  12:00:00 AM	06/03/2020  12:00:00 AM	Urgent
10296	Urology	06/08/2020  12:00:00 AM	05/31/2020  12:00:00 AM	Urgent
10297	Gynecology	06/08/2020  12:00:00 AM	05/29/2020  12:00:00 AM	Elective
10298	Neuroradiology	06/08/2020  12:00:00 AM	06/05/2020  12:00:00 AM	Urgent
10299	Plastics	06/08/2020  12:00:00 AM	06/07/2020  12:00:00 AM	Elective
10300	Vascular	06/08/2020  12:00:00 AM	05/29/2020  12:00:00 AM	Urgent
10301	Pain	06/08/2020  12:00:00 AM	05/23/2020  12:00:00 AM	Elective
10302	Gynecology	06/08/2020  12:00:00 AM	05/27/2020  12:00:00 AM	Elective
10303	Cardiac	06/08/2020  12:00:00 AM	06/02/2020  12:00:00 AM	Urgent
10304	Vascular	06/08/2020  12:00:00 AM	06/07/2020  12:00:00 AM	Urgent
10305	Interventional Radiology	06/08/2020  12:00:00 AM	06/03/2020  12:00:00 AM	Elective
10306	Cardiac	06/08/2020  12:00:00 AM	05/28/2020  12:00:00 AM	Urgent
10307	Podiatry	06/08/2020  12:00:00 AM	06/01/2020  12:00:00 AM	Elective
10308	Orthopedics	06/08/2020  12:00:00 AM	05/30/2020  12:00:00 AM	Elective
10309	Interventional Radiology	06/08/2020  12:00:00 AM	05/25/2020  12:00:00 AM	Urgent
10310	Neuroradiology	06/08/2020  12:00:00 AM	05/28/2020  12:00:00 AM	Elective
10311	Thoracic	06/08/2020  12:00:00 AM	05/26/2020  12:00:00 AM	Elective
10312	Podiatry	06/08/2020  12:00:00 AM	05/23/2020  12:00:00 AM	Urgent
10313	Neuroradiology	06/08/2020  12:00:00 AM	05/20/2020  12:00:00 AM	Urgent
10314	Dental	06/08/2020  12:00:00 AM	05/31/2020  12:00:00 AM	Elective
10315	Orthopedics	06/08/2020  12:00:00 AM	05/21/2020  12:00:00 AM	Elective
10316	Electroconvulsive Therapy	06/08/2020  12:00:00 AM	05/30/2020  12:00:00 AM	Elective
10317	Electrophysiology	06/08/2020  12:00:00 AM	05/22/2020  12:00:00 AM	Elective
10318	Pulmonary	06/08/2020  12:00:00 AM	05/28/2020  12:00:00 AM	Urgent
10319	Obstetrics	06/08/2020  12:00:00 AM	06/07/2020  12:00:00 AM	Elective
10320	Pain	06/08/2020  12:00:00 AM	05/25/2020  12:00:00 AM	Urgent
10321	Cardiac	06/08/2020  12:00:00 AM	06/01/2020  12:00:00 AM	Elective
10322	Urology	06/08/2020  12:00:00 AM	05/26/2020  12:00:00 AM	Elective
10323	Orthopedics	06/08/2020  12:00:00 AM	05/24/2020  12:00:00 AM	Urgent
10324	Electrophysiology	06/08/2020  12:00:00 AM	06/01/2020  12:00:00 AM	Elective
10325	Gastroenterology	06/08/2020  12:00:00 AM	06/06/2020  12:00:00 AM	Urgent
10326	Podiatry	06/08/2020  12:00:00 AM	05/30/2020  12:00:00 AM	Urgent
10327	Thoracic	06/08/2020  12:00:00 AM	05/21/2020  12:00:00 AM	Urgent
10328	Thoracic	06/08/2020  12:00:00 AM	06/06/2020  12:00:00 AM	Elective
10329	Electrophysiology	06/08/2020  12:00:00 AM	06/03/2020  12:00:00 AM	Urgent
10330	Obstetrics	06/08/2020  12:00:00 AM	05/21/2020  12:00:00 AM	Urgent
10331	Thoracic	06/08/2020  12:00:00 AM	05/30/2020  12:00:00 AM	Elective
10332	Podiatry	06/08/2020  12:00:00 AM	05/28/2020  12:00:00 AM	Urgent
10333	Interventional Radiology	06/08/2020  12:00:00 AM	05/26/2020  12:00:00 AM	Elective
10334	Cardiac	06/08/2020  12:00:00 AM	05/27/2020  12:00:00 AM	Urgent
10335	Gynecology	06/08/2020  12:00:00 AM	05/24/2020  12:00:00 AM	Urgent
10336	Urology	06/08/2020  12:00:00 AM	05/21/2020  12:00:00 AM	Urgent
10337	Vascular	06/08/2020  12:00:00 AM	06/07/2020  12:00:00 AM	Urgent
10338	Cardiac	06/08/2020  12:00:00 AM	06/02/2020  12:00:00 AM	Urgent
10339	Cardiac	06/08/2020  12:00:00 AM	05/29/2020  12:00:00 AM	Urgent
10340	Podiatry	06/08/2020  12:00:00 AM	06/01/2020  12:00:00 AM	Elective
10341	Urology	06/08/2020  12:00:00 AM	05/22/2020  12:00:00 AM	Elective
10342	Gastroenterology	06/08/2020  12:00:00 AM	05/31/2020  12:00:00 AM	Urgent
10343	General	06/08/2020  12:00:00 AM	06/04/2020  12:00:00 AM	Elective
10344	Gynecology	06/08/2020  12:00:00 AM	05/28/2020  12:00:00 AM	Urgent
10345	Electrophysiology	06/08/2020  12:00:00 AM	06/02/2020  12:00:00 AM	Urgent
10346	Pulmonary	06/08/2020  12:00:00 AM	05/22/2020  12:00:00 AM	Urgent
10347	Cardiac	06/08/2020  12:00:00 AM	05/23/2020  12:00:00 AM	Urgent
10348	Electroconvulsive Therapy	06/08/2020  12:00:00 AM	06/02/2020  12:00:00 AM	Urgent
10349	Electrophysiology	06/08/2020  12:00:00 AM	05/27/2020  12:00:00 AM	Urgent
10350	Electrophysiology	06/08/2020  12:00:00 AM	05/29/2020  12:00:00 AM	Elective
10351	Thoracic	06/08/2020  12:00:00 AM	05/24/2020  12:00:00 AM	Urgent
10352	Electroconvulsive Therapy	06/08/2020  12:00:00 AM	05/25/2020  12:00:00 AM	Elective
10353	Hepatology	06/08/2020  12:00:00 AM	06/07/2020  12:00:00 AM	Elective
10354	Vascular	06/08/2020  12:00:00 AM	05/23/2020  12:00:00 AM	Elective
10355	Cardiac	06/08/2020  12:00:00 AM	05/28/2020  12:00:00 AM	Urgent
10356	Ophthalmology	06/08/2020  12:00:00 AM	06/07/2020  12:00:00 AM	Elective
10357	Dental	06/08/2020  12:00:00 AM	06/01/2020  12:00:00 AM	Elective
10358	Gynecology	06/08/2020  12:00:00 AM	06/01/2020  12:00:00 AM	Urgent
10359	Interventional Radiology	06/08/2020  12:00:00 AM	06/03/2020  12:00:00 AM	Elective
10360	Pulmonary	06/08/2020  12:00:00 AM	05/21/2020  12:00:00 AM	Elective
10361	Obstetrics	06/08/2020  12:00:00 AM	06/03/2020  12:00:00 AM	Elective
10362	Interventional Radiology	06/08/2020  12:00:00 AM	05/28/2020  12:00:00 AM	Elective
10363	Thoracic	06/08/2020  12:00:00 AM	05/26/2020  12:00:00 AM	Urgent
10364	Ophthalmology	06/08/2020  12:00:00 AM	06/03/2020  12:00:00 AM	Urgent
10365	Pain	06/08/2020  12:00:00 AM	05/21/2020  12:00:00 AM	Urgent
10366	Electroconvulsive Therapy	06/08/2020  12:00:00 AM	05/29/2020  12:00:00 AM	Urgent
10367	Cardiac	06/08/2020  12:00:00 AM	05/21/2020  12:00:00 AM	Elective
10368	Neuroradiology	06/08/2020  12:00:00 AM	05/20/2020  12:00:00 AM	Elective
10369	Gynecology	06/08/2020  12:00:00 AM	05/30/2020  12:00:00 AM	Elective
10370	Neurosurgery	06/08/2020  12:00:00 AM	06/01/2020  12:00:00 AM	Urgent
10371	Hepatology	06/08/2020  12:00:00 AM	05/30/2020  12:00:00 AM	Elective
10372	Gynecology	06/08/2020  12:00:00 AM	06/02/2020  12:00:00 AM	Elective
10373	Hepatology	06/08/2020  12:00:00 AM	06/04/2020  12:00:00 AM	Elective
10374	Urology	06/08/2020  12:00:00 AM	05/24/2020  12:00:00 AM	Urgent
10375	Vascular	06/08/2020  12:00:00 AM	06/03/2020  12:00:00 AM	Urgent
10376	Gastroenterology	06/08/2020  12:00:00 AM	05/28/2020  12:00:00 AM	Elective
10377	Podiatry	06/08/2020  12:00:00 AM	05/27/2020  12:00:00 AM	Urgent
10378	Neuroradiology	06/08/2020  12:00:00 AM	05/21/2020  12:00:00 AM	Elective
10379	Obstetrics	06/08/2020  12:00:00 AM	05/22/2020  12:00:00 AM	Elective
10380	Interventional Radiology	06/08/2020  12:00:00 AM	06/04/2020  12:00:00 AM	Urgent
10381	Dental	06/08/2020  12:00:00 AM	05/26/2020  12:00:00 AM	Elective
10382	Pulmonary	06/08/2020  12:00:00 AM	05/20/2020  12:00:00 AM	Elective
10383	Thoracic	06/08/2020  12:00:00 AM	05/24/2020  12:00:00 AM	Elective
10384	Pulmonary	06/08/2020  12:00:00 AM	06/07/2020  12:00:00 AM	Urgent
10385	Obstetrics	06/08/2020  12:00:00 AM	05/27/2020  12:00:00 AM	Elective
10386	Interventional Radiology	06/08/2020  12:00:00 AM	06/03/2020  12:00:00 AM	Elective
10387	Gastroenterology	06/08/2020  12:00:00 AM	05/25/2020  12:00:00 AM	Urgent
10388	Ophthalmology	06/08/2020  12:00:00 AM	06/05/2020  12:00:00 AM	Elective
10389	Pulmonary	06/08/2020  12:00:00 AM	05/26/2020  12:00:00 AM	Elective
10390	Vascular	06/08/2020  12:00:00 AM	05/27/2020  12:00:00 AM	Elective
10391	General	06/08/2020  12:00:00 AM	06/05/2020  12:00:00 AM	Elective
10392	Cardiac	06/08/2020  12:00:00 AM	06/07/2020  12:00:00 AM	Urgent
10393	Urology	06/08/2020  12:00:00 AM	06/04/2020  12:00:00 AM	Urgent
10394	Gastroenterology	06/08/2020  12:00:00 AM	06/04/2020  12:00:00 AM	Urgent
10395	Neurosurgery	06/08/2020  12:00:00 AM	05/28/2020  12:00:00 AM	Urgent
10396	Ophthalmology	06/08/2020  12:00:00 AM	05/26/2020  12:00:00 AM	Elective
10397	Vascular	06/08/2020  12:00:00 AM	06/01/2020  12:00:00 AM	Elective
10398	Orthopedics	06/08/2020  12:00:00 AM	05/29/2020  12:00:00 AM	Urgent
10399	Neuroradiology	06/08/2020  12:00:00 AM	05/31/2020  12:00:00 AM	Urgent
10400	General	06/08/2020  12:00:00 AM	06/03/2020  12:00:00 AM	Urgent
10401	General	06/08/2020  12:00:00 AM	05/24/2020  12:00:00 AM	Urgent
10402	Plastics	06/08/2020  12:00:00 AM	06/04/2020  12:00:00 AM	Urgent
10403	Urology	06/08/2020  12:00:00 AM	06/04/2020  12:00:00 AM	Elective
10404	Vascular	06/08/2020  12:00:00 AM	06/03/2020  12:00:00 AM	Elective
10405	Electrophysiology	06/08/2020  12:00:00 AM	05/31/2020  12:00:00 AM	Elective
10406	Obstetrics	06/08/2020  12:00:00 AM	05/22/2020  12:00:00 AM	Urgent
10407	Neuroradiology	06/08/2020  12:00:00 AM	05/22/2020  12:00:00 AM	Elective
10408	Gynecology	06/08/2020  12:00:00 AM	05/31/2020  12:00:00 AM	Elective
10409	Obstetrics	06/08/2020  12:00:00 AM	05/30/2020  12:00:00 AM	Urgent
10410	Electrophysiology	06/08/2020  12:00:00 AM	05/24/2020  12:00:00 AM	Elective
10411	Gastroenterology	06/08/2020  12:00:00 AM	05/20/2020  12:00:00 AM	Urgent
10412	Cardiac	06/08/2020  12:00:00 AM	05/26/2020  12:00:00 AM	Urgent
10413	Vascular	06/08/2020  12:00:00 AM	06/03/2020  12:00:00 AM	Urgent
10414	Vascular	06/08/2020  12:00:00 AM	05/29/2020  12:00:00 AM	Urgent
