LOG_ID	OR_SERVICE	SURGERY_DATE	FIRST_SCHED_DATE	CASE_CLASS
10001	Interventional Radiology	04/24/2020  12:00:00 AM	04/14/2020  12:00:00 AM	Elective
10002	Gynecology	04/24/2020  12:00:00 AM	04/22/2020  12:00:00 AM	Elective
10003	General	04/24/2020  12:00:00 AM	04/21/2020  12:00:00 AM	Elective
10004	Dental	04/24/2020  12:00:00 AM	04/11/2020  12:00:00 AM	Elective
10005	Hepatology	04/24/2020  12:00:00 AM	04/06/2020  12:00:00 AM	Elective
10006	Ophthalmology	04/24/2020  12:00:00 AM	04/12/2020  12:00:00 AM	Elective
10007	Vascular	04/24/2020  12:00:00 AM	04/15/2020  12:00:00 AM	Urgent
10008	Obstetrics	04/24/2020  12:00:00 AM	04/07/2020  12:00:00 AM	Elective
10009	Hepatology	04/24/2020  12:00:00 AM	04/15/2020  12:00:00 AM	Urgent
10010	Obstetrics	04/24/2020  12:00:00 AM	04/20/2020  12:00:00 AM	Urgent
10011	Obstetrics	04/24/2020  12:00:00 AM	04/13/2020  12:00:00 AM	Urgent
10012	Electroconvulsive Therapy	04/24/2020  12:00:00 AM	04/14/2020  12:00:00 AM	Elective
10013	Pain	04/24/2020  12:00:00 AM	04/16/2020  12:00:00 AM	Urgent
10014	Neurosurgery	04/24/2020  12:00:00 AM	04/21/2020  12:00:00 AM	Urgent
10015	Electrophysiology	04/24/2020  12:00:00 AM	04/23/2020  12:00:00 AM	Elective
10016	General	04/24/2020  12:00:00 AM	04/10/2020  12:00:00 AM	Urgent
10017	Urology	04/24/2020  12:00:00 AM	04/19/2020  12:00:00 AM	Elective
10018	Urology	04/24/2020  12:00:00 AM	04/15/2020  12:00:00 AM	Elective
10019	Gastroenterology	04/24/2020  12:00:00 AM	04/12/2020  12:00:00 AM	Urgent
10020	Gynecology	04/24/2020  12:00:00 AM	04/13/2020  12:00:00 AM	Urgent
10021	Neurosurgery	04/24/2020  12:00:00 AM	04/12/2020  12:00:00 AM	Elective
10022	Urology	04/24/2020  12:00:00 AM	04/05/2020  12:00:00 AM	Urgent
10023	Neurosurgery	04/24/2020  12:00:00 AM	04/22/2020  12:00:00 AM	Urgent
10024	Gynecology	04/24/2020  12:00:00 AM	04/07/2020  12:00:00 AM	Elective
10025	Ophthalmology	04/24/2020  12:00:00 AM	04/13/2020  12:00:00 AM	Elective
10026	Urology	04/24/2020  12:00:00 AM	04/13/2020  12:00:00 AM	Urgent
10027	Neuroradiology	04/24/2020  12:00:00 AM	04/21/2020  12:00:00 AM	Urgent
10028	Orthopedics	04/24/2020  12:00:00 AM	04/19/2020  12:00:00 AM	Urgent
10029	Gastroenterology	04/24/2020  12:00:00 AM	04/19/2020  12:00:00 AM	Elective
10030	Hepatology	04/24/2020  12:00:00 AM	04/06/2020  12:00:00 AM	Elective
10031	Plastics	04/24/2020  12:00:00 AM	04/16/2020  12:00:00 AM	Urgent
10032	Neuroradiology	04/24/2020  12:00:00 AM	04/18/2020  12:00:00 AM	Elective
10033	Hepatology	04/24/2020  12:00:00 AM	04/12/2020  12:00:00 AM	Urgent
10034	Pulmonary	04/24/2020  12:00:00 AM	04/19/2020  12:00:00 AM	Urgent
10035	Ophthalmology	04/24/2020  12:00:00 AM	04/12/2020  12:00:00 AM	Urgent
10036	Electroconvulsive Therapy	04/24/2020  12:00:00 AM	04/11/2020  12:00:00 AM	Elective
10037	Dental	04/24/2020  12:00:00 AM	04/12/2020  12:00:00 AM	Urgent
10038	Hepatology	04/24/2020  12:00:00 AM	04/07/2020  12:00:00 AM	Elective
10039	Ophthalmology	04/24/2020  12:00:00 AM	04/16/2020  12:00:00 AM	Elective
10040	Ophthalmology	04/24/2020  12:00:00 AM	04/23/2020  12:00:00 AM	Elective
10041	Gynecology	04/24/2020  12:00:00 AM	04/14/2020  12:00:00 AM	Urgent
10042	Electroconvulsive Therapy	04/24/2020  12:00:00 AM	04/19/2020  12:00:00 AM	Urgent
10043	Orthopedics	04/24/2020  12:00:00 AM	04/07/2020  12:00:00 AM	Elective
10044	Cardiac	04/24/2020  12:00:00 AM	04/20/2020  12:00:00 AM	Urgent
10045	Orthopedics	04/24/2020  12:00:00 AM	04/19/2020  12:00:00 AM	Urgent
10046	Obstetrics	04/24/2020  12:00:00 AM	04/06/2020  12:00:00 AM	Urgent
10047	Gastroenterology	04/24/2020  12:00:00 AM	04/09/2020  12:00:00 AM	Elective
10048	Pulmonary	04/24/2020  12:00:00 AM	04/07/2020  12:00:00 AM	Elective
10049	General	04/24/2020  12:00:00 AM	04/22/2020  12:00:00 AM	Elective
10050	Orthopedics	04/24/2020  12:00:00 AM	04/15/2020  12:00:00 AM	Elective
10051	Neurosurgery	04/24/2020  12:00:00 AM	04/18/2020  12:00:00 AM	Urgent
10052	Dental	04/24/2020  12:00:00 AM	04/19/2020  12:00:00 AM	Urgent
10053	Hepatology	04/24/2020  12:00:00 AM	04/22/2020  12:00:00 AM	Urgent
10054	Urology	04/24/2020  12:00:00 AM	04/19/2020  12:00:00 AM	Urgent
10055	Dental	04/24/2020  12:00:00 AM	04/19/2020  12:00:00 AM	Elective
10056	Dental	04/24/2020  12:00:00 AM	04/23/2020  12:00:00 AM	Elective
10057	Dental	04/24/2020  12:00:00 AM	04/10/2020  12:00:00 AM	Elective
10058	Ophthalmology	04/24/2020  12:00:00 AM	04/07/2020  12:00:00 AM	Urgent
10059	Electrophysiology	04/24/2020  12:00:00 AM	04/22/2020  12:00:00 AM	Elective
10060	Neuroradiology	04/24/2020  12:00:00 AM	04/17/2020  12:00:00 AM	Urgent
10061	General	04/24/2020  12:00:00 AM	04/16/2020  12:00:00 AM	Elective
10062	Neurosurgery	04/24/2020  12:00:00 AM	04/12/2020  12:00:00 AM	Elective
10063	Electrophysiology	04/24/2020  12:00:00 AM	04/13/2020  12:00:00 AM	Urgent
10064	Vascular	04/24/2020  12:00:00 AM	04/06/2020  12:00:00 AM	Elective
10065	Ophthalmology	04/24/2020  12:00:00 AM	04/05/2020  12:00:00 AM	Elective
10066	Obstetrics	04/24/2020  12:00:00 AM	04/21/2020  12:00:00 AM	Elective
10067	Neurosurgery	04/24/2020  12:00:00 AM	04/05/2020  12:00:00 AM	Elective
10068	General	04/24/2020  12:00:00 AM	04/20/2020  12:00:00 AM	Urgent
10069	Pulmonary	04/24/2020  12:00:00 AM	04/16/2020  12:00:00 AM	Urgent
10070	Gynecology	04/24/2020  12:00:00 AM	04/16/2020  12:00:00 AM	Urgent
10071	Urology	04/24/2020  12:00:00 AM	04/14/2020  12:00:00 AM	Elective
10072	Dental	04/24/2020  12:00:00 AM	04/11/2020  12:00:00 AM	Urgent
10073	Interventional Radiology	04/24/2020  12:00:00 AM	04/11/2020  12:00:00 AM	Urgent
10074	Cardiac	04/24/2020  12:00:00 AM	04/17/2020  12:00:00 AM	Elective
10075	Dental	04/24/2020  12:00:00 AM	04/19/2020  12:00:00 AM	Elective
10076	General	04/24/2020  12:00:00 AM	04/06/2020  12:00:00 AM	Urgent
10077	Electroconvulsive Therapy	04/24/2020  12:00:00 AM	04/11/2020  12:00:00 AM	Elective
10078	Gynecology	04/24/2020  12:00:00 AM	04/12/2020  12:00:00 AM	Urgent
10079	Hepatology	04/24/2020  12:00:00 AM	04/18/2020  12:00:00 AM	Elective
10080	Neuroradiology	04/24/2020  12:00:00 AM	04/11/2020  12:00:00 AM	Elective
10081	Pulmonary	04/24/2020  12:00:00 AM	04/13/2020  12:00:00 AM	Elective
10082	Vascular	04/24/2020  12:00:00 AM	04/22/2020  12:00:00 AM	Urgent
10083	Pulmonary	04/24/2020  12:00:00 AM	04/21/2020  12:00:00 AM	Urgent
10084	Pain	04/24/2020  12:00:00 AM	04/20/2020  12:00:00 AM	Elective
10085	Dental	04/24/2020  12:00:00 AM	04/09/2020  12:00:00 AM	Urgent
10086	Podiatry	04/24/2020  12:00:00 AM	04/12/2020  12:00:00 AM	Elective
10087	Ophthalmology	04/24/2020  12:00:00 AM	04/21/2020  12:00:00 AM	Elective
10088	Hepatology	04/24/2020  12:00:00 AM	04/19/2020  12:00:00 AM	Urgent
10089	Hepatology	04/24/2020  12:00:00 AM	04/22/2020  12:00:00 AM	Urgent
10090	Obstetrics	04/24/2020  12:00:00 AM	04/14/2020  12:00:00 AM	Elective
10091	Vascular	04/24/2020  12:00:00 AM	04/05/2020  12:00:00 AM	Elective
10092	Obstetrics	04/24/2020  12:00:00 AM	04/20/2020  12:00:00 AM	Urgent
10093	Orthopedics	04/24/2020  12:00:00 AM	04/19/2020  12:00:00 AM	Elective
10094	General	04/24/2020  12:00:00 AM	04/10/2020  12:00:00 AM	Urgent
10095	Interventional Radiology	04/24/2020  12:00:00 AM	04/10/2020  12:00:00 AM	Elective
10096	Gynecology	04/24/2020  12:00:00 AM	04/09/2020  12:00:00 AM	Elective
10097	Vascular	04/24/2020  12:00:00 AM	04/06/2020  12:00:00 AM	Elective
10098	Hepatology	04/24/2020  12:00:00 AM	04/14/2020  12:00:00 AM	Elective
10099	Neuroradiology	04/24/2020  12:00:00 AM	04/17/2020  12:00:00 AM	Elective
10100	Electrophysiology	04/24/2020  12:00:00 AM	04/07/2020  12:00:00 AM	Elective
10101	Hepatology	04/24/2020  12:00:00 AM	04/07/2020  12:00:00 AM	Elective
10102	Ophthalmology	04/24/2020  12:00:00 AM	04/22/2020  12:00:00 AM	Elective
10103	Pulmonary	04/24/2020  12:00:00 AM	04/17/2020  12:00:00 AM	Urgent
10104	Urology	04/24/2020  12:00:00 AM	04/16/2020  12:00:00 AM	Elective
10105	Podiatry	04/24/2020  12:00:00 AM	04/07/2020  12:00:00 AM	Urgent
10106	Pulmonary	04/24/2020  12:00:00 AM	04/06/2020  12:00:00 AM	Urgent
10107	Pain	04/24/2020  12:00:00 AM	04/05/2020  12:00:00 AM	Elective
10108	Hepatology	04/24/2020  12:00:00 AM	04/07/2020  12:00:00 AM	Elective
10109	Plastics	04/24/2020  12:00:00 AM	04/14/2020  12:00:00 AM	Urgent
10110	Urology	04/24/2020  12:00:00 AM	04/16/2020  12:00:00 AM	Elective
10111	Vascular	04/24/2020  12:00:00 AM	04/06/2020  12:00:00 AM	Elective
10112	Orthopedics	04/24/2020  12:00:00 AM	04/06/2020  12:00:00 AM	Urgent
10113	Thoracic	04/24/2020  12:00:00 AM	04/19/2020  12:00:00 AM	Urgent
10114	Pulmonary	04/24/2020  12:00:00 AM	04/15/2020  12:00:00 AM	Urgent
10115	Podiatry	04/24/2020  12:00:00 AM	04/22/2020  12:00:00 AM	Urgent
10116	Gastroenterology	04/24/2020  12:00:00 AM	04/09/2020  12:00:00 AM	Elective
10117	Hepatology	04/24/2020  12:00:00 AM	04/09/2020  12:00:00 AM	Urgent
10118	Electrophysiology	04/24/2020  12:00:00 AM	04/10/2020  12:00:00 AM	Urgent
10119	Interventional Radiology	04/24/2020  12:00:00 AM	04/14/2020  12:00:00 AM	Elective
10120	Plastics	04/24/2020  12:00:00 AM	04/09/2020  12:00:00 AM	Urgent
10121	Hepatology	04/24/2020  12:00:00 AM	04/23/2020  12:00:00 AM	Urgent
10122	Electrophysiology	04/24/2020  12:00:00 AM	04/10/2020  12:00:00 AM	Elective
10123	Pulmonary	04/24/2020  12:00:00 AM	04/06/2020  12:00:00 AM	Urgent
10124	Podiatry	04/24/2020  12:00:00 AM	04/08/2020  12:00:00 AM	Urgent
10125	Podiatry	04/24/2020  12:00:00 AM	04/11/2020  12:00:00 AM	Elective
10126	Orthopedics	04/24/2020  12:00:00 AM	04/09/2020  12:00:00 AM	Urgent
10127	Electroconvulsive Therapy	04/24/2020  12:00:00 AM	04/07/2020  12:00:00 AM	Elective
10128	Vascular	04/24/2020  12:00:00 AM	04/21/2020  12:00:00 AM	Elective
10129	Pulmonary	04/24/2020  12:00:00 AM	04/12/2020  12:00:00 AM	Elective
10130	Interventional Radiology	04/24/2020  12:00:00 AM	04/10/2020  12:00:00 AM	Urgent
10131	Vascular	04/24/2020  12:00:00 AM	04/21/2020  12:00:00 AM	Elective
10132	Pain	04/24/2020  12:00:00 AM	04/21/2020  12:00:00 AM	Elective
10133	Dental	04/24/2020  12:00:00 AM	04/05/2020  12:00:00 AM	Elective
10134	Pain	04/24/2020  12:00:00 AM	04/21/2020  12:00:00 AM	Urgent
10135	Vascular	04/24/2020  12:00:00 AM	04/18/2020  12:00:00 AM	Urgent
10136	Neurosurgery	04/24/2020  12:00:00 AM	04/06/2020  12:00:00 AM	Urgent
10137	Pain	04/24/2020  12:00:00 AM	04/21/2020  12:00:00 AM	Urgent
10138	Obstetrics	04/24/2020  12:00:00 AM	04/08/2020  12:00:00 AM	Elective
10139	Urology	04/24/2020  12:00:00 AM	04/14/2020  12:00:00 AM	Elective
10140	Gynecology	04/24/2020  12:00:00 AM	04/14/2020  12:00:00 AM	Urgent
10141	Gastroenterology	04/24/2020  12:00:00 AM	04/16/2020  12:00:00 AM	Urgent
10142	Gynecology	04/24/2020  12:00:00 AM	04/21/2020  12:00:00 AM	Urgent
10143	Podiatry	04/24/2020  12:00:00 AM	04/09/2020  12:00:00 AM	Elective
10144	Ophthalmology	04/24/2020  12:00:00 AM	04/11/2020  12:00:00 AM	Urgent
10145	Orthopedics	04/24/2020  12:00:00 AM	04/21/2020  12:00:00 AM	Elective
10146	Neurosurgery	04/24/2020  12:00:00 AM	04/21/2020  12:00:00 AM	Urgent
10147	Pulmonary	04/24/2020  12:00:00 AM	04/12/2020  12:00:00 AM	Urgent
10148	Gynecology	04/24/2020  12:00:00 AM	04/21/2020  12:00:00 AM	Urgent
10149	Neurosurgery	04/24/2020  12:00:00 AM	04/23/2020  12:00:00 AM	Urgent
10150	Orthopedics	04/24/2020  12:00:00 AM	04/07/2020  12:00:00 AM	Urgent
10151	Pulmonary	04/24/2020  12:00:00 AM	04/09/2020  12:00:00 AM	Elective
10152	Cardiac	04/24/2020  12:00:00 AM	04/14/2020  12:00:00 AM	Elective
10153	Dental	04/24/2020  12:00:00 AM	04/20/2020  12:00:00 AM	Elective
10154	Hepatology	04/24/2020  12:00:00 AM	04/16/2020  12:00:00 AM	Urgent
10155	Pain	04/24/2020  12:00:00 AM	04/10/2020  12:00:00 AM	Elective
10156	Podiatry	04/24/2020  12:00:00 AM	04/22/2020  12:00:00 AM	Elective
10157	Neurosurgery	04/24/2020  12:00:00 AM	04/16/2020  12:00:00 AM	Elective
10158	Podiatry	04/24/2020  12:00:00 AM	04/15/2020  12:00:00 AM	Elective
10159	Plastics	04/24/2020  12:00:00 AM	04/22/2020  12:00:00 AM	Elective
10160	General	04/24/2020  12:00:00 AM	04/09/2020  12:00:00 AM	Urgent
10161	Gynecology	04/24/2020  12:00:00 AM	04/09/2020  12:00:00 AM	Urgent
10162	Pain	04/24/2020  12:00:00 AM	04/06/2020  12:00:00 AM	Urgent
10163	Gastroenterology	04/24/2020  12:00:00 AM	04/18/2020  12:00:00 AM	Urgent
10164	Hepatology	04/24/2020  12:00:00 AM	04/21/2020  12:00:00 AM	Elective
10165	Vascular	04/24/2020  12:00:00 AM	04/11/2020  12:00:00 AM	Urgent
10166	Vascular	04/24/2020  12:00:00 AM	04/13/2020  12:00:00 AM	Elective
10167	Neurosurgery	04/24/2020  12:00:00 AM	04/23/2020  12:00:00 AM	Urgent
10168	Neurosurgery	04/24/2020  12:00:00 AM	04/20/2020  12:00:00 AM	Elective
10169	Urology	04/24/2020  12:00:00 AM	04/05/2020  12:00:00 AM	Elective
10170	Thoracic	04/24/2020  12:00:00 AM	04/22/2020  12:00:00 AM	Urgent
10171	Gastroenterology	04/24/2020  12:00:00 AM	04/10/2020  12:00:00 AM	Elective
10172	Ophthalmology	04/24/2020  12:00:00 AM	04/21/2020  12:00:00 AM	Elective
10173	Electroconvulsive Therapy	04/24/2020  12:00:00 AM	04/05/2020  12:00:00 AM	Elective
10174	Cardiac	04/24/2020  12:00:00 AM	04/07/2020  12:00:00 AM	Urgent
10175	Neurosurgery	04/24/2020  12:00:00 AM	04/13/2020  12:00:00 AM	Elective
10176	Urology	04/24/2020  12:00:00 AM	04/19/2020  12:00:00 AM	Elective
10177	Pulmonary	04/24/2020  12:00:00 AM	04/15/2020  12:00:00 AM	Urgent
10178	Pulmonary	04/24/2020  12:00:00 AM	04/06/2020  12:00:00 AM	Urgent
10179	Dental	04/24/2020  12:00:00 AM	04/10/2020  12:00:00 AM	Urgent
10180	General	04/24/2020  12:00:00 AM	04/06/2020  12:00:00 AM	Elective
10181	Ophthalmology	04/24/2020  12:00:00 AM	04/05/2020  12:00:00 AM	Urgent
10182	Pain	04/24/2020  12:00:00 AM	04/07/2020  12:00:00 AM	Urgent
10183	Orthopedics	04/24/2020  12:00:00 AM	04/21/2020  12:00:00 AM	Elective
10184	Podiatry	04/24/2020  12:00:00 AM	04/19/2020  12:00:00 AM	Urgent
10185	Hepatology	04/24/2020  12:00:00 AM	04/05/2020  12:00:00 AM	Elective
10186	Electrophysiology	04/24/2020  12:00:00 AM	04/10/2020  12:00:00 AM	Elective
10187	Obstetrics	04/24/2020  12:00:00 AM	04/06/2020  12:00:00 AM	Elective
10188	Electroconvulsive Therapy	04/24/2020  12:00:00 AM	04/12/2020  12:00:00 AM	Elective
10189	Urology	04/24/2020  12:00:00 AM	04/06/2020  12:00:00 AM	Elective
10190	Thoracic	04/24/2020  12:00:00 AM	04/12/2020  12:00:00 AM	Urgent
10191	Hepatology	04/24/2020  12:00:00 AM	04/18/2020  12:00:00 AM	Elective
10192	Interventional Radiology	04/24/2020  12:00:00 AM	04/19/2020  12:00:00 AM	Elective
10193	Orthopedics	04/24/2020  12:00:00 AM	04/14/2020  12:00:00 AM	Elective
10194	Gastroenterology	04/24/2020  12:00:00 AM	04/19/2020  12:00:00 AM	Urgent
10195	Podiatry	04/24/2020  12:00:00 AM	04/21/2020  12:00:00 AM	Elective
10196	Vascular	04/24/2020  12:00:00 AM	04/07/2020  12:00:00 AM	Urgent
10197	Vascular	04/24/2020  12:00:00 AM	04/18/2020  12:00:00 AM	Urgent
10198	Podiatry	04/24/2020  12:00:00 AM	04/07/2020  12:00:00 AM	Urgent
10199	Thoracic	04/24/2020  12:00:00 AM	04/13/2020  12:00:00 AM	Urgent
10200	Podiatry	04/24/2020  12:00:00 AM	04/13/2020  12:00:00 AM	Elective
10201	Electrophysiology	04/24/2020  12:00:00 AM	04/16/2020  12:00:00 AM	Urgent
10202	Obstetrics	04/24/2020  12:00:00 AM	04/18/2020  12:00:00 AM	Elective
10203	Pain	04/24/2020  12:00:00 AM	04/16/2020  12:00:00 AM	Elective
10204	Dental	04/24/2020  12:00:00 AM	04/07/2020  12:00:00 AM	Elective
10205	Electrophysiology	04/24/2020  12:00:00 AM	04/17/2020  12:00:00 AM	Urgent
10206	Plastics	04/24/2020  12:00:00 AM	04/17/2020  12:00:00 AM	Elective
10207	Urology	04/24/2020  12:00:00 AM	04/06/2020  12:00:00 AM	Elective
10208	Gastroenterology	04/24/2020  12:00:00 AM	04/23/2020  12:00:00 AM	Urgent
10209	Vascular	04/24/2020  12:00:00 AM	04/21/2020  12:00:00 AM	Elective
10210	Ophthalmology	04/24/2020  12:00:00 AM	04/08/2020  12:00:00 AM	Urgent
10211	Cardiac	04/24/2020  12:00:00 AM	04/07/2020  12:00:00 AM	Urgent
10212	Gynecology	04/24/2020  12:00:00 AM	04/22/2020  12:00:00 AM	Urgent
10213	Cardiac	04/24/2020  12:00:00 AM	04/19/2020  12:00:00 AM	Urgent
10214	Electroconvulsive Therapy	04/24/2020  12:00:00 AM	04/08/2020  12:00:00 AM	Urgent
10215	Gastroenterology	04/24/2020  12:00:00 AM	04/10/2020  12:00:00 AM	Urgent
10216	Electrophysiology	04/24/2020  12:00:00 AM	04/15/2020  12:00:00 AM	Urgent
10217	Neuroradiology	04/24/2020  12:00:00 AM	04/17/2020  12:00:00 AM	Urgent
10218	Thoracic	04/24/2020  12:00:00 AM	04/06/2020  12:00:00 AM	Elective
10219	Electrophysiology	04/24/2020  12:00:00 AM	04/15/2020  12:00:00 AM	Elective
10220	Thoracic	04/24/2020  12:00:00 AM	04/20/2020  12:00:00 AM	Urgent
10221	Neurosurgery	04/24/2020  12:00:00 AM	04/05/2020  12:00:00 AM	Elective
10222	Electroconvulsive Therapy	04/24/2020  12:00:00 AM	04/17/2020  12:00:00 AM	Urgent
10223	Pain	04/24/2020  12:00:00 AM	04/05/2020  12:00:00 AM	Urgent
10224	Pulmonary	04/24/2020  12:00:00 AM	04/20/2020  12:00:00 AM	Urgent
10225	Vascular	04/24/2020  12:00:00 AM	04/20/2020  12:00:00 AM	Elective
10226	General	04/24/2020  12:00:00 AM	04/07/2020  12:00:00 AM	Urgent
10227	General	04/24/2020  12:00:00 AM	04/18/2020  12:00:00 AM	Elective
10228	Dental	04/24/2020  12:00:00 AM	04/09/2020  12:00:00 AM	Elective
10229	Obstetrics	04/24/2020  12:00:00 AM	04/11/2020  12:00:00 AM	Elective
10230	Plastics	04/24/2020  12:00:00 AM	04/23/2020  12:00:00 AM	Urgent
10231	Electrophysiology	04/24/2020  12:00:00 AM	04/06/2020  12:00:00 AM	Elective
10232	Gastroenterology	04/24/2020  12:00:00 AM	04/15/2020  12:00:00 AM	Elective
10233	Cardiac	04/24/2020  12:00:00 AM	04/07/2020  12:00:00 AM	Urgent
10234	Urology	04/24/2020  12:00:00 AM	04/22/2020  12:00:00 AM	Urgent
10235	Gastroenterology	04/24/2020  12:00:00 AM	04/13/2020  12:00:00 AM	Elective
10236	Gastroenterology	04/24/2020  12:00:00 AM	04/09/2020  12:00:00 AM	Elective
10237	Plastics	04/24/2020  12:00:00 AM	04/23/2020  12:00:00 AM	Elective
10238	Pulmonary	04/24/2020  12:00:00 AM	04/17/2020  12:00:00 AM	Urgent
10239	Neuroradiology	04/24/2020  12:00:00 AM	04/05/2020  12:00:00 AM	Elective
10240	General	04/24/2020  12:00:00 AM	04/21/2020  12:00:00 AM	Elective
10241	Pulmonary	04/24/2020  12:00:00 AM	04/13/2020  12:00:00 AM	Elective
10242	Podiatry	04/24/2020  12:00:00 AM	04/06/2020  12:00:00 AM	Urgent
10243	Neurosurgery	04/24/2020  12:00:00 AM	04/11/2020  12:00:00 AM	Urgent
10244	Electrophysiology	04/24/2020  12:00:00 AM	04/17/2020  12:00:00 AM	Elective
10245	Cardiac	04/24/2020  12:00:00 AM	04/07/2020  12:00:00 AM	Elective
10246	Neurosurgery	04/24/2020  12:00:00 AM	04/22/2020  12:00:00 AM	Urgent
10247	Electroconvulsive Therapy	04/24/2020  12:00:00 AM	04/06/2020  12:00:00 AM	Elective
10248	Gastroenterology	04/24/2020  12:00:00 AM	04/14/2020  12:00:00 AM	Urgent
10249	Orthopedics	04/24/2020  12:00:00 AM	04/13/2020  12:00:00 AM	Elective
10250	Vascular	04/24/2020  12:00:00 AM	04/10/2020  12:00:00 AM	Urgent
10251	Urology	04/24/2020  12:00:00 AM	04/18/2020  12:00:00 AM	Elective
10252	Electroconvulsive Therapy	04/24/2020  12:00:00 AM	04/17/2020  12:00:00 AM	Urgent
10253	Ophthalmology	04/24/2020  12:00:00 AM	04/19/2020  12:00:00 AM	Urgent
10254	Neurosurgery	04/24/2020  12:00:00 AM	04/23/2020  12:00:00 AM	Urgent
10255	Gynecology	04/24/2020  12:00:00 AM	04/14/2020  12:00:00 AM	Urgent
10256	Neurosurgery	04/24/2020  12:00:00 AM	04/20/2020  12:00:00 AM	Elective
10257	Electroconvulsive Therapy	04/24/2020  12:00:00 AM	04/05/2020  12:00:00 AM	Elective
10258	Pulmonary	04/24/2020  12:00:00 AM	04/14/2020  12:00:00 AM	Urgent
10259	Electrophysiology	04/24/2020  12:00:00 AM	04/23/2020  12:00:00 AM	Urgent
10260	Vascular	04/24/2020  12:00:00 AM	04/23/2020  12:00:00 AM	Elective
10261	Hepatology	04/24/2020  12:00:00 AM	04/15/2020  12:00:00 AM	Elective
10262	Orthopedics	04/24/2020  12:00:00 AM	04/06/2020  12:00:00 AM	Elective
10263	Urology	04/24/2020  12:00:00 AM	04/15/2020  12:00:00 AM	Urgent
10264	Dental	04/24/2020  12:00:00 AM	04/22/2020  12:00:00 AM	Urgent
10265	Neurosurgery	04/24/2020  12:00:00 AM	04/19/2020  12:00:00 AM	Elective
10266	Dental	04/24/2020  12:00:00 AM	04/06/2020  12:00:00 AM	Urgent
10267	Obstetrics	04/24/2020  12:00:00 AM	04/23/2020  12:00:00 AM	Elective
10268	Podiatry	04/24/2020  12:00:00 AM	04/05/2020  12:00:00 AM	Urgent
10269	Cardiac	04/24/2020  12:00:00 AM	04/06/2020  12:00:00 AM	Urgent
10270	Ophthalmology	04/24/2020  12:00:00 AM	04/21/2020  12:00:00 AM	Elective
10271	Thoracic	04/24/2020  12:00:00 AM	04/07/2020  12:00:00 AM	Elective
10272	Podiatry	04/24/2020  12:00:00 AM	04/19/2020  12:00:00 AM	Urgent
10273	Electroconvulsive Therapy	04/24/2020  12:00:00 AM	04/08/2020  12:00:00 AM	Elective
10274	Orthopedics	04/24/2020  12:00:00 AM	04/12/2020  12:00:00 AM	Elective
10275	Urology	04/24/2020  12:00:00 AM	04/18/2020  12:00:00 AM	Elective
10276	General	04/24/2020  12:00:00 AM	04/05/2020  12:00:00 AM	Urgent
10277	Orthopedics	04/24/2020  12:00:00 AM	04/13/2020  12:00:00 AM	Urgent
10278	Neurosurgery	04/24/2020  12:00:00 AM	04/10/2020  12:00:00 AM	Urgent
10279	Vascular	04/24/2020  12:00:00 AM	04/12/2020  12:00:00 AM	Elective
10280	Neurosurgery	04/24/2020  12:00:00 AM	04/16/2020  12:00:00 AM	Elective
10281	Pulmonary	04/24/2020  12:00:00 AM	04/21/2020  12:00:00 AM	Urgent
10282	Dental	04/24/2020  12:00:00 AM	04/22/2020  12:00:00 AM	Urgent
10283	Ophthalmology	04/24/2020  12:00:00 AM	04/05/2020  12:00:00 AM	Urgent
10284	Podiatry	04/24/2020  12:00:00 AM	04/12/2020  12:00:00 AM	Elective
10285	Plastics	04/24/2020  12:00:00 AM	04/14/2020  12:00:00 AM	Urgent
10286	Interventional Radiology	04/24/2020  12:00:00 AM	04/21/2020  12:00:00 AM	Urgent
10287	Gastroenterology	04/24/2020  12:00:00 AM	04/05/2020  12:00:00 AM	Elective
10288	Ophthalmology	04/24/2020  12:00:00 AM	04/13/2020  12:00:00 AM	Elective
10289	Podiatry	04/24/2020  12:00:00 AM	04/13/2020  12:00:00 AM	Elective
10290	Urology	04/24/2020  12:00:00 AM	04/18/2020  12:00:00 AM	Urgent
10291	Gynecology	04/24/2020  12:00:00 AM	04/13/2020  12:00:00 AM	Urgent
10292	Pulmonary	04/24/2020  12:00:00 AM	04/22/2020  12:00:00 AM	Elective
10293	Gynecology	04/24/2020  12:00:00 AM	04/18/2020  12:00:00 AM	Urgent
10294	Dental	04/24/2020  12:00:00 AM	04/20/2020  12:00:00 AM	Urgent
10295	Podiatry	04/24/2020  12:00:00 AM	04/23/2020  12:00:00 AM	Elective
10296	General	04/24/2020  12:00:00 AM	04/12/2020  12:00:00 AM	Elective
10297	Thoracic	04/24/2020  12:00:00 AM	04/06/2020  12:00:00 AM	Urgent
10298	Plastics	04/24/2020  12:00:00 AM	04/16/2020  12:00:00 AM	Elective
10299	Electroconvulsive Therapy	04/24/2020  12:00:00 AM	04/08/2020  12:00:00 AM	Elective
10300	Orthopedics	04/24/2020  12:00:00 AM	04/19/2020  12:00:00 AM	Urgent
10301	Thoracic	04/24/2020  12:00:00 AM	04/13/2020  12:00:00 AM	Elective
10302	Electrophysiology	04/24/2020  12:00:00 AM	04/11/2020  12:00:00 AM	Urgent
10303	Ophthalmology	04/24/2020  12:00:00 AM	04/11/2020  12:00:00 AM	Urgent
10304	Interventional Radiology	04/24/2020  12:00:00 AM	04/06/2020  12:00:00 AM	Elective
10305	Orthopedics	04/24/2020  12:00:00 AM	04/23/2020  12:00:00 AM	Urgent
10306	Ophthalmology	04/24/2020  12:00:00 AM	04/19/2020  12:00:00 AM	Urgent
10307	General	04/24/2020  12:00:00 AM	04/18/2020  12:00:00 AM	Elective
10308	Plastics	04/24/2020  12:00:00 AM	04/20/2020  12:00:00 AM	Elective
10309	Orthopedics	04/24/2020  12:00:00 AM	04/21/2020  12:00:00 AM	Urgent
10310	Neuroradiology	04/24/2020  12:00:00 AM	04/14/2020  12:00:00 AM	Urgent
10311	Cardiac	04/24/2020  12:00:00 AM	04/11/2020  12:00:00 AM	Elective
10312	Cardiac	04/24/2020  12:00:00 AM	04/10/2020  12:00:00 AM	Elective
10313	Gynecology	04/24/2020  12:00:00 AM	04/17/2020  12:00:00 AM	Elective
10314	Gastroenterology	04/24/2020  12:00:00 AM	04/16/2020  12:00:00 AM	Elective
10315	Vascular	04/24/2020  12:00:00 AM	04/07/2020  12:00:00 AM	Urgent
10316	General	04/24/2020  12:00:00 AM	04/23/2020  12:00:00 AM	Urgent
10317	Electrophysiology	04/24/2020  12:00:00 AM	04/06/2020  12:00:00 AM	Urgent
10318	Gastroenterology	04/24/2020  12:00:00 AM	04/08/2020  12:00:00 AM	Urgent
10319	Dental	04/24/2020  12:00:00 AM	04/21/2020  12:00:00 AM	Elective
10320	Neurosurgery	04/24/2020  12:00:00 AM	04/12/2020  12:00:00 AM	Elective
10321	Dental	04/24/2020  12:00:00 AM	04/05/2020  12:00:00 AM	Elective
10322	Electroconvulsive Therapy	04/24/2020  12:00:00 AM	04/18/2020  12:00:00 AM	Elective
10323	Vascular	04/24/2020  12:00:00 AM	04/08/2020  12:00:00 AM	Elective
10324	Gynecology	04/24/2020  12:00:00 AM	04/10/2020  12:00:00 AM	Urgent
10325	Hepatology	04/24/2020  12:00:00 AM	04/11/2020  12:00:00 AM	Urgent
10326	Plastics	04/24/2020  12:00:00 AM	04/23/2020  12:00:00 AM	Urgent
10327	Vascular	04/24/2020  12:00:00 AM	04/23/2020  12:00:00 AM	Urgent
10328	Pulmonary	04/24/2020  12:00:00 AM	04/08/2020  12:00:00 AM	Elective
10329	General	04/24/2020  12:00:00 AM	04/12/2020  12:00:00 AM	Urgent
10330	Pain	04/24/2020  12:00:00 AM	04/05/2020  12:00:00 AM	Urgent
10331	Neurosurgery	04/24/2020  12:00:00 AM	04/05/2020  12:00:00 AM	Urgent
10332	Urology	04/24/2020  12:00:00 AM	04/06/2020  12:00:00 AM	Urgent
10333	Hepatology	04/24/2020  12:00:00 AM	04/13/2020  12:00:00 AM	Elective
10334	Urology	04/24/2020  12:00:00 AM	04/20/2020  12:00:00 AM	Elective
10335	Pain	04/24/2020  12:00:00 AM	04/22/2020  12:00:00 AM	Urgent
10336	Gynecology	04/24/2020  12:00:00 AM	04/14/2020  12:00:00 AM	Elective
10337	Dental	04/24/2020  12:00:00 AM	04/19/2020  12:00:00 AM	Urgent
10338	Thoracic	04/24/2020  12:00:00 AM	04/12/2020  12:00:00 AM	Elective
10339	Ophthalmology	04/24/2020  12:00:00 AM	04/21/2020  12:00:00 AM	Elective
10340	Neurosurgery	04/24/2020  12:00:00 AM	04/14/2020  12:00:00 AM	Elective
10341	Pain	04/24/2020  12:00:00 AM	04/08/2020  12:00:00 AM	Urgent
10342	Dental	04/24/2020  12:00:00 AM	04/09/2020  12:00:00 AM	Elective
10343	Electrophysiology	04/24/2020  12:00:00 AM	04/19/2020  12:00:00 AM	Elective
10344	Plastics	04/24/2020  12:00:00 AM	04/22/2020  12:00:00 AM	Elective
10345	Gynecology	04/24/2020  12:00:00 AM	04/22/2020  12:00:00 AM	Elective
10346	General	04/24/2020  12:00:00 AM	04/22/2020  12:00:00 AM	Urgent
10347	Neuroradiology	04/24/2020  12:00:00 AM	04/05/2020  12:00:00 AM	Urgent
10348	Gastroenterology	04/24/2020  12:00:00 AM	04/21/2020  12:00:00 AM	Elective
10349	Obstetrics	04/24/2020  12:00:00 AM	04/21/2020  12:00:00 AM	Urgent
10350	Podiatry	04/24/2020  12:00:00 AM	04/17/2020  12:00:00 AM	Elective
10351	Pain	04/24/2020  12:00:00 AM	04/16/2020  12:00:00 AM	Urgent
10352	Electroconvulsive Therapy	04/24/2020  12:00:00 AM	04/13/2020  12:00:00 AM	Urgent
10353	Gastroenterology	04/24/2020  12:00:00 AM	04/21/2020  12:00:00 AM	Urgent
10354	Electrophysiology	04/24/2020  12:00:00 AM	04/10/2020  12:00:00 AM	Elective
10355	Neuroradiology	04/24/2020  12:00:00 AM	04/22/2020  12:00:00 AM	Elective
10356	Plastics	04/24/2020  12:00:00 AM	04/19/2020  12:00:00 AM	Elective
10357	Interventional Radiology	04/24/2020  12:00:00 AM	04/12/2020  12:00:00 AM	Elective
10358	Orthopedics	04/24/2020  12:00:00 AM	04/15/2020  12:00:00 AM	Urgent
10359	Hepatology	04/24/2020  12:00:00 AM	04/11/2020  12:00:00 AM	Elective
10360	Dental	04/24/2020  12:00:00 AM	04/15/2020  12:00:00 AM	Urgent
10361	Pulmonary	04/24/2020  12:00:00 AM	04/05/2020  12:00:00 AM	Elective
10362	Vascular	04/24/2020  12:00:00 AM	04/11/2020  12:00:00 AM	Urgent
10363	Gynecology	04/24/2020  12:00:00 AM	04/09/2020  12:00:00 AM	Elective
10364	Gynecology	04/24/2020  12:00:00 AM	04/22/2020  12:00:00 AM	Urgent
10365	Ophthalmology	04/24/2020  12:00:00 AM	04/20/2020  12:00:00 AM	Elective
10366	Thoracic	04/24/2020  12:00:00 AM	04/21/2020  12:00:00 AM	Elective
10367	Neuroradiology	04/24/2020  12:00:00 AM	04/18/2020  12:00:00 AM	Elective
10368	Pulmonary	04/24/2020  12:00:00 AM	04/21/2020  12:00:00 AM	Urgent
10369	Obstetrics	04/24/2020  12:00:00 AM	04/11/2020  12:00:00 AM	Elective
10370	Pain	04/24/2020  12:00:00 AM	04/21/2020  12:00:00 AM	Urgent
10371	Pulmonary	04/24/2020  12:00:00 AM	04/11/2020  12:00:00 AM	Elective
10372	Ophthalmology	04/24/2020  12:00:00 AM	04/08/2020  12:00:00 AM	Elective
10373	Ophthalmology	04/24/2020  12:00:00 AM	04/09/2020  12:00:00 AM	Elective
10374	Thoracic	04/24/2020  12:00:00 AM	04/14/2020  12:00:00 AM	Elective
10375	Hepatology	04/24/2020  12:00:00 AM	04/23/2020  12:00:00 AM	Elective
10376	Gastroenterology	04/24/2020  12:00:00 AM	04/16/2020  12:00:00 AM	Elective
10377	Electroconvulsive Therapy	04/24/2020  12:00:00 AM	04/10/2020  12:00:00 AM	Urgent
10378	Neurosurgery	04/24/2020  12:00:00 AM	04/16/2020  12:00:00 AM	Urgent
10379	Gastroenterology	04/24/2020  12:00:00 AM	04/19/2020  12:00:00 AM	Elective
10380	Gastroenterology	04/24/2020  12:00:00 AM	04/22/2020  12:00:00 AM	Elective
10381	Orthopedics	04/24/2020  12:00:00 AM	04/19/2020  12:00:00 AM	Elective
10382	Neuroradiology	04/24/2020  12:00:00 AM	04/07/2020  12:00:00 AM	Urgent
10383	Ophthalmology	04/24/2020  12:00:00 AM	04/07/2020  12:00:00 AM	Urgent
10384	Pulmonary	04/24/2020  12:00:00 AM	04/19/2020  12:00:00 AM	Elective
10385	Urology	04/24/2020  12:00:00 AM	04/06/2020  12:00:00 AM	Elective
10386	General	04/24/2020  12:00:00 AM	04/16/2020  12:00:00 AM	Urgent
10387	General	04/24/2020  12:00:00 AM	04/18/2020  12:00:00 AM	Elective
10388	Hepatology	04/24/2020  12:00:00 AM	04/16/2020  12:00:00 AM	Urgent
10389	Cardiac	04/24/2020  12:00:00 AM	04/16/2020  12:00:00 AM	Urgent
10390	Electrophysiology	04/24/2020  12:00:00 AM	04/10/2020  12:00:00 AM	Urgent
10391	Pain	04/24/2020  12:00:00 AM	04/21/2020  12:00:00 AM	Elective
10392	Dental	04/24/2020  12:00:00 AM	04/17/2020  12:00:00 AM	Urgent
10393	Neuroradiology	04/24/2020  12:00:00 AM	04/16/2020  12:00:00 AM	Elective
10394	Pain	04/24/2020  12:00:00 AM	04/14/2020  12:00:00 AM	Urgent
10395	Electroconvulsive Therapy	04/24/2020  12:00:00 AM	04/23/2020  12:00:00 AM	Urgent
10396	Gastroenterology	04/24/2020  12:00:00 AM	04/20/2020  12:00:00 AM	Elective
10397	Podiatry	04/24/2020  12:00:00 AM	04/09/2020  12:00:00 AM	Elective
10398	Hepatology	04/24/2020  12:00:00 AM	04/05/2020  12:00:00 AM	Urgent
10399	Neuroradiology	04/24/2020  12:00:00 AM	04/23/2020  12:00:00 AM	Urgent
10400	Vascular	04/24/2020  12:00:00 AM	04/19/2020  12:00:00 AM	Elective
10401	General	04/24/2020  12:00:00 AM	04/07/2020  12:00:00 AM	Elective
10402	Thoracic	04/24/2020  12:00:00 AM	04/16/2020  12:00:00 AM	Urgent
10403	Electroconvulsive Therapy	04/24/2020  12:00:00 AM	04/18/2020  12:00:00 AM	Elective
10404	Orthopedics	04/24/2020  12:00:00 AM	04/22/2020  12:00:00 AM	Elective
10405	Plastics	04/24/2020  12:00:00 AM	04/11/2020  12:00:00 AM	Urgent
10406	Neurosurgery	04/24/2020  12:00:00 AM	04/18/2020  12:00:00 AM	Urgent
10407	Electroconvulsive Therapy	04/24/2020  12:00:00 AM	04/13/2020  12:00:00 AM	Urgent
10408	Neurosurgery	04/24/2020  12:00:00 AM	04/17/2020  12:00:00 AM	Urgent
10409	General	04/24/2020  12:00:00 AM	04/09/2020  12:00:00 AM	Urgent
10410	Gynecology	04/24/2020  12:00:00 AM	04/19/2020  12:00:00 AM	Elective
10411	Pulmonary	04/24/2020  12:00:00 AM	04/20/2020  12:00:00 AM	Elective
10412	General	04/24/2020  12:00:00 AM	04/05/2020  12:00:00 AM	Urgent
10413	General	04/24/2020  12:00:00 AM	04/08/2020  12:00:00 AM	Elective
10414	Electrophysiology	04/24/2020  12:00:00 AM	04/13/2020  12:00:00 AM	Urgent
