LOG_ID	OR_SERVICE	SURGERY_DATE	FIRST_SCHED_DATE	CASE_CLASS
10001	Neuroradiology	01/09/2020  12:00:00 AM	01/01/2020  12:00:00 AM	Elective
10002	Thoracic	01/09/2020  12:00:00 AM	01/04/2020  12:00:00 AM	Elective
10003	Vascular	01/09/2020  12:00:00 AM	12/29/2019  12:00:00 AM	Urgent
10004	Gynecology	01/09/2020  12:00:00 AM	12/28/2019  12:00:00 AM	Elective
10005	Podiatry	01/09/2020  12:00:00 AM	12/30/2019  12:00:00 AM	Elective
10006	General	01/09/2020  12:00:00 AM	12/24/2019  12:00:00 AM	Elective
10007	Vascular	01/09/2020  12:00:00 AM	01/08/2020  12:00:00 AM	Elective
10008	Neurosurgery	01/09/2020  12:00:00 AM	12/21/2019  12:00:00 AM	Elective
10009	Pain	01/09/2020  12:00:00 AM	01/07/2020  12:00:00 AM	Elective
10010	Neurosurgery	01/09/2020  12:00:00 AM	01/08/2020  12:00:00 AM	Elective
10011	Interventional Radiology	01/09/2020  12:00:00 AM	12/24/2019  12:00:00 AM	Urgent
10012	Gastroenterology	01/09/2020  12:00:00 AM	12/30/2019  12:00:00 AM	Urgent
10013	Neurosurgery	01/09/2020  12:00:00 AM	12/22/2019  12:00:00 AM	Elective
10014	Neuroradiology	01/09/2020  12:00:00 AM	01/07/2020  12:00:00 AM	Elective
10015	Thoracic	01/09/2020  12:00:00 AM	12/31/2019  12:00:00 AM	Elective
10016	General	01/09/2020  12:00:00 AM	01/03/2020  12:00:00 AM	Urgent
10017	Pulmonary	01/09/2020  12:00:00 AM	01/03/2020  12:00:00 AM	Urgent
10018	Vascular	01/09/2020  12:00:00 AM	01/04/2020  12:00:00 AM	Elective
10019	Obstetrics	01/09/2020  12:00:00 AM	12/26/2019  12:00:00 AM	Elective
10020	Neuroradiology	01/09/2020  12:00:00 AM	01/07/2020  12:00:00 AM	Urgent
10021	Interventional Radiology	01/09/2020  12:00:00 AM	01/01/2020  12:00:00 AM	Elective
10022	Neurosurgery	01/09/2020  12:00:00 AM	01/02/2020  12:00:00 AM	Urgent
10023	Cardiac	01/09/2020  12:00:00 AM	01/05/2020  12:00:00 AM	Urgent
10024	Interventional Radiology	01/09/2020  12:00:00 AM	12/25/2019  12:00:00 AM	Urgent
10025	Electrophysiology	01/09/2020  12:00:00 AM	12/31/2019  12:00:00 AM	Urgent
10026	General	01/09/2020  12:00:00 AM	12/24/2019  12:00:00 AM	Urgent
10027	Electrophysiology	01/09/2020  12:00:00 AM	12/25/2019  12:00:00 AM	Urgent
10028	Cardiac	01/09/2020  12:00:00 AM	01/03/2020  12:00:00 AM	Elective
10029	Cardiac	01/09/2020  12:00:00 AM	01/07/2020  12:00:00 AM	Elective
10030	Cardiac	01/09/2020  12:00:00 AM	01/01/2020  12:00:00 AM	Urgent
10031	Ophthalmology	01/09/2020  12:00:00 AM	01/08/2020  12:00:00 AM	Urgent
10032	Electrophysiology	01/09/2020  12:00:00 AM	12/31/2019  12:00:00 AM	Elective
10033	Hepatology	01/09/2020  12:00:00 AM	12/29/2019  12:00:00 AM	Urgent
10034	Pulmonary	01/09/2020  12:00:00 AM	01/05/2020  12:00:00 AM	Elective
10035	Thoracic	01/09/2020  12:00:00 AM	01/02/2020  12:00:00 AM	Urgent
10036	Electroconvulsive Therapy	01/09/2020  12:00:00 AM	01/03/2020  12:00:00 AM	Urgent
10037	Gastroenterology	01/09/2020  12:00:00 AM	01/02/2020  12:00:00 AM	Urgent
10038	Neuroradiology	01/09/2020  12:00:00 AM	01/03/2020  12:00:00 AM	Elective
10039	Cardiac	01/09/2020  12:00:00 AM	12/23/2019  12:00:00 AM	Urgent
10040	Pain	01/09/2020  12:00:00 AM	12/23/2019  12:00:00 AM	Elective
10041	General	01/09/2020  12:00:00 AM	12/27/2019  12:00:00 AM	Elective
10042	Gynecology	01/09/2020  12:00:00 AM	12/28/2019  12:00:00 AM	Urgent
10043	Obstetrics	01/09/2020  12:00:00 AM	12/30/2019  12:00:00 AM	Elective
10044	Neurosurgery	01/09/2020  12:00:00 AM	01/01/2020  12:00:00 AM	Urgent
10045	Hepatology	01/09/2020  12:00:00 AM	01/06/2020  12:00:00 AM	Elective
10046	Dental	01/09/2020  12:00:00 AM	12/31/2019  12:00:00 AM	Urgent
10047	Hepatology	01/09/2020  12:00:00 AM	12/22/2019  12:00:00 AM	Elective
10048	Obstetrics	01/09/2020  12:00:00 AM	12/30/2019  12:00:00 AM	Urgent
10049	Electrophysiology	01/09/2020  12:00:00 AM	01/08/2020  12:00:00 AM	Urgent
10050	Gastroenterology	01/09/2020  12:00:00 AM	01/04/2020  12:00:00 AM	Urgent
10051	General	01/09/2020  12:00:00 AM	12/26/2019  12:00:00 AM	Urgent
10052	Pain	01/09/2020  12:00:00 AM	12/24/2019  12:00:00 AM	Urgent
10053	Dental	01/09/2020  12:00:00 AM	01/04/2020  12:00:00 AM	Urgent
10054	Electroconvulsive Therapy	01/09/2020  12:00:00 AM	12/23/2019  12:00:00 AM	Urgent
10055	Orthopedics	01/09/2020  12:00:00 AM	12/26/2019  12:00:00 AM	Elective
10056	Neuroradiology	01/09/2020  12:00:00 AM	12/28/2019  12:00:00 AM	Urgent
10057	Hepatology	01/09/2020  12:00:00 AM	01/05/2020  12:00:00 AM	Urgent
10058	Vascular	01/09/2020  12:00:00 AM	12/28/2019  12:00:00 AM	Elective
10059	Neuroradiology	01/09/2020  12:00:00 AM	01/01/2020  12:00:00 AM	Elective
10060	Vascular	01/09/2020  12:00:00 AM	12/27/2019  12:00:00 AM	Elective
10061	Hepatology	01/09/2020  12:00:00 AM	01/06/2020  12:00:00 AM	Urgent
10062	Vascular	01/09/2020  12:00:00 AM	01/05/2020  12:00:00 AM	Urgent
10063	Gynecology	01/09/2020  12:00:00 AM	12/23/2019  12:00:00 AM	Elective
10064	Orthopedics	01/09/2020  12:00:00 AM	12/30/2019  12:00:00 AM	Urgent
10065	Hepatology	01/09/2020  12:00:00 AM	12/28/2019  12:00:00 AM	Urgent
10066	Neurosurgery	01/09/2020  12:00:00 AM	12/24/2019  12:00:00 AM	Urgent
10067	Podiatry	01/09/2020  12:00:00 AM	01/03/2020  12:00:00 AM	Elective
10068	Pulmonary	01/09/2020  12:00:00 AM	12/22/2019  12:00:00 AM	Urgent
10069	Obstetrics	01/09/2020  12:00:00 AM	01/07/2020  12:00:00 AM	Elective
10070	Orthopedics	01/09/2020  12:00:00 AM	01/01/2020  12:00:00 AM	Elective
10071	Neurosurgery	01/09/2020  12:00:00 AM	01/04/2020  12:00:00 AM	Urgent
10072	Electroconvulsive Therapy	01/09/2020  12:00:00 AM	01/07/2020  12:00:00 AM	Urgent
10073	General	01/09/2020  12:00:00 AM	12/30/2019  12:00:00 AM	Elective
10074	Orthopedics	01/09/2020  12:00:00 AM	01/01/2020  12:00:00 AM	Urgent
10075	Podiatry	01/09/2020  12:00:00 AM	01/04/2020  12:00:00 AM	Elective
10076	Thoracic	01/09/2020  12:00:00 AM	12/23/2019  12:00:00 AM	Elective
10077	Neuroradiology	01/09/2020  12:00:00 AM	01/08/2020  12:00:00 AM	Urgent
10078	Obstetrics	01/09/2020  12:00:00 AM	12/30/2019  12:00:00 AM	Urgent
10079	Neurosurgery	01/09/2020  12:00:00 AM	01/07/2020  12:00:00 AM	Urgent
10080	General	01/09/2020  12:00:00 AM	12/24/2019  12:00:00 AM	Elective
10081	Plastics	01/09/2020  12:00:00 AM	01/02/2020  12:00:00 AM	Urgent
10082	Hepatology	01/09/2020  12:00:00 AM	12/28/2019  12:00:00 AM	Urgent
10083	Thoracic	01/09/2020  12:00:00 AM	01/05/2020  12:00:00 AM	Urgent
10084	Electrophysiology	01/09/2020  12:00:00 AM	12/24/2019  12:00:00 AM	Elective
10085	Pain	01/09/2020  12:00:00 AM	01/05/2020  12:00:00 AM	Urgent
10086	Vascular	01/09/2020  12:00:00 AM	12/25/2019  12:00:00 AM	Urgent
10087	Gastroenterology	01/09/2020  12:00:00 AM	12/21/2019  12:00:00 AM	Elective
10088	Pain	01/09/2020  12:00:00 AM	12/29/2019  12:00:00 AM	Elective
10089	Electrophysiology	01/09/2020  12:00:00 AM	12/25/2019  12:00:00 AM	Elective
10090	Pain	01/09/2020  12:00:00 AM	12/25/2019  12:00:00 AM	Urgent
10091	Interventional Radiology	01/09/2020  12:00:00 AM	01/08/2020  12:00:00 AM	Elective
10092	Pulmonary	01/09/2020  12:00:00 AM	12/31/2019  12:00:00 AM	Elective
10093	Ophthalmology	01/09/2020  12:00:00 AM	01/06/2020  12:00:00 AM	Elective
10094	Podiatry	01/09/2020  12:00:00 AM	12/25/2019  12:00:00 AM	Urgent
10095	Cardiac	01/09/2020  12:00:00 AM	01/03/2020  12:00:00 AM	Urgent
10096	Vascular	01/09/2020  12:00:00 AM	01/02/2020  12:00:00 AM	Urgent
10097	Thoracic	01/09/2020  12:00:00 AM	12/26/2019  12:00:00 AM	Urgent
10098	Obstetrics	01/09/2020  12:00:00 AM	12/25/2019  12:00:00 AM	Urgent
10099	Interventional Radiology	01/09/2020  12:00:00 AM	12/26/2019  12:00:00 AM	Urgent
10100	Electroconvulsive Therapy	01/09/2020  12:00:00 AM	12/21/2019  12:00:00 AM	Urgent
10101	Neuroradiology	01/09/2020  12:00:00 AM	01/08/2020  12:00:00 AM	Urgent
10102	Electrophysiology	01/09/2020  12:00:00 AM	01/08/2020  12:00:00 AM	Urgent
10103	Urology	01/09/2020  12:00:00 AM	01/02/2020  12:00:00 AM	Urgent
10104	Ophthalmology	01/09/2020  12:00:00 AM	01/07/2020  12:00:00 AM	Urgent
10105	Plastics	01/09/2020  12:00:00 AM	12/29/2019  12:00:00 AM	Urgent
10106	Vascular	01/09/2020  12:00:00 AM	01/06/2020  12:00:00 AM	Elective
10107	Thoracic	01/09/2020  12:00:00 AM	12/29/2019  12:00:00 AM	Elective
10108	Urology	01/09/2020  12:00:00 AM	12/29/2019  12:00:00 AM	Elective
10109	Gastroenterology	01/09/2020  12:00:00 AM	12/30/2019  12:00:00 AM	Urgent
10110	General	01/09/2020  12:00:00 AM	12/25/2019  12:00:00 AM	Elective
10111	Neuroradiology	01/09/2020  12:00:00 AM	12/22/2019  12:00:00 AM	Elective
10112	Gastroenterology	01/09/2020  12:00:00 AM	12/26/2019  12:00:00 AM	Elective
10113	Interventional Radiology	01/09/2020  12:00:00 AM	01/08/2020  12:00:00 AM	Urgent
10114	Gastroenterology	01/09/2020  12:00:00 AM	12/27/2019  12:00:00 AM	Urgent
10115	Orthopedics	01/09/2020  12:00:00 AM	01/02/2020  12:00:00 AM	Urgent
10116	Orthopedics	01/09/2020  12:00:00 AM	12/31/2019  12:00:00 AM	Elective
10117	Thoracic	01/09/2020  12:00:00 AM	12/22/2019  12:00:00 AM	Urgent
10118	Podiatry	01/09/2020  12:00:00 AM	01/04/2020  12:00:00 AM	Elective
10119	Ophthalmology	01/09/2020  12:00:00 AM	12/23/2019  12:00:00 AM	Urgent
10120	Obstetrics	01/09/2020  12:00:00 AM	01/03/2020  12:00:00 AM	Urgent
10121	Orthopedics	01/09/2020  12:00:00 AM	12/26/2019  12:00:00 AM	Elective
10122	Pulmonary	01/09/2020  12:00:00 AM	01/01/2020  12:00:00 AM	Elective
10123	General	01/09/2020  12:00:00 AM	01/01/2020  12:00:00 AM	Urgent
10124	Obstetrics	01/09/2020  12:00:00 AM	12/27/2019  12:00:00 AM	Urgent
10125	Podiatry	01/09/2020  12:00:00 AM	01/04/2020  12:00:00 AM	Elective
10126	Urology	01/09/2020  12:00:00 AM	01/04/2020  12:00:00 AM	Urgent
10127	Plastics	01/09/2020  12:00:00 AM	12/31/2019  12:00:00 AM	Elective
10128	Plastics	01/09/2020  12:00:00 AM	12/25/2019  12:00:00 AM	Elective
10129	Orthopedics	01/09/2020  12:00:00 AM	12/31/2019  12:00:00 AM	Urgent
10130	Electrophysiology	01/09/2020  12:00:00 AM	12/26/2019  12:00:00 AM	Urgent
10131	Neuroradiology	01/09/2020  12:00:00 AM	12/24/2019  12:00:00 AM	Urgent
10132	Vascular	01/09/2020  12:00:00 AM	12/21/2019  12:00:00 AM	Elective
10133	Neuroradiology	01/09/2020  12:00:00 AM	12/29/2019  12:00:00 AM	Urgent
10134	Neurosurgery	01/09/2020  12:00:00 AM	01/02/2020  12:00:00 AM	Urgent
10135	Vascular	01/09/2020  12:00:00 AM	12/22/2019  12:00:00 AM	Elective
10136	Electroconvulsive Therapy	01/09/2020  12:00:00 AM	01/06/2020  12:00:00 AM	Urgent
10137	Plastics	01/09/2020  12:00:00 AM	12/22/2019  12:00:00 AM	Elective
10138	Urology	01/09/2020  12:00:00 AM	12/23/2019  12:00:00 AM	Urgent
10139	Urology	01/09/2020  12:00:00 AM	12/23/2019  12:00:00 AM	Elective
10140	Hepatology	01/09/2020  12:00:00 AM	01/01/2020  12:00:00 AM	Urgent
10141	Pain	01/09/2020  12:00:00 AM	01/05/2020  12:00:00 AM	Urgent
10142	Pulmonary	01/09/2020  12:00:00 AM	01/02/2020  12:00:00 AM	Elective
10143	Gastroenterology	01/09/2020  12:00:00 AM	01/02/2020  12:00:00 AM	Elective
10144	General	01/09/2020  12:00:00 AM	12/31/2019  12:00:00 AM	Urgent
10145	Orthopedics	01/09/2020  12:00:00 AM	12/29/2019  12:00:00 AM	Elective
10146	Orthopedics	01/09/2020  12:00:00 AM	12/22/2019  12:00:00 AM	Elective
10147	Urology	01/09/2020  12:00:00 AM	12/23/2019  12:00:00 AM	Elective
10148	Podiatry	01/09/2020  12:00:00 AM	12/24/2019  12:00:00 AM	Elective
10149	Pulmonary	01/09/2020  12:00:00 AM	12/23/2019  12:00:00 AM	Elective
10150	Orthopedics	01/09/2020  12:00:00 AM	01/05/2020  12:00:00 AM	Elective
10151	Neuroradiology	01/09/2020  12:00:00 AM	01/03/2020  12:00:00 AM	Urgent
10152	Ophthalmology	01/09/2020  12:00:00 AM	12/21/2019  12:00:00 AM	Urgent
10153	Pain	01/09/2020  12:00:00 AM	01/03/2020  12:00:00 AM	Urgent
10154	Gynecology	01/09/2020  12:00:00 AM	01/03/2020  12:00:00 AM	Urgent
10155	Vascular	01/09/2020  12:00:00 AM	01/06/2020  12:00:00 AM	Elective
10156	Neurosurgery	01/09/2020  12:00:00 AM	12/30/2019  12:00:00 AM	Elective
10157	Plastics	01/09/2020  12:00:00 AM	01/08/2020  12:00:00 AM	Urgent
10158	Ophthalmology	01/09/2020  12:00:00 AM	01/01/2020  12:00:00 AM	Elective
10159	Pain	01/09/2020  12:00:00 AM	01/04/2020  12:00:00 AM	Elective
10160	Hepatology	01/09/2020  12:00:00 AM	12/25/2019  12:00:00 AM	Elective
10161	Hepatology	01/09/2020  12:00:00 AM	01/03/2020  12:00:00 AM	Urgent
10162	Gastroenterology	01/09/2020  12:00:00 AM	12/29/2019  12:00:00 AM	Urgent
10163	Ophthalmology	01/09/2020  12:00:00 AM	01/03/2020  12:00:00 AM	Elective
10164	Vascular	01/09/2020  12:00:00 AM	01/04/2020  12:00:00 AM	Urgent
10165	Electrophysiology	01/09/2020  12:00:00 AM	12/21/2019  12:00:00 AM	Elective
10166	Gastroenterology	01/09/2020  12:00:00 AM	12/23/2019  12:00:00 AM	Elective
10167	Electroconvulsive Therapy	01/09/2020  12:00:00 AM	12/22/2019  12:00:00 AM	Elective
10168	Urology	01/09/2020  12:00:00 AM	12/22/2019  12:00:00 AM	Elective
10169	Pain	01/09/2020  12:00:00 AM	12/29/2019  12:00:00 AM	Elective
10170	Dental	01/09/2020  12:00:00 AM	12/27/2019  12:00:00 AM	Elective
10171	Neuroradiology	01/09/2020  12:00:00 AM	01/07/2020  12:00:00 AM	Urgent
10172	Vascular	01/09/2020  12:00:00 AM	12/23/2019  12:00:00 AM	Urgent
10173	Pain	01/09/2020  12:00:00 AM	12/25/2019  12:00:00 AM	Elective
10174	Gastroenterology	01/09/2020  12:00:00 AM	12/21/2019  12:00:00 AM	Urgent
10175	Obstetrics	01/09/2020  12:00:00 AM	01/01/2020  12:00:00 AM	Urgent
10176	Pulmonary	01/09/2020  12:00:00 AM	01/04/2020  12:00:00 AM	Urgent
10177	Interventional Radiology	01/09/2020  12:00:00 AM	12/24/2019  12:00:00 AM	Elective
10178	Gastroenterology	01/09/2020  12:00:00 AM	12/25/2019  12:00:00 AM	Elective
10179	Neuroradiology	01/09/2020  12:00:00 AM	12/31/2019  12:00:00 AM	Elective
10180	Electroconvulsive Therapy	01/09/2020  12:00:00 AM	12/23/2019  12:00:00 AM	Elective
10181	Electroconvulsive Therapy	01/09/2020  12:00:00 AM	12/25/2019  12:00:00 AM	Urgent
10182	Urology	01/09/2020  12:00:00 AM	01/05/2020  12:00:00 AM	Elective
10183	Electrophysiology	01/09/2020  12:00:00 AM	01/03/2020  12:00:00 AM	Elective
10184	Electrophysiology	01/09/2020  12:00:00 AM	01/04/2020  12:00:00 AM	Elective
10185	Dental	01/09/2020  12:00:00 AM	01/01/2020  12:00:00 AM	Elective
10186	Electrophysiology	01/09/2020  12:00:00 AM	12/31/2019  12:00:00 AM	Elective
10187	Dental	01/09/2020  12:00:00 AM	12/29/2019  12:00:00 AM	Urgent
10188	Hepatology	01/09/2020  12:00:00 AM	01/05/2020  12:00:00 AM	Elective
10189	Ophthalmology	01/09/2020  12:00:00 AM	12/24/2019  12:00:00 AM	Elective
10190	Ophthalmology	01/09/2020  12:00:00 AM	01/04/2020  12:00:00 AM	Elective
10191	Pulmonary	01/09/2020  12:00:00 AM	12/21/2019  12:00:00 AM	Elective
10192	Electroconvulsive Therapy	01/09/2020  12:00:00 AM	12/24/2019  12:00:00 AM	Urgent
10193	General	01/09/2020  12:00:00 AM	01/04/2020  12:00:00 AM	Urgent
10194	Dental	01/09/2020  12:00:00 AM	12/27/2019  12:00:00 AM	Elective
10195	Obstetrics	01/09/2020  12:00:00 AM	01/03/2020  12:00:00 AM	Elective
10196	Podiatry	01/09/2020  12:00:00 AM	12/28/2019  12:00:00 AM	Elective
10197	Thoracic	01/09/2020  12:00:00 AM	12/26/2019  12:00:00 AM	Urgent
10198	Electrophysiology	01/09/2020  12:00:00 AM	12/24/2019  12:00:00 AM	Urgent
10199	Electroconvulsive Therapy	01/09/2020  12:00:00 AM	12/22/2019  12:00:00 AM	Elective
10200	Gynecology	01/09/2020  12:00:00 AM	01/07/2020  12:00:00 AM	Elective
10201	Pulmonary	01/09/2020  12:00:00 AM	12/21/2019  12:00:00 AM	Elective
10202	Dental	01/09/2020  12:00:00 AM	12/26/2019  12:00:00 AM	Urgent
10203	Obstetrics	01/09/2020  12:00:00 AM	01/07/2020  12:00:00 AM	Urgent
10204	General	01/09/2020  12:00:00 AM	12/21/2019  12:00:00 AM	Urgent
10205	Orthopedics	01/09/2020  12:00:00 AM	01/08/2020  12:00:00 AM	Urgent
10206	Ophthalmology	01/09/2020  12:00:00 AM	12/28/2019  12:00:00 AM	Urgent
10207	Neuroradiology	01/09/2020  12:00:00 AM	12/25/2019  12:00:00 AM	Urgent
10208	Vascular	01/09/2020  12:00:00 AM	12/30/2019  12:00:00 AM	Elective
10209	Pain	01/09/2020  12:00:00 AM	01/04/2020  12:00:00 AM	Elective
10210	Pulmonary	01/09/2020  12:00:00 AM	01/04/2020  12:00:00 AM	Elective
10211	Ophthalmology	01/09/2020  12:00:00 AM	12/29/2019  12:00:00 AM	Urgent
10212	Interventional Radiology	01/09/2020  12:00:00 AM	01/07/2020  12:00:00 AM	Elective
10213	General	01/09/2020  12:00:00 AM	01/03/2020  12:00:00 AM	Elective
10214	Urology	01/09/2020  12:00:00 AM	01/03/2020  12:00:00 AM	Urgent
10215	General	01/09/2020  12:00:00 AM	12/28/2019  12:00:00 AM	Urgent
10216	Ophthalmology	01/09/2020  12:00:00 AM	12/21/2019  12:00:00 AM	Urgent
10217	Electroconvulsive Therapy	01/09/2020  12:00:00 AM	01/05/2020  12:00:00 AM	Urgent
10218	Hepatology	01/09/2020  12:00:00 AM	12/28/2019  12:00:00 AM	Urgent
10219	Neuroradiology	01/09/2020  12:00:00 AM	12/28/2019  12:00:00 AM	Urgent
10220	Vascular	01/09/2020  12:00:00 AM	12/28/2019  12:00:00 AM	Urgent
10221	Urology	01/09/2020  12:00:00 AM	12/21/2019  12:00:00 AM	Elective
10222	Plastics	01/09/2020  12:00:00 AM	01/03/2020  12:00:00 AM	Urgent
10223	Ophthalmology	01/09/2020  12:00:00 AM	12/22/2019  12:00:00 AM	Elective
10224	Ophthalmology	01/09/2020  12:00:00 AM	12/31/2019  12:00:00 AM	Elective
10225	Obstetrics	01/09/2020  12:00:00 AM	12/22/2019  12:00:00 AM	Urgent
10226	Orthopedics	01/09/2020  12:00:00 AM	01/06/2020  12:00:00 AM	Elective
10227	Hepatology	01/09/2020  12:00:00 AM	12/28/2019  12:00:00 AM	Urgent
10228	Urology	01/09/2020  12:00:00 AM	01/02/2020  12:00:00 AM	Elective
10229	Pain	01/09/2020  12:00:00 AM	12/24/2019  12:00:00 AM	Elective
10230	Thoracic	01/09/2020  12:00:00 AM	12/23/2019  12:00:00 AM	Elective
10231	Orthopedics	01/09/2020  12:00:00 AM	12/21/2019  12:00:00 AM	Urgent
10232	Thoracic	01/09/2020  12:00:00 AM	01/04/2020  12:00:00 AM	Urgent
10233	Orthopedics	01/09/2020  12:00:00 AM	01/08/2020  12:00:00 AM	Elective
10234	Urology	01/09/2020  12:00:00 AM	12/21/2019  12:00:00 AM	Elective
10235	Vascular	01/09/2020  12:00:00 AM	12/28/2019  12:00:00 AM	Urgent
10236	Podiatry	01/09/2020  12:00:00 AM	12/31/2019  12:00:00 AM	Urgent
10237	Hepatology	01/09/2020  12:00:00 AM	12/21/2019  12:00:00 AM	Urgent
10238	Neuroradiology	01/09/2020  12:00:00 AM	12/22/2019  12:00:00 AM	Urgent
10239	Neuroradiology	01/09/2020  12:00:00 AM	01/06/2020  12:00:00 AM	Elective
10240	Cardiac	01/09/2020  12:00:00 AM	01/05/2020  12:00:00 AM	Urgent
10241	Plastics	01/09/2020  12:00:00 AM	01/02/2020  12:00:00 AM	Elective
10242	Neurosurgery	01/09/2020  12:00:00 AM	01/06/2020  12:00:00 AM	Elective
10243	Pulmonary	01/09/2020  12:00:00 AM	12/29/2019  12:00:00 AM	Urgent
10244	Electroconvulsive Therapy	01/09/2020  12:00:00 AM	01/08/2020  12:00:00 AM	Elective
10245	Obstetrics	01/09/2020  12:00:00 AM	01/04/2020  12:00:00 AM	Elective
10246	Thoracic	01/09/2020  12:00:00 AM	01/04/2020  12:00:00 AM	Elective
10247	Cardiac	01/09/2020  12:00:00 AM	12/31/2019  12:00:00 AM	Urgent
10248	Urology	01/09/2020  12:00:00 AM	12/31/2019  12:00:00 AM	Elective
10249	Hepatology	01/09/2020  12:00:00 AM	01/01/2020  12:00:00 AM	Urgent
10250	Electrophysiology	01/09/2020  12:00:00 AM	12/22/2019  12:00:00 AM	Urgent
10251	Plastics	01/09/2020  12:00:00 AM	12/22/2019  12:00:00 AM	Elective
10252	Neuroradiology	01/09/2020  12:00:00 AM	12/28/2019  12:00:00 AM	Urgent
10253	Vascular	01/09/2020  12:00:00 AM	01/03/2020  12:00:00 AM	Urgent
10254	Neuroradiology	01/09/2020  12:00:00 AM	01/01/2020  12:00:00 AM	Urgent
10255	Ophthalmology	01/09/2020  12:00:00 AM	12/27/2019  12:00:00 AM	Urgent
10256	Gastroenterology	01/09/2020  12:00:00 AM	12/27/2019  12:00:00 AM	Elective
10257	Pulmonary	01/09/2020  12:00:00 AM	12/27/2019  12:00:00 AM	Urgent
10258	Orthopedics	01/09/2020  12:00:00 AM	12/31/2019  12:00:00 AM	Urgent
10259	Vascular	01/09/2020  12:00:00 AM	01/06/2020  12:00:00 AM	Urgent
10260	Cardiac	01/09/2020  12:00:00 AM	12/29/2019  12:00:00 AM	Elective
10261	Vascular	01/09/2020  12:00:00 AM	12/21/2019  12:00:00 AM	Urgent
10262	Podiatry	01/09/2020  12:00:00 AM	12/30/2019  12:00:00 AM	Elective
10263	Ophthalmology	01/09/2020  12:00:00 AM	01/08/2020  12:00:00 AM	Elective
10264	Obstetrics	01/09/2020  12:00:00 AM	01/06/2020  12:00:00 AM	Elective
10265	Gastroenterology	01/09/2020  12:00:00 AM	12/25/2019  12:00:00 AM	Urgent
10266	Urology	01/09/2020  12:00:00 AM	01/07/2020  12:00:00 AM	Elective
10267	Interventional Radiology	01/09/2020  12:00:00 AM	12/25/2019  12:00:00 AM	Elective
10268	Plastics	01/09/2020  12:00:00 AM	12/30/2019  12:00:00 AM	Urgent
10269	Hepatology	01/09/2020  12:00:00 AM	12/21/2019  12:00:00 AM	Elective
10270	Orthopedics	01/09/2020  12:00:00 AM	12/30/2019  12:00:00 AM	Urgent
10271	Pulmonary	01/09/2020  12:00:00 AM	01/05/2020  12:00:00 AM	Urgent
10272	Podiatry	01/09/2020  12:00:00 AM	12/24/2019  12:00:00 AM	Elective
10273	General	01/09/2020  12:00:00 AM	12/22/2019  12:00:00 AM	Elective
10274	Pulmonary	01/09/2020  12:00:00 AM	01/03/2020  12:00:00 AM	Urgent
10275	Gastroenterology	01/09/2020  12:00:00 AM	12/31/2019  12:00:00 AM	Elective
10276	Orthopedics	01/09/2020  12:00:00 AM	01/01/2020  12:00:00 AM	Elective
10277	Pain	01/09/2020  12:00:00 AM	01/06/2020  12:00:00 AM	Urgent
10278	Gastroenterology	01/09/2020  12:00:00 AM	12/28/2019  12:00:00 AM	Elective
10279	Dental	01/09/2020  12:00:00 AM	12/29/2019  12:00:00 AM	Elective
10280	Obstetrics	01/09/2020  12:00:00 AM	12/30/2019  12:00:00 AM	Elective
10281	Pain	01/09/2020  12:00:00 AM	12/30/2019  12:00:00 AM	Elective
10282	Orthopedics	01/09/2020  12:00:00 AM	12/30/2019  12:00:00 AM	Urgent
10283	Dental	01/09/2020  12:00:00 AM	12/22/2019  12:00:00 AM	Elective
10284	Podiatry	01/09/2020  12:00:00 AM	12/26/2019  12:00:00 AM	Urgent
10285	Thoracic	01/09/2020  12:00:00 AM	12/25/2019  12:00:00 AM	Urgent
10286	Orthopedics	01/09/2020  12:00:00 AM	01/08/2020  12:00:00 AM	Elective
10287	Urology	01/09/2020  12:00:00 AM	12/25/2019  12:00:00 AM	Urgent
10288	Neurosurgery	01/09/2020  12:00:00 AM	12/26/2019  12:00:00 AM	Elective
10289	Electrophysiology	01/09/2020  12:00:00 AM	01/01/2020  12:00:00 AM	Elective
10290	Neuroradiology	01/09/2020  12:00:00 AM	12/27/2019  12:00:00 AM	Elective
10291	Electroconvulsive Therapy	01/09/2020  12:00:00 AM	01/08/2020  12:00:00 AM	Urgent
10292	Orthopedics	01/09/2020  12:00:00 AM	12/29/2019  12:00:00 AM	Elective
10293	Plastics	01/09/2020  12:00:00 AM	01/03/2020  12:00:00 AM	Urgent
10294	Electroconvulsive Therapy	01/09/2020  12:00:00 AM	01/03/2020  12:00:00 AM	Urgent
10295	General	01/09/2020  12:00:00 AM	01/03/2020  12:00:00 AM	Urgent
10296	Podiatry	01/09/2020  12:00:00 AM	12/22/2019  12:00:00 AM	Elective
10297	Podiatry	01/09/2020  12:00:00 AM	12/24/2019  12:00:00 AM	Urgent
10298	Pain	01/09/2020  12:00:00 AM	01/07/2020  12:00:00 AM	Elective
10299	Pain	01/09/2020  12:00:00 AM	01/04/2020  12:00:00 AM	Urgent
10300	General	01/09/2020  12:00:00 AM	01/08/2020  12:00:00 AM	Elective
10301	Thoracic	01/09/2020  12:00:00 AM	12/21/2019  12:00:00 AM	Urgent
10302	Electrophysiology	01/09/2020  12:00:00 AM	12/24/2019  12:00:00 AM	Urgent
10303	Cardiac	01/09/2020  12:00:00 AM	12/24/2019  12:00:00 AM	Urgent
10304	Urology	01/09/2020  12:00:00 AM	01/04/2020  12:00:00 AM	Elective
10305	Dental	01/09/2020  12:00:00 AM	12/24/2019  12:00:00 AM	Elective
10306	Ophthalmology	01/09/2020  12:00:00 AM	01/02/2020  12:00:00 AM	Elective
10307	General	01/09/2020  12:00:00 AM	01/03/2020  12:00:00 AM	Urgent
10308	Gynecology	01/09/2020  12:00:00 AM	01/02/2020  12:00:00 AM	Urgent
10309	Interventional Radiology	01/09/2020  12:00:00 AM	12/25/2019  12:00:00 AM	Elective
10310	Gastroenterology	01/09/2020  12:00:00 AM	01/07/2020  12:00:00 AM	Elective
10311	Neurosurgery	01/09/2020  12:00:00 AM	01/07/2020  12:00:00 AM	Elective
10312	General	01/09/2020  12:00:00 AM	01/03/2020  12:00:00 AM	Elective
10313	Interventional Radiology	01/09/2020  12:00:00 AM	12/29/2019  12:00:00 AM	Urgent
10314	Gastroenterology	01/09/2020  12:00:00 AM	12/29/2019  12:00:00 AM	Elective
10315	Neurosurgery	01/09/2020  12:00:00 AM	12/31/2019  12:00:00 AM	Urgent
10316	Gastroenterology	01/09/2020  12:00:00 AM	12/30/2019  12:00:00 AM	Elective
10317	Thoracic	01/09/2020  12:00:00 AM	12/22/2019  12:00:00 AM	Elective
10318	Electrophysiology	01/09/2020  12:00:00 AM	12/31/2019  12:00:00 AM	Elective
10319	Ophthalmology	01/09/2020  12:00:00 AM	12/31/2019  12:00:00 AM	Elective
10320	Dental	01/09/2020  12:00:00 AM	01/01/2020  12:00:00 AM	Urgent
10321	Neuroradiology	01/09/2020  12:00:00 AM	01/07/2020  12:00:00 AM	Urgent
10322	Gynecology	01/09/2020  12:00:00 AM	01/03/2020  12:00:00 AM	Elective
10323	Dental	01/09/2020  12:00:00 AM	12/30/2019  12:00:00 AM	Urgent
10324	Pain	01/09/2020  12:00:00 AM	12/30/2019  12:00:00 AM	Elective
10325	Gynecology	01/09/2020  12:00:00 AM	12/26/2019  12:00:00 AM	Elective
10326	Podiatry	01/09/2020  12:00:00 AM	12/22/2019  12:00:00 AM	Urgent
10327	Obstetrics	01/09/2020  12:00:00 AM	12/28/2019  12:00:00 AM	Urgent
10328	Hepatology	01/09/2020  12:00:00 AM	01/03/2020  12:00:00 AM	Elective
10329	General	01/09/2020  12:00:00 AM	12/22/2019  12:00:00 AM	Elective
10330	Vascular	01/09/2020  12:00:00 AM	01/01/2020  12:00:00 AM	Urgent
10331	Pulmonary	01/09/2020  12:00:00 AM	12/22/2019  12:00:00 AM	Elective
10332	Pulmonary	01/09/2020  12:00:00 AM	01/03/2020  12:00:00 AM	Elective
10333	General	01/09/2020  12:00:00 AM	12/24/2019  12:00:00 AM	Elective
10334	Podiatry	01/09/2020  12:00:00 AM	12/22/2019  12:00:00 AM	Urgent
10335	Vascular	01/09/2020  12:00:00 AM	12/25/2019  12:00:00 AM	Elective
10336	Neurosurgery	01/09/2020  12:00:00 AM	12/23/2019  12:00:00 AM	Elective
10337	Podiatry	01/09/2020  12:00:00 AM	01/01/2020  12:00:00 AM	Elective
10338	Neuroradiology	01/09/2020  12:00:00 AM	12/23/2019  12:00:00 AM	Urgent
10339	Neurosurgery	01/09/2020  12:00:00 AM	01/01/2020  12:00:00 AM	Elective
10340	Cardiac	01/09/2020  12:00:00 AM	12/29/2019  12:00:00 AM	Urgent
10341	Hepatology	01/09/2020  12:00:00 AM	12/24/2019  12:00:00 AM	Elective
10342	Hepatology	01/09/2020  12:00:00 AM	12/25/2019  12:00:00 AM	Elective
10343	Podiatry	01/09/2020  12:00:00 AM	12/26/2019  12:00:00 AM	Urgent
10344	Electrophysiology	01/09/2020  12:00:00 AM	12/30/2019  12:00:00 AM	Elective
10345	Obstetrics	01/09/2020  12:00:00 AM	01/05/2020  12:00:00 AM	Elective
10346	Hepatology	01/09/2020  12:00:00 AM	12/27/2019  12:00:00 AM	Urgent
10347	Electrophysiology	01/09/2020  12:00:00 AM	12/27/2019  12:00:00 AM	Urgent
10348	Orthopedics	01/09/2020  12:00:00 AM	12/31/2019  12:00:00 AM	Urgent
10349	General	01/09/2020  12:00:00 AM	12/25/2019  12:00:00 AM	Urgent
10350	General	01/09/2020  12:00:00 AM	12/24/2019  12:00:00 AM	Elective
10351	Dental	01/09/2020  12:00:00 AM	12/28/2019  12:00:00 AM	Urgent
10352	Cardiac	01/09/2020  12:00:00 AM	01/03/2020  12:00:00 AM	Urgent
10353	Neurosurgery	01/09/2020  12:00:00 AM	12/30/2019  12:00:00 AM	Elective
10354	Electroconvulsive Therapy	01/09/2020  12:00:00 AM	01/02/2020  12:00:00 AM	Urgent
10355	Pulmonary	01/09/2020  12:00:00 AM	01/07/2020  12:00:00 AM	Elective
10356	Orthopedics	01/09/2020  12:00:00 AM	01/07/2020  12:00:00 AM	Elective
10357	Electroconvulsive Therapy	01/09/2020  12:00:00 AM	12/26/2019  12:00:00 AM	Elective
10358	Orthopedics	01/09/2020  12:00:00 AM	01/01/2020  12:00:00 AM	Urgent
10359	Ophthalmology	01/09/2020  12:00:00 AM	12/31/2019  12:00:00 AM	Elective
10360	Ophthalmology	01/09/2020  12:00:00 AM	12/25/2019  12:00:00 AM	Urgent
10361	General	01/09/2020  12:00:00 AM	12/22/2019  12:00:00 AM	Elective
10362	Urology	01/09/2020  12:00:00 AM	12/30/2019  12:00:00 AM	Elective
10363	Interventional Radiology	01/09/2020  12:00:00 AM	01/07/2020  12:00:00 AM	Urgent
10364	Electroconvulsive Therapy	01/09/2020  12:00:00 AM	12/24/2019  12:00:00 AM	Urgent
10365	Cardiac	01/09/2020  12:00:00 AM	12/28/2019  12:00:00 AM	Elective
10366	Pain	01/09/2020  12:00:00 AM	12/28/2019  12:00:00 AM	Urgent
10367	Podiatry	01/09/2020  12:00:00 AM	01/01/2020  12:00:00 AM	Elective
10368	General	01/09/2020  12:00:00 AM	01/01/2020  12:00:00 AM	Urgent
10369	Obstetrics	01/09/2020  12:00:00 AM	12/31/2019  12:00:00 AM	Elective
10370	Electroconvulsive Therapy	01/09/2020  12:00:00 AM	01/08/2020  12:00:00 AM	Elective
10371	Interventional Radiology	01/09/2020  12:00:00 AM	01/01/2020  12:00:00 AM	Elective
10372	Podiatry	01/09/2020  12:00:00 AM	12/28/2019  12:00:00 AM	Urgent
10373	Gastroenterology	01/09/2020  12:00:00 AM	12/28/2019  12:00:00 AM	Urgent
10374	Electroconvulsive Therapy	01/09/2020  12:00:00 AM	12/24/2019  12:00:00 AM	Elective
10375	Pulmonary	01/09/2020  12:00:00 AM	01/05/2020  12:00:00 AM	Elective
10376	Pulmonary	01/09/2020  12:00:00 AM	12/22/2019  12:00:00 AM	Elective
10377	Gynecology	01/09/2020  12:00:00 AM	01/08/2020  12:00:00 AM	Urgent
10378	Pulmonary	01/09/2020  12:00:00 AM	01/08/2020  12:00:00 AM	Elective
10379	Vascular	01/09/2020  12:00:00 AM	12/31/2019  12:00:00 AM	Urgent
10380	Neurosurgery	01/09/2020  12:00:00 AM	12/23/2019  12:00:00 AM	Elective
10381	Gastroenterology	01/09/2020  12:00:00 AM	12/26/2019  12:00:00 AM	Elective
10382	Electroconvulsive Therapy	01/09/2020  12:00:00 AM	01/03/2020  12:00:00 AM	Urgent
10383	Dental	01/09/2020  12:00:00 AM	12/26/2019  12:00:00 AM	Urgent
10384	Pain	01/09/2020  12:00:00 AM	01/03/2020  12:00:00 AM	Elective
10385	Gynecology	01/09/2020  12:00:00 AM	12/29/2019  12:00:00 AM	Elective
10386	Hepatology	01/09/2020  12:00:00 AM	01/05/2020  12:00:00 AM	Urgent
10387	Interventional Radiology	01/09/2020  12:00:00 AM	12/29/2019  12:00:00 AM	Urgent
10388	Urology	01/09/2020  12:00:00 AM	12/31/2019  12:00:00 AM	Elective
10389	Podiatry	01/09/2020  12:00:00 AM	12/21/2019  12:00:00 AM	Elective
10390	Neuroradiology	01/09/2020  12:00:00 AM	01/01/2020  12:00:00 AM	Elective
10391	Pain	01/09/2020  12:00:00 AM	01/01/2020  12:00:00 AM	Elective
10392	Ophthalmology	01/09/2020  12:00:00 AM	12/28/2019  12:00:00 AM	Elective
10393	Interventional Radiology	01/09/2020  12:00:00 AM	01/06/2020  12:00:00 AM	Elective
10394	Obstetrics	01/09/2020  12:00:00 AM	12/30/2019  12:00:00 AM	Urgent
10395	General	01/09/2020  12:00:00 AM	01/06/2020  12:00:00 AM	Elective
10396	Thoracic	01/09/2020  12:00:00 AM	12/31/2019  12:00:00 AM	Urgent
10397	Thoracic	01/09/2020  12:00:00 AM	12/25/2019  12:00:00 AM	Elective
10398	Neuroradiology	01/09/2020  12:00:00 AM	01/04/2020  12:00:00 AM	Urgent
10399	Orthopedics	01/09/2020  12:00:00 AM	12/24/2019  12:00:00 AM	Elective
10400	Obstetrics	01/09/2020  12:00:00 AM	12/23/2019  12:00:00 AM	Elective
10401	Plastics	01/09/2020  12:00:00 AM	01/01/2020  12:00:00 AM	Urgent
10402	Electroconvulsive Therapy	01/09/2020  12:00:00 AM	01/01/2020  12:00:00 AM	Urgent
10403	Cardiac	01/09/2020  12:00:00 AM	12/27/2019  12:00:00 AM	Urgent
10404	Thoracic	01/09/2020  12:00:00 AM	12/31/2019  12:00:00 AM	Urgent
10405	Urology	01/09/2020  12:00:00 AM	12/25/2019  12:00:00 AM	Urgent
10406	Neuroradiology	01/09/2020  12:00:00 AM	12/30/2019  12:00:00 AM	Urgent
10407	Dental	01/09/2020  12:00:00 AM	01/07/2020  12:00:00 AM	Urgent
10408	Orthopedics	01/09/2020  12:00:00 AM	12/28/2019  12:00:00 AM	Elective
10409	Gastroenterology	01/09/2020  12:00:00 AM	12/31/2019  12:00:00 AM	Urgent
10410	Thoracic	01/09/2020  12:00:00 AM	12/23/2019  12:00:00 AM	Elective
10411	Pain	01/09/2020  12:00:00 AM	01/06/2020  12:00:00 AM	Elective
10412	Interventional Radiology	01/09/2020  12:00:00 AM	12/26/2019  12:00:00 AM	Urgent
10413	Cardiac	01/09/2020  12:00:00 AM	12/22/2019  12:00:00 AM	Elective
10414	Urology	01/09/2020  12:00:00 AM	12/21/2019  12:00:00 AM	Urgent
