LOG_ID	OR_SERVICE	SURGERY_DATE	FIRST_SCHED_DATE	CASE_CLASS
10001	Obstetrics	03/08/2020  12:00:00 AM	02/26/2020  12:00:00 AM	Urgent
10002	Obstetrics	03/08/2020  12:00:00 AM	03/07/2020  12:00:00 AM	Elective
10003	Interventional Radiology	03/08/2020  12:00:00 AM	03/06/2020  12:00:00 AM	Urgent
10004	Neurosurgery	03/08/2020  12:00:00 AM	03/02/2020  12:00:00 AM	Urgent
10005	Ophthalmology	03/08/2020  12:00:00 AM	02/29/2020  12:00:00 AM	Elective
10006	Orthopedics	03/08/2020  12:00:00 AM	02/21/2020  12:00:00 AM	Urgent
10007	General	03/08/2020  12:00:00 AM	02/25/2020  12:00:00 AM	Elective
10008	Gastroenterology	03/08/2020  12:00:00 AM	03/04/2020  12:00:00 AM	Urgent
10009	Podiatry	03/08/2020  12:00:00 AM	02/20/2020  12:00:00 AM	Elective
10010	Hepatology	03/08/2020  12:00:00 AM	02/20/2020  12:00:00 AM	Urgent
10011	Plastics	03/08/2020  12:00:00 AM	02/24/2020  12:00:00 AM	Urgent
10012	Cardiac	03/08/2020  12:00:00 AM	03/07/2020  12:00:00 AM	Urgent
10013	Cardiac	03/08/2020  12:00:00 AM	03/05/2020  12:00:00 AM	Urgent
10014	Vascular	03/08/2020  12:00:00 AM	02/25/2020  12:00:00 AM	Urgent
10015	Obstetrics	03/08/2020  12:00:00 AM	03/07/2020  12:00:00 AM	Urgent
10016	Vascular	03/08/2020  12:00:00 AM	02/24/2020  12:00:00 AM	Elective
10017	Gynecology	03/08/2020  12:00:00 AM	02/26/2020  12:00:00 AM	Elective
10018	Neuroradiology	03/08/2020  12:00:00 AM	02/24/2020  12:00:00 AM	Elective
10019	Gastroenterology	03/08/2020  12:00:00 AM	02/28/2020  12:00:00 AM	Elective
10020	Ophthalmology	03/08/2020  12:00:00 AM	02/24/2020  12:00:00 AM	Urgent
10021	Thoracic	03/08/2020  12:00:00 AM	02/18/2020  12:00:00 AM	Elective
10022	Gastroenterology	03/08/2020  12:00:00 AM	03/02/2020  12:00:00 AM	Elective
10023	Electroconvulsive Therapy	03/08/2020  12:00:00 AM	03/05/2020  12:00:00 AM	Elective
10024	General	03/08/2020  12:00:00 AM	02/24/2020  12:00:00 AM	Elective
10025	Electrophysiology	03/08/2020  12:00:00 AM	02/21/2020  12:00:00 AM	Elective
10026	Obstetrics	03/08/2020  12:00:00 AM	02/23/2020  12:00:00 AM	Elective
10027	Pulmonary	03/08/2020  12:00:00 AM	03/05/2020  12:00:00 AM	Elective
10028	Hepatology	03/08/2020  12:00:00 AM	03/03/2020  12:00:00 AM	Elective
10029	Gynecology	03/08/2020  12:00:00 AM	02/21/2020  12:00:00 AM	Elective
10030	Vascular	03/08/2020  12:00:00 AM	02/21/2020  12:00:00 AM	Urgent
10031	Plastics	03/08/2020  12:00:00 AM	02/28/2020  12:00:00 AM	Elective
10032	Neurosurgery	03/08/2020  12:00:00 AM	03/07/2020  12:00:00 AM	Urgent
10033	Pulmonary	03/08/2020  12:00:00 AM	02/24/2020  12:00:00 AM	Elective
10034	Obstetrics	03/08/2020  12:00:00 AM	02/21/2020  12:00:00 AM	Urgent
10035	Podiatry	03/08/2020  12:00:00 AM	02/22/2020  12:00:00 AM	Elective
10036	Thoracic	03/08/2020  12:00:00 AM	02/24/2020  12:00:00 AM	Elective
10037	Cardiac	03/08/2020  12:00:00 AM	02/26/2020  12:00:00 AM	Urgent
10038	Podiatry	03/08/2020  12:00:00 AM	02/24/2020  12:00:00 AM	Elective
10039	Interventional Radiology	03/08/2020  12:00:00 AM	02/22/2020  12:00:00 AM	Elective
10040	Neuroradiology	03/08/2020  12:00:00 AM	02/27/2020  12:00:00 AM	Elective
10041	Pain	03/08/2020  12:00:00 AM	03/07/2020  12:00:00 AM	Elective
10042	General	03/08/2020  12:00:00 AM	02/26/2020  12:00:00 AM	Elective
10043	Ophthalmology	03/08/2020  12:00:00 AM	02/29/2020  12:00:00 AM	Urgent
10044	Hepatology	03/08/2020  12:00:00 AM	03/04/2020  12:00:00 AM	Elective
10045	Gynecology	03/08/2020  12:00:00 AM	03/03/2020  12:00:00 AM	Urgent
10046	General	03/08/2020  12:00:00 AM	02/27/2020  12:00:00 AM	Urgent
10047	Dental	03/08/2020  12:00:00 AM	02/24/2020  12:00:00 AM	Urgent
10048	Electroconvulsive Therapy	03/08/2020  12:00:00 AM	03/01/2020  12:00:00 AM	Elective
10049	Electroconvulsive Therapy	03/08/2020  12:00:00 AM	03/06/2020  12:00:00 AM	Elective
10050	Ophthalmology	03/08/2020  12:00:00 AM	02/20/2020  12:00:00 AM	Urgent
10051	Pulmonary	03/08/2020  12:00:00 AM	02/20/2020  12:00:00 AM	Elective
10052	Ophthalmology	03/08/2020  12:00:00 AM	02/22/2020  12:00:00 AM	Urgent
10053	Ophthalmology	03/08/2020  12:00:00 AM	02/26/2020  12:00:00 AM	Urgent
10054	Electroconvulsive Therapy	03/08/2020  12:00:00 AM	02/24/2020  12:00:00 AM	Elective
10055	Plastics	03/08/2020  12:00:00 AM	03/06/2020  12:00:00 AM	Elective
10056	Pulmonary	03/08/2020  12:00:00 AM	02/18/2020  12:00:00 AM	Elective
10057	Thoracic	03/08/2020  12:00:00 AM	02/29/2020  12:00:00 AM	Urgent
10058	Cardiac	03/08/2020  12:00:00 AM	02/19/2020  12:00:00 AM	Urgent
10059	Pulmonary	03/08/2020  12:00:00 AM	03/01/2020  12:00:00 AM	Elective
10060	Urology	03/08/2020  12:00:00 AM	02/19/2020  12:00:00 AM	Elective
10061	Obstetrics	03/08/2020  12:00:00 AM	02/26/2020  12:00:00 AM	Elective
10062	Ophthalmology	03/08/2020  12:00:00 AM	03/07/2020  12:00:00 AM	Urgent
10063	Ophthalmology	03/08/2020  12:00:00 AM	02/24/2020  12:00:00 AM	Elective
10064	Obstetrics	03/08/2020  12:00:00 AM	02/23/2020  12:00:00 AM	Elective
10065	Cardiac	03/08/2020  12:00:00 AM	02/19/2020  12:00:00 AM	Urgent
10066	Orthopedics	03/08/2020  12:00:00 AM	02/24/2020  12:00:00 AM	Elective
10067	Thoracic	03/08/2020  12:00:00 AM	02/19/2020  12:00:00 AM	Elective
10068	Vascular	03/08/2020  12:00:00 AM	02/23/2020  12:00:00 AM	Urgent
10069	Electrophysiology	03/08/2020  12:00:00 AM	02/27/2020  12:00:00 AM	Elective
10070	Pulmonary	03/08/2020  12:00:00 AM	02/21/2020  12:00:00 AM	Urgent
10071	Dental	03/08/2020  12:00:00 AM	02/29/2020  12:00:00 AM	Elective
10072	Cardiac	03/08/2020  12:00:00 AM	02/18/2020  12:00:00 AM	Elective
10073	Orthopedics	03/08/2020  12:00:00 AM	02/19/2020  12:00:00 AM	Elective
10074	Cardiac	03/08/2020  12:00:00 AM	02/29/2020  12:00:00 AM	Urgent
10075	Interventional Radiology	03/08/2020  12:00:00 AM	03/06/2020  12:00:00 AM	Elective
10076	Pulmonary	03/08/2020  12:00:00 AM	02/21/2020  12:00:00 AM	Urgent
10077	Plastics	03/08/2020  12:00:00 AM	02/19/2020  12:00:00 AM	Urgent
10078	Electroconvulsive Therapy	03/08/2020  12:00:00 AM	02/20/2020  12:00:00 AM	Urgent
10079	Cardiac	03/08/2020  12:00:00 AM	02/27/2020  12:00:00 AM	Elective
10080	Gastroenterology	03/08/2020  12:00:00 AM	02/28/2020  12:00:00 AM	Elective
10081	Orthopedics	03/08/2020  12:00:00 AM	03/07/2020  12:00:00 AM	Urgent
10082	Electrophysiology	03/08/2020  12:00:00 AM	02/20/2020  12:00:00 AM	Elective
10083	Urology	03/08/2020  12:00:00 AM	03/07/2020  12:00:00 AM	Elective
10084	Obstetrics	03/08/2020  12:00:00 AM	03/03/2020  12:00:00 AM	Elective
10085	Plastics	03/08/2020  12:00:00 AM	02/23/2020  12:00:00 AM	Elective
10086	Gastroenterology	03/08/2020  12:00:00 AM	03/01/2020  12:00:00 AM	Elective
10087	Hepatology	03/08/2020  12:00:00 AM	02/18/2020  12:00:00 AM	Elective
10088	Cardiac	03/08/2020  12:00:00 AM	03/02/2020  12:00:00 AM	Elective
10089	Neuroradiology	03/08/2020  12:00:00 AM	03/02/2020  12:00:00 AM	Urgent
10090	Ophthalmology	03/08/2020  12:00:00 AM	02/29/2020  12:00:00 AM	Urgent
10091	General	03/08/2020  12:00:00 AM	02/18/2020  12:00:00 AM	Urgent
10092	Urology	03/08/2020  12:00:00 AM	02/18/2020  12:00:00 AM	Urgent
10093	Ophthalmology	03/08/2020  12:00:00 AM	02/24/2020  12:00:00 AM	Elective
10094	Hepatology	03/08/2020  12:00:00 AM	02/23/2020  12:00:00 AM	Elective
10095	Pain	03/08/2020  12:00:00 AM	02/22/2020  12:00:00 AM	Urgent
10096	Cardiac	03/08/2020  12:00:00 AM	02/21/2020  12:00:00 AM	Elective
10097	Ophthalmology	03/08/2020  12:00:00 AM	02/24/2020  12:00:00 AM	Urgent
10098	Obstetrics	03/08/2020  12:00:00 AM	02/22/2020  12:00:00 AM	Urgent
10099	Dental	03/08/2020  12:00:00 AM	02/29/2020  12:00:00 AM	Elective
10100	Obstetrics	03/08/2020  12:00:00 AM	02/23/2020  12:00:00 AM	Elective
10101	Dental	03/08/2020  12:00:00 AM	02/19/2020  12:00:00 AM	Urgent
10102	Thoracic	03/08/2020  12:00:00 AM	02/28/2020  12:00:00 AM	Elective
10103	Hepatology	03/08/2020  12:00:00 AM	02/23/2020  12:00:00 AM	Elective
10104	Neuroradiology	03/08/2020  12:00:00 AM	02/21/2020  12:00:00 AM	Urgent
10105	Neuroradiology	03/08/2020  12:00:00 AM	03/01/2020  12:00:00 AM	Urgent
10106	Urology	03/08/2020  12:00:00 AM	02/20/2020  12:00:00 AM	Urgent
10107	General	03/08/2020  12:00:00 AM	02/22/2020  12:00:00 AM	Urgent
10108	Pulmonary	03/08/2020  12:00:00 AM	03/04/2020  12:00:00 AM	Elective
10109	Podiatry	03/08/2020  12:00:00 AM	02/19/2020  12:00:00 AM	Urgent
10110	Neurosurgery	03/08/2020  12:00:00 AM	02/21/2020  12:00:00 AM	Urgent
10111	Neuroradiology	03/08/2020  12:00:00 AM	02/27/2020  12:00:00 AM	Elective
10112	Gastroenterology	03/08/2020  12:00:00 AM	02/29/2020  12:00:00 AM	Urgent
10113	Neuroradiology	03/08/2020  12:00:00 AM	03/01/2020  12:00:00 AM	Elective
10114	Urology	03/08/2020  12:00:00 AM	02/28/2020  12:00:00 AM	Urgent
10115	Interventional Radiology	03/08/2020  12:00:00 AM	02/22/2020  12:00:00 AM	Urgent
10116	Thoracic	03/08/2020  12:00:00 AM	02/21/2020  12:00:00 AM	Urgent
10117	Obstetrics	03/08/2020  12:00:00 AM	02/18/2020  12:00:00 AM	Urgent
10118	Cardiac	03/08/2020  12:00:00 AM	02/25/2020  12:00:00 AM	Urgent
10119	Interventional Radiology	03/08/2020  12:00:00 AM	02/28/2020  12:00:00 AM	Elective
10120	Pain	03/08/2020  12:00:00 AM	02/18/2020  12:00:00 AM	Urgent
10121	Podiatry	03/08/2020  12:00:00 AM	03/07/2020  12:00:00 AM	Elective
10122	Obstetrics	03/08/2020  12:00:00 AM	03/04/2020  12:00:00 AM	Elective
10123	Podiatry	03/08/2020  12:00:00 AM	03/05/2020  12:00:00 AM	Urgent
10124	Gynecology	03/08/2020  12:00:00 AM	02/23/2020  12:00:00 AM	Elective
10125	Electrophysiology	03/08/2020  12:00:00 AM	03/03/2020  12:00:00 AM	Urgent
10126	Gastroenterology	03/08/2020  12:00:00 AM	02/28/2020  12:00:00 AM	Urgent
10127	Gastroenterology	03/08/2020  12:00:00 AM	02/19/2020  12:00:00 AM	Elective
10128	Neuroradiology	03/08/2020  12:00:00 AM	02/28/2020  12:00:00 AM	Elective
10129	Gastroenterology	03/08/2020  12:00:00 AM	03/01/2020  12:00:00 AM	Elective
10130	Hepatology	03/08/2020  12:00:00 AM	02/20/2020  12:00:00 AM	Elective
10131	General	03/08/2020  12:00:00 AM	03/07/2020  12:00:00 AM	Elective
10132	Ophthalmology	03/08/2020  12:00:00 AM	03/02/2020  12:00:00 AM	Urgent
10133	Urology	03/08/2020  12:00:00 AM	02/22/2020  12:00:00 AM	Elective
10134	Hepatology	03/08/2020  12:00:00 AM	02/22/2020  12:00:00 AM	Urgent
10135	Vascular	03/08/2020  12:00:00 AM	03/06/2020  12:00:00 AM	Elective
10136	Pain	03/08/2020  12:00:00 AM	02/22/2020  12:00:00 AM	Urgent
10137	Podiatry	03/08/2020  12:00:00 AM	02/27/2020  12:00:00 AM	Elective
10138	Pain	03/08/2020  12:00:00 AM	02/22/2020  12:00:00 AM	Elective
10139	Thoracic	03/08/2020  12:00:00 AM	02/23/2020  12:00:00 AM	Urgent
10140	Neurosurgery	03/08/2020  12:00:00 AM	03/06/2020  12:00:00 AM	Elective
10141	Obstetrics	03/08/2020  12:00:00 AM	02/24/2020  12:00:00 AM	Elective
10142	Ophthalmology	03/08/2020  12:00:00 AM	02/18/2020  12:00:00 AM	Urgent
10143	Ophthalmology	03/08/2020  12:00:00 AM	02/22/2020  12:00:00 AM	Elective
10144	Neuroradiology	03/08/2020  12:00:00 AM	02/29/2020  12:00:00 AM	Elective
10145	Electroconvulsive Therapy	03/08/2020  12:00:00 AM	02/24/2020  12:00:00 AM	Urgent
10146	Vascular	03/08/2020  12:00:00 AM	02/19/2020  12:00:00 AM	Elective
10147	Neurosurgery	03/08/2020  12:00:00 AM	02/19/2020  12:00:00 AM	Elective
10148	Orthopedics	03/08/2020  12:00:00 AM	03/02/2020  12:00:00 AM	Elective
10149	Urology	03/08/2020  12:00:00 AM	02/22/2020  12:00:00 AM	Urgent
10150	Dental	03/08/2020  12:00:00 AM	02/28/2020  12:00:00 AM	Urgent
10151	Dental	03/08/2020  12:00:00 AM	03/05/2020  12:00:00 AM	Urgent
10152	Cardiac	03/08/2020  12:00:00 AM	03/07/2020  12:00:00 AM	Elective
10153	Thoracic	03/08/2020  12:00:00 AM	02/22/2020  12:00:00 AM	Elective
10154	Podiatry	03/08/2020  12:00:00 AM	03/02/2020  12:00:00 AM	Urgent
10155	Podiatry	03/08/2020  12:00:00 AM	02/20/2020  12:00:00 AM	Elective
10156	Pain	03/08/2020  12:00:00 AM	03/05/2020  12:00:00 AM	Elective
10157	Thoracic	03/08/2020  12:00:00 AM	02/22/2020  12:00:00 AM	Elective
10158	Pain	03/08/2020  12:00:00 AM	02/29/2020  12:00:00 AM	Elective
10159	Pain	03/08/2020  12:00:00 AM	03/02/2020  12:00:00 AM	Elective
10160	Plastics	03/08/2020  12:00:00 AM	02/18/2020  12:00:00 AM	Elective
10161	Thoracic	03/08/2020  12:00:00 AM	02/25/2020  12:00:00 AM	Urgent
10162	Cardiac	03/08/2020  12:00:00 AM	02/29/2020  12:00:00 AM	Urgent
10163	Obstetrics	03/08/2020  12:00:00 AM	02/26/2020  12:00:00 AM	Elective
10164	Podiatry	03/08/2020  12:00:00 AM	03/01/2020  12:00:00 AM	Urgent
10165	Thoracic	03/08/2020  12:00:00 AM	03/06/2020  12:00:00 AM	Elective
10166	Cardiac	03/08/2020  12:00:00 AM	02/19/2020  12:00:00 AM	Elective
10167	Vascular	03/08/2020  12:00:00 AM	02/29/2020  12:00:00 AM	Urgent
10168	Electroconvulsive Therapy	03/08/2020  12:00:00 AM	02/28/2020  12:00:00 AM	Elective
10169	Podiatry	03/08/2020  12:00:00 AM	02/28/2020  12:00:00 AM	Urgent
10170	Urology	03/08/2020  12:00:00 AM	02/29/2020  12:00:00 AM	Elective
10171	Vascular	03/08/2020  12:00:00 AM	03/02/2020  12:00:00 AM	Urgent
10172	Vascular	03/08/2020  12:00:00 AM	03/04/2020  12:00:00 AM	Urgent
10173	Obstetrics	03/08/2020  12:00:00 AM	03/07/2020  12:00:00 AM	Elective
10174	General	03/08/2020  12:00:00 AM	03/01/2020  12:00:00 AM	Elective
10175	Orthopedics	03/08/2020  12:00:00 AM	02/23/2020  12:00:00 AM	Urgent
10176	General	03/08/2020  12:00:00 AM	02/25/2020  12:00:00 AM	Elective
10177	Gynecology	03/08/2020  12:00:00 AM	02/20/2020  12:00:00 AM	Urgent
10178	Neuroradiology	03/08/2020  12:00:00 AM	02/23/2020  12:00:00 AM	Elective
10179	Neurosurgery	03/08/2020  12:00:00 AM	02/19/2020  12:00:00 AM	Elective
10180	General	03/08/2020  12:00:00 AM	03/03/2020  12:00:00 AM	Urgent
10181	Orthopedics	03/08/2020  12:00:00 AM	02/28/2020  12:00:00 AM	Elective
10182	Ophthalmology	03/08/2020  12:00:00 AM	03/03/2020  12:00:00 AM	Elective
10183	Vascular	03/08/2020  12:00:00 AM	02/29/2020  12:00:00 AM	Elective
10184	Interventional Radiology	03/08/2020  12:00:00 AM	02/27/2020  12:00:00 AM	Elective
10185	Pulmonary	03/08/2020  12:00:00 AM	03/03/2020  12:00:00 AM	Elective
10186	Thoracic	03/08/2020  12:00:00 AM	03/02/2020  12:00:00 AM	Urgent
10187	Thoracic	03/08/2020  12:00:00 AM	03/06/2020  12:00:00 AM	Elective
10188	Vascular	03/08/2020  12:00:00 AM	02/20/2020  12:00:00 AM	Urgent
10189	Interventional Radiology	03/08/2020  12:00:00 AM	02/25/2020  12:00:00 AM	Elective
10190	Neurosurgery	03/08/2020  12:00:00 AM	02/26/2020  12:00:00 AM	Urgent
10191	Pulmonary	03/08/2020  12:00:00 AM	03/05/2020  12:00:00 AM	Elective
10192	Neuroradiology	03/08/2020  12:00:00 AM	02/23/2020  12:00:00 AM	Elective
10193	Interventional Radiology	03/08/2020  12:00:00 AM	03/07/2020  12:00:00 AM	Urgent
10194	Neurosurgery	03/08/2020  12:00:00 AM	02/19/2020  12:00:00 AM	Elective
10195	General	03/08/2020  12:00:00 AM	02/27/2020  12:00:00 AM	Elective
10196	Gastroenterology	03/08/2020  12:00:00 AM	03/03/2020  12:00:00 AM	Elective
10197	Obstetrics	03/08/2020  12:00:00 AM	02/26/2020  12:00:00 AM	Elective
10198	Podiatry	03/08/2020  12:00:00 AM	02/25/2020  12:00:00 AM	Elective
10199	Neuroradiology	03/08/2020  12:00:00 AM	03/07/2020  12:00:00 AM	Urgent
10200	Interventional Radiology	03/08/2020  12:00:00 AM	03/05/2020  12:00:00 AM	Elective
10201	Obstetrics	03/08/2020  12:00:00 AM	02/25/2020  12:00:00 AM	Urgent
10202	Neurosurgery	03/08/2020  12:00:00 AM	03/03/2020  12:00:00 AM	Elective
10203	General	03/08/2020  12:00:00 AM	03/05/2020  12:00:00 AM	Elective
10204	Cardiac	03/08/2020  12:00:00 AM	02/25/2020  12:00:00 AM	Elective
10205	Interventional Radiology	03/08/2020  12:00:00 AM	02/18/2020  12:00:00 AM	Urgent
10206	General	03/08/2020  12:00:00 AM	02/27/2020  12:00:00 AM	Urgent
10207	Vascular	03/08/2020  12:00:00 AM	03/04/2020  12:00:00 AM	Urgent
10208	General	03/08/2020  12:00:00 AM	02/22/2020  12:00:00 AM	Elective
10209	Vascular	03/08/2020  12:00:00 AM	03/05/2020  12:00:00 AM	Urgent
10210	Electrophysiology	03/08/2020  12:00:00 AM	02/26/2020  12:00:00 AM	Urgent
10211	Gastroenterology	03/08/2020  12:00:00 AM	03/03/2020  12:00:00 AM	Elective
10212	General	03/08/2020  12:00:00 AM	03/03/2020  12:00:00 AM	Elective
10213	Dental	03/08/2020  12:00:00 AM	03/07/2020  12:00:00 AM	Urgent
10214	Urology	03/08/2020  12:00:00 AM	03/03/2020  12:00:00 AM	Urgent
10215	Electroconvulsive Therapy	03/08/2020  12:00:00 AM	03/02/2020  12:00:00 AM	Urgent
10216	Ophthalmology	03/08/2020  12:00:00 AM	02/18/2020  12:00:00 AM	Urgent
10217	Urology	03/08/2020  12:00:00 AM	02/18/2020  12:00:00 AM	Urgent
10218	Interventional Radiology	03/08/2020  12:00:00 AM	02/19/2020  12:00:00 AM	Urgent
10219	Hepatology	03/08/2020  12:00:00 AM	02/20/2020  12:00:00 AM	Elective
10220	Podiatry	03/08/2020  12:00:00 AM	03/04/2020  12:00:00 AM	Elective
10221	Cardiac	03/08/2020  12:00:00 AM	03/04/2020  12:00:00 AM	Urgent
10222	Cardiac	03/08/2020  12:00:00 AM	03/05/2020  12:00:00 AM	Urgent
10223	Neuroradiology	03/08/2020  12:00:00 AM	03/07/2020  12:00:00 AM	Urgent
10224	Neurosurgery	03/08/2020  12:00:00 AM	02/22/2020  12:00:00 AM	Urgent
10225	Hepatology	03/08/2020  12:00:00 AM	02/22/2020  12:00:00 AM	Elective
10226	Hepatology	03/08/2020  12:00:00 AM	02/24/2020  12:00:00 AM	Elective
10227	Electroconvulsive Therapy	03/08/2020  12:00:00 AM	02/25/2020  12:00:00 AM	Urgent
10228	Podiatry	03/08/2020  12:00:00 AM	02/25/2020  12:00:00 AM	Elective
10229	Cardiac	03/08/2020  12:00:00 AM	02/24/2020  12:00:00 AM	Elective
10230	Pulmonary	03/08/2020  12:00:00 AM	03/05/2020  12:00:00 AM	Urgent
10231	Hepatology	03/08/2020  12:00:00 AM	02/27/2020  12:00:00 AM	Urgent
10232	Thoracic	03/08/2020  12:00:00 AM	03/05/2020  12:00:00 AM	Urgent
10233	Cardiac	03/08/2020  12:00:00 AM	02/29/2020  12:00:00 AM	Elective
10234	Neuroradiology	03/08/2020  12:00:00 AM	03/06/2020  12:00:00 AM	Urgent
10235	Obstetrics	03/08/2020  12:00:00 AM	03/05/2020  12:00:00 AM	Urgent
10236	Neurosurgery	03/08/2020  12:00:00 AM	02/19/2020  12:00:00 AM	Urgent
10237	Urology	03/08/2020  12:00:00 AM	02/25/2020  12:00:00 AM	Elective
10238	Interventional Radiology	03/08/2020  12:00:00 AM	03/01/2020  12:00:00 AM	Urgent
10239	Gastroenterology	03/08/2020  12:00:00 AM	02/27/2020  12:00:00 AM	Elective
10240	Plastics	03/08/2020  12:00:00 AM	02/23/2020  12:00:00 AM	Urgent
10241	Thoracic	03/08/2020  12:00:00 AM	02/18/2020  12:00:00 AM	Elective
10242	Gynecology	03/08/2020  12:00:00 AM	02/27/2020  12:00:00 AM	Elective
10243	Cardiac	03/08/2020  12:00:00 AM	03/07/2020  12:00:00 AM	Elective
10244	Neurosurgery	03/08/2020  12:00:00 AM	02/20/2020  12:00:00 AM	Urgent
10245	Pulmonary	03/08/2020  12:00:00 AM	02/29/2020  12:00:00 AM	Elective
10246	Thoracic	03/08/2020  12:00:00 AM	02/29/2020  12:00:00 AM	Urgent
10247	Plastics	03/08/2020  12:00:00 AM	02/21/2020  12:00:00 AM	Elective
10248	Pain	03/08/2020  12:00:00 AM	03/04/2020  12:00:00 AM	Elective
10249	Pulmonary	03/08/2020  12:00:00 AM	02/29/2020  12:00:00 AM	Elective
10250	General	03/08/2020  12:00:00 AM	02/25/2020  12:00:00 AM	Urgent
10251	Pain	03/08/2020  12:00:00 AM	02/29/2020  12:00:00 AM	Urgent
10252	Podiatry	03/08/2020  12:00:00 AM	02/20/2020  12:00:00 AM	Urgent
10253	Ophthalmology	03/08/2020  12:00:00 AM	03/05/2020  12:00:00 AM	Elective
10254	Gynecology	03/08/2020  12:00:00 AM	03/07/2020  12:00:00 AM	Elective
10255	Pulmonary	03/08/2020  12:00:00 AM	03/05/2020  12:00:00 AM	Elective
10256	Interventional Radiology	03/08/2020  12:00:00 AM	02/20/2020  12:00:00 AM	Urgent
10257	Interventional Radiology	03/08/2020  12:00:00 AM	02/27/2020  12:00:00 AM	Elective
10258	Ophthalmology	03/08/2020  12:00:00 AM	02/21/2020  12:00:00 AM	Elective
10259	Hepatology	03/08/2020  12:00:00 AM	02/23/2020  12:00:00 AM	Elective
10260	Neurosurgery	03/08/2020  12:00:00 AM	02/23/2020  12:00:00 AM	Urgent
10261	Podiatry	03/08/2020  12:00:00 AM	02/22/2020  12:00:00 AM	Elective
10262	Interventional Radiology	03/08/2020  12:00:00 AM	02/27/2020  12:00:00 AM	Urgent
10263	Interventional Radiology	03/08/2020  12:00:00 AM	03/03/2020  12:00:00 AM	Elective
10264	Gastroenterology	03/08/2020  12:00:00 AM	02/28/2020  12:00:00 AM	Urgent
10265	Pain	03/08/2020  12:00:00 AM	02/26/2020  12:00:00 AM	Urgent
10266	Neuroradiology	03/08/2020  12:00:00 AM	02/28/2020  12:00:00 AM	Elective
10267	Urology	03/08/2020  12:00:00 AM	03/02/2020  12:00:00 AM	Urgent
10268	Gynecology	03/08/2020  12:00:00 AM	02/20/2020  12:00:00 AM	Urgent
10269	Podiatry	03/08/2020  12:00:00 AM	02/20/2020  12:00:00 AM	Urgent
10270	Neuroradiology	03/08/2020  12:00:00 AM	02/25/2020  12:00:00 AM	Urgent
10271	Ophthalmology	03/08/2020  12:00:00 AM	02/19/2020  12:00:00 AM	Urgent
10272	Ophthalmology	03/08/2020  12:00:00 AM	02/21/2020  12:00:00 AM	Urgent
10273	Electrophysiology	03/08/2020  12:00:00 AM	03/06/2020  12:00:00 AM	Urgent
10274	Gastroenterology	03/08/2020  12:00:00 AM	03/02/2020  12:00:00 AM	Urgent
10275	Thoracic	03/08/2020  12:00:00 AM	03/03/2020  12:00:00 AM	Urgent
10276	Electrophysiology	03/08/2020  12:00:00 AM	02/19/2020  12:00:00 AM	Urgent
10277	Podiatry	03/08/2020  12:00:00 AM	03/02/2020  12:00:00 AM	Elective
10278	Neurosurgery	03/08/2020  12:00:00 AM	03/01/2020  12:00:00 AM	Elective
10279	Hepatology	03/08/2020  12:00:00 AM	03/03/2020  12:00:00 AM	Elective
10280	Gynecology	03/08/2020  12:00:00 AM	02/23/2020  12:00:00 AM	Elective
10281	Pain	03/08/2020  12:00:00 AM	03/06/2020  12:00:00 AM	Elective
10282	Electroconvulsive Therapy	03/08/2020  12:00:00 AM	02/21/2020  12:00:00 AM	Elective
10283	Podiatry	03/08/2020  12:00:00 AM	02/27/2020  12:00:00 AM	Elective
10284	Thoracic	03/08/2020  12:00:00 AM	02/23/2020  12:00:00 AM	Urgent
10285	Dental	03/08/2020  12:00:00 AM	02/20/2020  12:00:00 AM	Urgent
10286	Pain	03/08/2020  12:00:00 AM	03/03/2020  12:00:00 AM	Urgent
10287	Orthopedics	03/08/2020  12:00:00 AM	03/03/2020  12:00:00 AM	Elective
10288	Obstetrics	03/08/2020  12:00:00 AM	03/07/2020  12:00:00 AM	Urgent
10289	Plastics	03/08/2020  12:00:00 AM	02/20/2020  12:00:00 AM	Elective
10290	Electroconvulsive Therapy	03/08/2020  12:00:00 AM	02/29/2020  12:00:00 AM	Urgent
10291	Pain	03/08/2020  12:00:00 AM	02/19/2020  12:00:00 AM	Elective
10292	Obstetrics	03/08/2020  12:00:00 AM	02/28/2020  12:00:00 AM	Elective
10293	Electroconvulsive Therapy	03/08/2020  12:00:00 AM	02/20/2020  12:00:00 AM	Urgent
10294	Gynecology	03/08/2020  12:00:00 AM	02/18/2020  12:00:00 AM	Urgent
10295	Vascular	03/08/2020  12:00:00 AM	02/29/2020  12:00:00 AM	Urgent
10296	Orthopedics	03/08/2020  12:00:00 AM	02/24/2020  12:00:00 AM	Urgent
10297	Gynecology	03/08/2020  12:00:00 AM	03/03/2020  12:00:00 AM	Urgent
10298	Electrophysiology	03/08/2020  12:00:00 AM	02/28/2020  12:00:00 AM	Elective
10299	Neuroradiology	03/08/2020  12:00:00 AM	03/04/2020  12:00:00 AM	Urgent
10300	Neuroradiology	03/08/2020  12:00:00 AM	02/24/2020  12:00:00 AM	Urgent
10301	Electroconvulsive Therapy	03/08/2020  12:00:00 AM	03/04/2020  12:00:00 AM	Elective
10302	Neurosurgery	03/08/2020  12:00:00 AM	02/26/2020  12:00:00 AM	Elective
10303	Neurosurgery	03/08/2020  12:00:00 AM	02/18/2020  12:00:00 AM	Elective
10304	Interventional Radiology	03/08/2020  12:00:00 AM	02/21/2020  12:00:00 AM	Urgent
10305	Vascular	03/08/2020  12:00:00 AM	03/01/2020  12:00:00 AM	Urgent
10306	Electrophysiology	03/08/2020  12:00:00 AM	03/01/2020  12:00:00 AM	Urgent
10307	Gynecology	03/08/2020  12:00:00 AM	02/28/2020  12:00:00 AM	Urgent
10308	Pulmonary	03/08/2020  12:00:00 AM	02/26/2020  12:00:00 AM	Elective
10309	Electroconvulsive Therapy	03/08/2020  12:00:00 AM	03/05/2020  12:00:00 AM	Urgent
10310	Vascular	03/08/2020  12:00:00 AM	03/04/2020  12:00:00 AM	Urgent
10311	Hepatology	03/08/2020  12:00:00 AM	02/28/2020  12:00:00 AM	Elective
10312	Gynecology	03/08/2020  12:00:00 AM	02/21/2020  12:00:00 AM	Elective
10313	Podiatry	03/08/2020  12:00:00 AM	03/02/2020  12:00:00 AM	Urgent
10314	Gynecology	03/08/2020  12:00:00 AM	02/29/2020  12:00:00 AM	Elective
10315	Podiatry	03/08/2020  12:00:00 AM	02/27/2020  12:00:00 AM	Elective
10316	Orthopedics	03/08/2020  12:00:00 AM	02/23/2020  12:00:00 AM	Elective
10317	Ophthalmology	03/08/2020  12:00:00 AM	03/01/2020  12:00:00 AM	Elective
10318	Urology	03/08/2020  12:00:00 AM	02/29/2020  12:00:00 AM	Elective
10319	Thoracic	03/08/2020  12:00:00 AM	03/04/2020  12:00:00 AM	Elective
10320	Electrophysiology	03/08/2020  12:00:00 AM	02/20/2020  12:00:00 AM	Urgent
10321	Podiatry	03/08/2020  12:00:00 AM	03/05/2020  12:00:00 AM	Elective
10322	Thoracic	03/08/2020  12:00:00 AM	02/28/2020  12:00:00 AM	Urgent
10323	Thoracic	03/08/2020  12:00:00 AM	02/20/2020  12:00:00 AM	Elective
10324	Neuroradiology	03/08/2020  12:00:00 AM	02/22/2020  12:00:00 AM	Urgent
10325	Obstetrics	03/08/2020  12:00:00 AM	03/05/2020  12:00:00 AM	Urgent
10326	Neuroradiology	03/08/2020  12:00:00 AM	02/21/2020  12:00:00 AM	Elective
10327	Hepatology	03/08/2020  12:00:00 AM	02/28/2020  12:00:00 AM	Elective
10328	Electroconvulsive Therapy	03/08/2020  12:00:00 AM	03/01/2020  12:00:00 AM	Elective
10329	Hepatology	03/08/2020  12:00:00 AM	03/03/2020  12:00:00 AM	Urgent
10330	Gynecology	03/08/2020  12:00:00 AM	03/06/2020  12:00:00 AM	Urgent
10331	Vascular	03/08/2020  12:00:00 AM	03/02/2020  12:00:00 AM	Urgent
10332	Ophthalmology	03/08/2020  12:00:00 AM	02/28/2020  12:00:00 AM	Elective
10333	Dental	03/08/2020  12:00:00 AM	03/02/2020  12:00:00 AM	Urgent
10334	Ophthalmology	03/08/2020  12:00:00 AM	03/03/2020  12:00:00 AM	Elective
10335	Podiatry	03/08/2020  12:00:00 AM	03/01/2020  12:00:00 AM	Urgent
10336	Interventional Radiology	03/08/2020  12:00:00 AM	02/26/2020  12:00:00 AM	Urgent
10337	Pulmonary	03/08/2020  12:00:00 AM	03/02/2020  12:00:00 AM	Urgent
10338	Gastroenterology	03/08/2020  12:00:00 AM	02/27/2020  12:00:00 AM	Urgent
10339	Obstetrics	03/08/2020  12:00:00 AM	03/02/2020  12:00:00 AM	Elective
10340	Thoracic	03/08/2020  12:00:00 AM	02/19/2020  12:00:00 AM	Urgent
10341	Pulmonary	03/08/2020  12:00:00 AM	02/24/2020  12:00:00 AM	Urgent
10342	Plastics	03/08/2020  12:00:00 AM	02/25/2020  12:00:00 AM	Elective
10343	Electroconvulsive Therapy	03/08/2020  12:00:00 AM	02/22/2020  12:00:00 AM	Urgent
10344	Orthopedics	03/08/2020  12:00:00 AM	03/02/2020  12:00:00 AM	Elective
10345	Cardiac	03/08/2020  12:00:00 AM	02/27/2020  12:00:00 AM	Urgent
10346	Thoracic	03/08/2020  12:00:00 AM	02/22/2020  12:00:00 AM	Urgent
10347	Neurosurgery	03/08/2020  12:00:00 AM	02/29/2020  12:00:00 AM	Elective
10348	Obstetrics	03/08/2020  12:00:00 AM	02/21/2020  12:00:00 AM	Urgent
10349	Pulmonary	03/08/2020  12:00:00 AM	02/23/2020  12:00:00 AM	Urgent
10350	Electroconvulsive Therapy	03/08/2020  12:00:00 AM	03/05/2020  12:00:00 AM	Elective
10351	Neurosurgery	03/08/2020  12:00:00 AM	02/20/2020  12:00:00 AM	Urgent
10352	Cardiac	03/08/2020  12:00:00 AM	03/06/2020  12:00:00 AM	Urgent
10353	Orthopedics	03/08/2020  12:00:00 AM	02/24/2020  12:00:00 AM	Elective
10354	General	03/08/2020  12:00:00 AM	02/23/2020  12:00:00 AM	Urgent
10355	Urology	03/08/2020  12:00:00 AM	02/18/2020  12:00:00 AM	Urgent
10356	Dental	03/08/2020  12:00:00 AM	03/05/2020  12:00:00 AM	Elective
10357	Ophthalmology	03/08/2020  12:00:00 AM	02/26/2020  12:00:00 AM	Elective
10358	Orthopedics	03/08/2020  12:00:00 AM	02/18/2020  12:00:00 AM	Urgent
10359	Dental	03/08/2020  12:00:00 AM	02/20/2020  12:00:00 AM	Elective
10360	Pulmonary	03/08/2020  12:00:00 AM	02/24/2020  12:00:00 AM	Elective
10361	Neurosurgery	03/08/2020  12:00:00 AM	02/24/2020  12:00:00 AM	Urgent
10362	General	03/08/2020  12:00:00 AM	02/25/2020  12:00:00 AM	Urgent
10363	Neurosurgery	03/08/2020  12:00:00 AM	03/07/2020  12:00:00 AM	Elective
10364	Cardiac	03/08/2020  12:00:00 AM	03/01/2020  12:00:00 AM	Urgent
10365	Orthopedics	03/08/2020  12:00:00 AM	02/18/2020  12:00:00 AM	Elective
10366	Cardiac	03/08/2020  12:00:00 AM	02/23/2020  12:00:00 AM	Urgent
10367	Hepatology	03/08/2020  12:00:00 AM	03/06/2020  12:00:00 AM	Elective
10368	Urology	03/08/2020  12:00:00 AM	02/21/2020  12:00:00 AM	Urgent
10369	Urology	03/08/2020  12:00:00 AM	03/07/2020  12:00:00 AM	Urgent
10370	Neuroradiology	03/08/2020  12:00:00 AM	02/23/2020  12:00:00 AM	Elective
10371	Neuroradiology	03/08/2020  12:00:00 AM	02/21/2020  12:00:00 AM	Urgent
10372	Dental	03/08/2020  12:00:00 AM	03/05/2020  12:00:00 AM	Urgent
10373	Podiatry	03/08/2020  12:00:00 AM	02/26/2020  12:00:00 AM	Urgent
10374	Orthopedics	03/08/2020  12:00:00 AM	02/18/2020  12:00:00 AM	Elective
10375	Neurosurgery	03/08/2020  12:00:00 AM	02/23/2020  12:00:00 AM	Elective
10376	Gastroenterology	03/08/2020  12:00:00 AM	02/28/2020  12:00:00 AM	Urgent
10377	Dental	03/08/2020  12:00:00 AM	02/19/2020  12:00:00 AM	Urgent
10378	Ophthalmology	03/08/2020  12:00:00 AM	02/22/2020  12:00:00 AM	Elective
10379	Podiatry	03/08/2020  12:00:00 AM	02/21/2020  12:00:00 AM	Urgent
10380	Electroconvulsive Therapy	03/08/2020  12:00:00 AM	03/01/2020  12:00:00 AM	Urgent
10381	General	03/08/2020  12:00:00 AM	03/03/2020  12:00:00 AM	Urgent
10382	Cardiac	03/08/2020  12:00:00 AM	02/26/2020  12:00:00 AM	Urgent
10383	Podiatry	03/08/2020  12:00:00 AM	02/26/2020  12:00:00 AM	Urgent
10384	Vascular	03/08/2020  12:00:00 AM	02/25/2020  12:00:00 AM	Urgent
10385	Electroconvulsive Therapy	03/08/2020  12:00:00 AM	02/27/2020  12:00:00 AM	Elective
10386	Dental	03/08/2020  12:00:00 AM	03/05/2020  12:00:00 AM	Elective
10387	Pain	03/08/2020  12:00:00 AM	03/03/2020  12:00:00 AM	Elective
10388	Podiatry	03/08/2020  12:00:00 AM	02/22/2020  12:00:00 AM	Urgent
10389	Electroconvulsive Therapy	03/08/2020  12:00:00 AM	02/22/2020  12:00:00 AM	Elective
10390	Podiatry	03/08/2020  12:00:00 AM	02/26/2020  12:00:00 AM	Elective
10391	Thoracic	03/08/2020  12:00:00 AM	02/26/2020  12:00:00 AM	Urgent
10392	Plastics	03/08/2020  12:00:00 AM	03/06/2020  12:00:00 AM	Elective
10393	Dental	03/08/2020  12:00:00 AM	03/02/2020  12:00:00 AM	Elective
10394	Plastics	03/08/2020  12:00:00 AM	03/06/2020  12:00:00 AM	Urgent
10395	Gynecology	03/08/2020  12:00:00 AM	02/29/2020  12:00:00 AM	Elective
10396	Urology	03/08/2020  12:00:00 AM	02/28/2020  12:00:00 AM	Elective
10397	Electrophysiology	03/08/2020  12:00:00 AM	02/25/2020  12:00:00 AM	Urgent
10398	Pain	03/08/2020  12:00:00 AM	02/22/2020  12:00:00 AM	Urgent
10399	Podiatry	03/08/2020  12:00:00 AM	02/24/2020  12:00:00 AM	Urgent
10400	Electrophysiology	03/08/2020  12:00:00 AM	02/22/2020  12:00:00 AM	Urgent
10401	Electrophysiology	03/08/2020  12:00:00 AM	02/24/2020  12:00:00 AM	Elective
10402	Neuroradiology	03/08/2020  12:00:00 AM	02/28/2020  12:00:00 AM	Elective
10403	Podiatry	03/08/2020  12:00:00 AM	02/25/2020  12:00:00 AM	Urgent
10404	Ophthalmology	03/08/2020  12:00:00 AM	02/26/2020  12:00:00 AM	Urgent
10405	Hepatology	03/08/2020  12:00:00 AM	03/03/2020  12:00:00 AM	Urgent
10406	Obstetrics	03/08/2020  12:00:00 AM	03/06/2020  12:00:00 AM	Urgent
10407	Pulmonary	03/08/2020  12:00:00 AM	02/21/2020  12:00:00 AM	Urgent
10408	Plastics	03/08/2020  12:00:00 AM	03/03/2020  12:00:00 AM	Urgent
10409	Gastroenterology	03/08/2020  12:00:00 AM	03/05/2020  12:00:00 AM	Elective
10410	Vascular	03/08/2020  12:00:00 AM	02/20/2020  12:00:00 AM	Urgent
10411	Pulmonary	03/08/2020  12:00:00 AM	03/06/2020  12:00:00 AM	Urgent
10412	Dental	03/08/2020  12:00:00 AM	02/18/2020  12:00:00 AM	Elective
10413	Vascular	03/08/2020  12:00:00 AM	03/04/2020  12:00:00 AM	Urgent
10414	Cardiac	03/08/2020  12:00:00 AM	02/18/2020  12:00:00 AM	Elective
