LOG_ID	OR_SERVICE	SURGERY_DATE	FIRST_SCHED_DATE	CASE_CLASS
10001	Vascular	05/04/2020  12:00:00 AM	04/17/2020  12:00:00 AM	Urgent
10002	Ophthalmology	05/04/2020  12:00:00 AM	04/24/2020  12:00:00 AM	Elective
10003	Gastroenterology	05/04/2020  12:00:00 AM	05/03/2020  12:00:00 AM	Elective
10004	Electrophysiology	05/04/2020  12:00:00 AM	04/17/2020  12:00:00 AM	Urgent
10005	Interventional Radiology	05/04/2020  12:00:00 AM	04/23/2020  12:00:00 AM	Elective
10006	Gynecology	05/04/2020  12:00:00 AM	04/19/2020  12:00:00 AM	Urgent
10007	Ophthalmology	05/04/2020  12:00:00 AM	04/22/2020  12:00:00 AM	Urgent
10008	Obstetrics	05/04/2020  12:00:00 AM	04/28/2020  12:00:00 AM	Elective
10009	Electroconvulsive Therapy	05/04/2020  12:00:00 AM	04/30/2020  12:00:00 AM	Elective
10010	Vascular	05/04/2020  12:00:00 AM	04/30/2020  12:00:00 AM	Elective
10011	Urology	05/04/2020  12:00:00 AM	04/24/2020  12:00:00 AM	Urgent
10012	General	05/04/2020  12:00:00 AM	05/02/2020  12:00:00 AM	Elective
10013	Electrophysiology	05/04/2020  12:00:00 AM	04/28/2020  12:00:00 AM	Elective
10014	Ophthalmology	05/04/2020  12:00:00 AM	04/25/2020  12:00:00 AM	Elective
10015	Cardiac	05/04/2020  12:00:00 AM	05/03/2020  12:00:00 AM	Elective
10016	Ophthalmology	05/04/2020  12:00:00 AM	04/23/2020  12:00:00 AM	Urgent
10017	Podiatry	05/04/2020  12:00:00 AM	05/03/2020  12:00:00 AM	Elective
10018	Plastics	05/04/2020  12:00:00 AM	04/29/2020  12:00:00 AM	Elective
10019	Podiatry	05/04/2020  12:00:00 AM	04/17/2020  12:00:00 AM	Elective
10020	Interventional Radiology	05/04/2020  12:00:00 AM	04/17/2020  12:00:00 AM	Urgent
10021	Vascular	05/04/2020  12:00:00 AM	04/30/2020  12:00:00 AM	Urgent
10022	General	05/04/2020  12:00:00 AM	04/20/2020  12:00:00 AM	Urgent
10023	Pulmonary	05/04/2020  12:00:00 AM	04/15/2020  12:00:00 AM	Urgent
10024	Plastics	05/04/2020  12:00:00 AM	04/30/2020  12:00:00 AM	Elective
10025	Neurosurgery	05/04/2020  12:00:00 AM	04/29/2020  12:00:00 AM	Urgent
10026	General	05/04/2020  12:00:00 AM	04/15/2020  12:00:00 AM	Elective
10027	Thoracic	05/04/2020  12:00:00 AM	04/26/2020  12:00:00 AM	Elective
10028	Neuroradiology	05/04/2020  12:00:00 AM	04/26/2020  12:00:00 AM	Elective
10029	General	05/04/2020  12:00:00 AM	04/20/2020  12:00:00 AM	Urgent
10030	Gynecology	05/04/2020  12:00:00 AM	04/26/2020  12:00:00 AM	Elective
10031	Gastroenterology	05/04/2020  12:00:00 AM	04/25/2020  12:00:00 AM	Elective
10032	Plastics	05/04/2020  12:00:00 AM	04/26/2020  12:00:00 AM	Urgent
10033	Interventional Radiology	05/04/2020  12:00:00 AM	04/17/2020  12:00:00 AM	Urgent
10034	Dental	05/04/2020  12:00:00 AM	04/21/2020  12:00:00 AM	Urgent
10035	Orthopedics	05/04/2020  12:00:00 AM	04/21/2020  12:00:00 AM	Urgent
10036	Gastroenterology	05/04/2020  12:00:00 AM	04/23/2020  12:00:00 AM	Urgent
10037	Urology	05/04/2020  12:00:00 AM	04/30/2020  12:00:00 AM	Urgent
10038	Orthopedics	05/04/2020  12:00:00 AM	04/15/2020  12:00:00 AM	Elective
10039	Gastroenterology	05/04/2020  12:00:00 AM	04/24/2020  12:00:00 AM	Urgent
10040	General	05/04/2020  12:00:00 AM	04/30/2020  12:00:00 AM	Elective
10041	Electroconvulsive Therapy	05/04/2020  12:00:00 AM	04/22/2020  12:00:00 AM	Urgent
10042	Cardiac	05/04/2020  12:00:00 AM	04/19/2020  12:00:00 AM	Urgent
10043	General	05/04/2020  12:00:00 AM	04/17/2020  12:00:00 AM	Elective
10044	Thoracic	05/04/2020  12:00:00 AM	04/17/2020  12:00:00 AM	Urgent
10045	Cardiac	05/04/2020  12:00:00 AM	04/19/2020  12:00:00 AM	Urgent
10046	Ophthalmology	05/04/2020  12:00:00 AM	04/27/2020  12:00:00 AM	Elective
10047	Cardiac	05/04/2020  12:00:00 AM	04/27/2020  12:00:00 AM	Urgent
10048	Cardiac	05/04/2020  12:00:00 AM	04/25/2020  12:00:00 AM	Elective
10049	Interventional Radiology	05/04/2020  12:00:00 AM	04/15/2020  12:00:00 AM	Urgent
10050	Ophthalmology	05/04/2020  12:00:00 AM	04/15/2020  12:00:00 AM	Urgent
10051	Gynecology	05/04/2020  12:00:00 AM	05/02/2020  12:00:00 AM	Urgent
10052	Plastics	05/04/2020  12:00:00 AM	04/22/2020  12:00:00 AM	Elective
10053	Podiatry	05/04/2020  12:00:00 AM	04/27/2020  12:00:00 AM	Elective
10054	Plastics	05/04/2020  12:00:00 AM	05/01/2020  12:00:00 AM	Elective
10055	Plastics	05/04/2020  12:00:00 AM	04/15/2020  12:00:00 AM	Urgent
10056	Gastroenterology	05/04/2020  12:00:00 AM	04/19/2020  12:00:00 AM	Urgent
10057	Vascular	05/04/2020  12:00:00 AM	04/26/2020  12:00:00 AM	Elective
10058	Dental	05/04/2020  12:00:00 AM	04/24/2020  12:00:00 AM	Elective
10059	Electroconvulsive Therapy	05/04/2020  12:00:00 AM	04/25/2020  12:00:00 AM	Urgent
10060	Thoracic	05/04/2020  12:00:00 AM	04/28/2020  12:00:00 AM	Elective
10061	General	05/04/2020  12:00:00 AM	05/03/2020  12:00:00 AM	Elective
10062	General	05/04/2020  12:00:00 AM	04/20/2020  12:00:00 AM	Elective
10063	Electrophysiology	05/04/2020  12:00:00 AM	04/26/2020  12:00:00 AM	Elective
10064	Orthopedics	05/04/2020  12:00:00 AM	04/28/2020  12:00:00 AM	Urgent
10065	Vascular	05/04/2020  12:00:00 AM	04/21/2020  12:00:00 AM	Urgent
10066	Electroconvulsive Therapy	05/04/2020  12:00:00 AM	04/20/2020  12:00:00 AM	Urgent
10067	Obstetrics	05/04/2020  12:00:00 AM	04/17/2020  12:00:00 AM	Urgent
10068	Gynecology	05/04/2020  12:00:00 AM	04/25/2020  12:00:00 AM	Elective
10069	Urology	05/04/2020  12:00:00 AM	04/15/2020  12:00:00 AM	Elective
10070	Neurosurgery	05/04/2020  12:00:00 AM	04/25/2020  12:00:00 AM	Elective
10071	Obstetrics	05/04/2020  12:00:00 AM	04/18/2020  12:00:00 AM	Urgent
10072	Gynecology	05/04/2020  12:00:00 AM	04/19/2020  12:00:00 AM	Urgent
10073	Neuroradiology	05/04/2020  12:00:00 AM	04/30/2020  12:00:00 AM	Elective
10074	Electrophysiology	05/04/2020  12:00:00 AM	04/19/2020  12:00:00 AM	Urgent
10075	Pain	05/04/2020  12:00:00 AM	04/21/2020  12:00:00 AM	Urgent
10076	Cardiac	05/04/2020  12:00:00 AM	04/29/2020  12:00:00 AM	Urgent
10077	Urology	05/04/2020  12:00:00 AM	04/20/2020  12:00:00 AM	Elective
10078	Gastroenterology	05/04/2020  12:00:00 AM	04/27/2020  12:00:00 AM	Elective
10079	Neuroradiology	05/04/2020  12:00:00 AM	04/28/2020  12:00:00 AM	Elective
10080	Urology	05/04/2020  12:00:00 AM	04/30/2020  12:00:00 AM	Urgent
10081	Ophthalmology	05/04/2020  12:00:00 AM	04/18/2020  12:00:00 AM	Urgent
10082	Dental	05/04/2020  12:00:00 AM	04/24/2020  12:00:00 AM	Urgent
10083	Obstetrics	05/04/2020  12:00:00 AM	05/03/2020  12:00:00 AM	Urgent
10084	Urology	05/04/2020  12:00:00 AM	04/18/2020  12:00:00 AM	Elective
10085	Vascular	05/04/2020  12:00:00 AM	04/28/2020  12:00:00 AM	Urgent
10086	Electrophysiology	05/04/2020  12:00:00 AM	05/03/2020  12:00:00 AM	Urgent
10087	Vascular	05/04/2020  12:00:00 AM	04/16/2020  12:00:00 AM	Urgent
10088	Dental	05/04/2020  12:00:00 AM	04/21/2020  12:00:00 AM	Elective
10089	Neurosurgery	05/04/2020  12:00:00 AM	04/27/2020  12:00:00 AM	Urgent
10090	Plastics	05/04/2020  12:00:00 AM	04/24/2020  12:00:00 AM	Urgent
10091	Dental	05/04/2020  12:00:00 AM	04/18/2020  12:00:00 AM	Urgent
10092	Neuroradiology	05/04/2020  12:00:00 AM	05/01/2020  12:00:00 AM	Elective
10093	Neuroradiology	05/04/2020  12:00:00 AM	04/17/2020  12:00:00 AM	Urgent
10094	Orthopedics	05/04/2020  12:00:00 AM	04/15/2020  12:00:00 AM	Urgent
10095	Interventional Radiology	05/04/2020  12:00:00 AM	04/28/2020  12:00:00 AM	Elective
10096	Thoracic	05/04/2020  12:00:00 AM	04/21/2020  12:00:00 AM	Elective
10097	Pain	05/04/2020  12:00:00 AM	04/21/2020  12:00:00 AM	Elective
10098	Podiatry	05/04/2020  12:00:00 AM	04/30/2020  12:00:00 AM	Urgent
10099	Orthopedics	05/04/2020  12:00:00 AM	04/20/2020  12:00:00 AM	Urgent
10100	Neurosurgery	05/04/2020  12:00:00 AM	04/20/2020  12:00:00 AM	Elective
10101	Pain	05/04/2020  12:00:00 AM	05/01/2020  12:00:00 AM	Elective
10102	Urology	05/04/2020  12:00:00 AM	04/28/2020  12:00:00 AM	Urgent
10103	Cardiac	05/04/2020  12:00:00 AM	04/30/2020  12:00:00 AM	Elective
10104	Pulmonary	05/04/2020  12:00:00 AM	04/18/2020  12:00:00 AM	Urgent
10105	Ophthalmology	05/04/2020  12:00:00 AM	04/25/2020  12:00:00 AM	Elective
10106	Neurosurgery	05/04/2020  12:00:00 AM	04/17/2020  12:00:00 AM	Elective
10107	Obstetrics	05/04/2020  12:00:00 AM	04/15/2020  12:00:00 AM	Urgent
10108	Podiatry	05/04/2020  12:00:00 AM	05/03/2020  12:00:00 AM	Urgent
10109	Neuroradiology	05/04/2020  12:00:00 AM	04/16/2020  12:00:00 AM	Urgent
10110	Electroconvulsive Therapy	05/04/2020  12:00:00 AM	04/15/2020  12:00:00 AM	Elective
10111	Hepatology	05/04/2020  12:00:00 AM	05/02/2020  12:00:00 AM	Elective
10112	Ophthalmology	05/04/2020  12:00:00 AM	04/29/2020  12:00:00 AM	Urgent
10113	Vascular	05/04/2020  12:00:00 AM	04/25/2020  12:00:00 AM	Urgent
10114	Plastics	05/04/2020  12:00:00 AM	04/19/2020  12:00:00 AM	Urgent
10115	Gynecology	05/04/2020  12:00:00 AM	04/23/2020  12:00:00 AM	Urgent
10116	Neuroradiology	05/04/2020  12:00:00 AM	04/20/2020  12:00:00 AM	Urgent
10117	Pain	05/04/2020  12:00:00 AM	04/20/2020  12:00:00 AM	Elective
10118	Hepatology	05/04/2020  12:00:00 AM	04/24/2020  12:00:00 AM	Urgent
10119	Neurosurgery	05/04/2020  12:00:00 AM	04/21/2020  12:00:00 AM	Urgent
10120	Interventional Radiology	05/04/2020  12:00:00 AM	04/15/2020  12:00:00 AM	Urgent
10121	Dental	05/04/2020  12:00:00 AM	04/18/2020  12:00:00 AM	Elective
10122	Orthopedics	05/04/2020  12:00:00 AM	04/24/2020  12:00:00 AM	Urgent
10123	Cardiac	05/04/2020  12:00:00 AM	04/19/2020  12:00:00 AM	Urgent
10124	Vascular	05/04/2020  12:00:00 AM	04/26/2020  12:00:00 AM	Urgent
10125	Vascular	05/04/2020  12:00:00 AM	04/25/2020  12:00:00 AM	Urgent
10126	Podiatry	05/04/2020  12:00:00 AM	04/19/2020  12:00:00 AM	Urgent
10127	Vascular	05/04/2020  12:00:00 AM	04/22/2020  12:00:00 AM	Urgent
10128	Electroconvulsive Therapy	05/04/2020  12:00:00 AM	04/20/2020  12:00:00 AM	Elective
10129	Dental	05/04/2020  12:00:00 AM	04/16/2020  12:00:00 AM	Urgent
10130	Podiatry	05/04/2020  12:00:00 AM	04/20/2020  12:00:00 AM	Urgent
10131	Obstetrics	05/04/2020  12:00:00 AM	05/02/2020  12:00:00 AM	Urgent
10132	Podiatry	05/04/2020  12:00:00 AM	04/23/2020  12:00:00 AM	Urgent
10133	Pulmonary	05/04/2020  12:00:00 AM	04/25/2020  12:00:00 AM	Urgent
10134	Urology	05/04/2020  12:00:00 AM	04/26/2020  12:00:00 AM	Elective
10135	Hepatology	05/04/2020  12:00:00 AM	04/24/2020  12:00:00 AM	Urgent
10136	Thoracic	05/04/2020  12:00:00 AM	04/17/2020  12:00:00 AM	Urgent
10137	Gynecology	05/04/2020  12:00:00 AM	04/26/2020  12:00:00 AM	Urgent
10138	Electroconvulsive Therapy	05/04/2020  12:00:00 AM	05/01/2020  12:00:00 AM	Urgent
10139	General	05/04/2020  12:00:00 AM	04/26/2020  12:00:00 AM	Urgent
10140	Electroconvulsive Therapy	05/04/2020  12:00:00 AM	04/16/2020  12:00:00 AM	Urgent
10141	Neurosurgery	05/04/2020  12:00:00 AM	04/20/2020  12:00:00 AM	Elective
10142	Pulmonary	05/04/2020  12:00:00 AM	04/17/2020  12:00:00 AM	Elective
10143	Gastroenterology	05/04/2020  12:00:00 AM	04/24/2020  12:00:00 AM	Urgent
10144	Thoracic	05/04/2020  12:00:00 AM	04/30/2020  12:00:00 AM	Elective
10145	Gastroenterology	05/04/2020  12:00:00 AM	04/18/2020  12:00:00 AM	Urgent
10146	Obstetrics	05/04/2020  12:00:00 AM	04/24/2020  12:00:00 AM	Elective
10147	Plastics	05/04/2020  12:00:00 AM	04/15/2020  12:00:00 AM	Elective
10148	Thoracic	05/04/2020  12:00:00 AM	04/19/2020  12:00:00 AM	Urgent
10149	Plastics	05/04/2020  12:00:00 AM	05/03/2020  12:00:00 AM	Elective
10150	Neurosurgery	05/04/2020  12:00:00 AM	04/26/2020  12:00:00 AM	Elective
10151	Hepatology	05/04/2020  12:00:00 AM	04/22/2020  12:00:00 AM	Urgent
10152	Ophthalmology	05/04/2020  12:00:00 AM	04/16/2020  12:00:00 AM	Urgent
10153	Ophthalmology	05/04/2020  12:00:00 AM	04/19/2020  12:00:00 AM	Elective
10154	Orthopedics	05/04/2020  12:00:00 AM	04/24/2020  12:00:00 AM	Urgent
10155	Thoracic	05/04/2020  12:00:00 AM	04/15/2020  12:00:00 AM	Urgent
10156	Podiatry	05/04/2020  12:00:00 AM	04/26/2020  12:00:00 AM	Urgent
10157	Gastroenterology	05/04/2020  12:00:00 AM	04/22/2020  12:00:00 AM	Urgent
10158	Electroconvulsive Therapy	05/04/2020  12:00:00 AM	04/17/2020  12:00:00 AM	Urgent
10159	Gynecology	05/04/2020  12:00:00 AM	04/29/2020  12:00:00 AM	Elective
10160	Podiatry	05/04/2020  12:00:00 AM	04/15/2020  12:00:00 AM	Urgent
10161	Podiatry	05/04/2020  12:00:00 AM	05/02/2020  12:00:00 AM	Urgent
10162	Gynecology	05/04/2020  12:00:00 AM	04/21/2020  12:00:00 AM	Urgent
10163	Electroconvulsive Therapy	05/04/2020  12:00:00 AM	05/01/2020  12:00:00 AM	Urgent
10164	Ophthalmology	05/04/2020  12:00:00 AM	04/25/2020  12:00:00 AM	Elective
10165	General	05/04/2020  12:00:00 AM	04/30/2020  12:00:00 AM	Elective
10166	Orthopedics	05/04/2020  12:00:00 AM	04/29/2020  12:00:00 AM	Urgent
10167	General	05/04/2020  12:00:00 AM	04/28/2020  12:00:00 AM	Urgent
10168	Vascular	05/04/2020  12:00:00 AM	04/25/2020  12:00:00 AM	Elective
10169	Gynecology	05/04/2020  12:00:00 AM	04/16/2020  12:00:00 AM	Elective
10170	Hepatology	05/04/2020  12:00:00 AM	04/29/2020  12:00:00 AM	Urgent
10171	Gynecology	05/04/2020  12:00:00 AM	04/22/2020  12:00:00 AM	Elective
10172	Orthopedics	05/04/2020  12:00:00 AM	04/26/2020  12:00:00 AM	Urgent
10173	Orthopedics	05/04/2020  12:00:00 AM	04/25/2020  12:00:00 AM	Urgent
10174	Cardiac	05/04/2020  12:00:00 AM	04/15/2020  12:00:00 AM	Urgent
10175	Electrophysiology	05/04/2020  12:00:00 AM	04/28/2020  12:00:00 AM	Elective
10176	Orthopedics	05/04/2020  12:00:00 AM	04/24/2020  12:00:00 AM	Elective
10177	General	05/04/2020  12:00:00 AM	04/18/2020  12:00:00 AM	Elective
10178	Dental	05/04/2020  12:00:00 AM	04/18/2020  12:00:00 AM	Elective
10179	Ophthalmology	05/04/2020  12:00:00 AM	04/25/2020  12:00:00 AM	Elective
10180	Hepatology	05/04/2020  12:00:00 AM	04/24/2020  12:00:00 AM	Elective
10181	Hepatology	05/04/2020  12:00:00 AM	04/24/2020  12:00:00 AM	Elective
10182	Neurosurgery	05/04/2020  12:00:00 AM	04/20/2020  12:00:00 AM	Elective
10183	Electrophysiology	05/04/2020  12:00:00 AM	04/22/2020  12:00:00 AM	Urgent
10184	Pulmonary	05/04/2020  12:00:00 AM	04/18/2020  12:00:00 AM	Elective
10185	Orthopedics	05/04/2020  12:00:00 AM	05/02/2020  12:00:00 AM	Elective
10186	Ophthalmology	05/04/2020  12:00:00 AM	04/26/2020  12:00:00 AM	Urgent
10187	Hepatology	05/04/2020  12:00:00 AM	04/15/2020  12:00:00 AM	Elective
10188	Obstetrics	05/04/2020  12:00:00 AM	04/21/2020  12:00:00 AM	Urgent
10189	Urology	05/04/2020  12:00:00 AM	04/19/2020  12:00:00 AM	Elective
10190	Gynecology	05/04/2020  12:00:00 AM	04/15/2020  12:00:00 AM	Urgent
10191	Gastroenterology	05/04/2020  12:00:00 AM	04/24/2020  12:00:00 AM	Elective
10192	Gynecology	05/04/2020  12:00:00 AM	04/18/2020  12:00:00 AM	Elective
10193	Neuroradiology	05/04/2020  12:00:00 AM	04/24/2020  12:00:00 AM	Elective
10194	Electroconvulsive Therapy	05/04/2020  12:00:00 AM	04/18/2020  12:00:00 AM	Urgent
10195	Podiatry	05/04/2020  12:00:00 AM	05/01/2020  12:00:00 AM	Elective
10196	Cardiac	05/04/2020  12:00:00 AM	04/21/2020  12:00:00 AM	Elective
10197	Gynecology	05/04/2020  12:00:00 AM	04/20/2020  12:00:00 AM	Elective
10198	Gastroenterology	05/04/2020  12:00:00 AM	04/30/2020  12:00:00 AM	Urgent
10199	Orthopedics	05/04/2020  12:00:00 AM	05/02/2020  12:00:00 AM	Urgent
10200	Vascular	05/04/2020  12:00:00 AM	04/15/2020  12:00:00 AM	Urgent
10201	Electrophysiology	05/04/2020  12:00:00 AM	05/03/2020  12:00:00 AM	Urgent
10202	Vascular	05/04/2020  12:00:00 AM	04/20/2020  12:00:00 AM	Elective
10203	Electrophysiology	05/04/2020  12:00:00 AM	04/16/2020  12:00:00 AM	Urgent
10204	Hepatology	05/04/2020  12:00:00 AM	04/29/2020  12:00:00 AM	Urgent
10205	Ophthalmology	05/04/2020  12:00:00 AM	04/17/2020  12:00:00 AM	Elective
10206	Podiatry	05/04/2020  12:00:00 AM	04/27/2020  12:00:00 AM	Elective
10207	Hepatology	05/04/2020  12:00:00 AM	04/30/2020  12:00:00 AM	Urgent
10208	Pain	05/04/2020  12:00:00 AM	05/02/2020  12:00:00 AM	Urgent
10209	General	05/04/2020  12:00:00 AM	04/22/2020  12:00:00 AM	Urgent
10210	General	05/04/2020  12:00:00 AM	04/17/2020  12:00:00 AM	Urgent
10211	Plastics	05/04/2020  12:00:00 AM	04/21/2020  12:00:00 AM	Elective
10212	Hepatology	05/04/2020  12:00:00 AM	05/02/2020  12:00:00 AM	Urgent
10213	Pain	05/04/2020  12:00:00 AM	05/01/2020  12:00:00 AM	Urgent
10214	Electrophysiology	05/04/2020  12:00:00 AM	04/18/2020  12:00:00 AM	Urgent
10215	Vascular	05/04/2020  12:00:00 AM	05/01/2020  12:00:00 AM	Urgent
10216	Obstetrics	05/04/2020  12:00:00 AM	05/03/2020  12:00:00 AM	Elective
10217	Plastics	05/04/2020  12:00:00 AM	04/30/2020  12:00:00 AM	Urgent
10218	Ophthalmology	05/04/2020  12:00:00 AM	04/18/2020  12:00:00 AM	Elective
10219	Hepatology	05/04/2020  12:00:00 AM	05/03/2020  12:00:00 AM	Elective
10220	Plastics	05/04/2020  12:00:00 AM	04/30/2020  12:00:00 AM	Elective
10221	Neurosurgery	05/04/2020  12:00:00 AM	05/03/2020  12:00:00 AM	Urgent
10222	Vascular	05/04/2020  12:00:00 AM	05/03/2020  12:00:00 AM	Elective
10223	Dental	05/04/2020  12:00:00 AM	04/27/2020  12:00:00 AM	Urgent
10224	Podiatry	05/04/2020  12:00:00 AM	04/15/2020  12:00:00 AM	Elective
10225	Plastics	05/04/2020  12:00:00 AM	04/15/2020  12:00:00 AM	Elective
10226	Thoracic	05/04/2020  12:00:00 AM	04/16/2020  12:00:00 AM	Urgent
10227	Interventional Radiology	05/04/2020  12:00:00 AM	05/03/2020  12:00:00 AM	Urgent
10228	Vascular	05/04/2020  12:00:00 AM	04/30/2020  12:00:00 AM	Elective
10229	Urology	05/04/2020  12:00:00 AM	05/01/2020  12:00:00 AM	Urgent
10230	Electroconvulsive Therapy	05/04/2020  12:00:00 AM	04/22/2020  12:00:00 AM	Elective
10231	Hepatology	05/04/2020  12:00:00 AM	04/18/2020  12:00:00 AM	Elective
10232	Obstetrics	05/04/2020  12:00:00 AM	04/28/2020  12:00:00 AM	Urgent
10233	Obstetrics	05/04/2020  12:00:00 AM	04/30/2020  12:00:00 AM	Urgent
10234	Podiatry	05/04/2020  12:00:00 AM	04/22/2020  12:00:00 AM	Elective
10235	Electroconvulsive Therapy	05/04/2020  12:00:00 AM	04/24/2020  12:00:00 AM	Urgent
10236	Cardiac	05/04/2020  12:00:00 AM	05/02/2020  12:00:00 AM	Elective
10237	Podiatry	05/04/2020  12:00:00 AM	04/29/2020  12:00:00 AM	Elective
10238	Hepatology	05/04/2020  12:00:00 AM	04/30/2020  12:00:00 AM	Urgent
10239	Plastics	05/04/2020  12:00:00 AM	04/21/2020  12:00:00 AM	Elective
10240	Electroconvulsive Therapy	05/04/2020  12:00:00 AM	04/23/2020  12:00:00 AM	Elective
10241	Interventional Radiology	05/04/2020  12:00:00 AM	04/23/2020  12:00:00 AM	Elective
10242	Hepatology	05/04/2020  12:00:00 AM	04/30/2020  12:00:00 AM	Elective
10243	Urology	05/04/2020  12:00:00 AM	04/27/2020  12:00:00 AM	Urgent
10244	Plastics	05/04/2020  12:00:00 AM	04/21/2020  12:00:00 AM	Elective
10245	Hepatology	05/04/2020  12:00:00 AM	04/23/2020  12:00:00 AM	Elective
10246	Electroconvulsive Therapy	05/04/2020  12:00:00 AM	04/28/2020  12:00:00 AM	Urgent
10247	Podiatry	05/04/2020  12:00:00 AM	04/24/2020  12:00:00 AM	Urgent
10248	Gastroenterology	05/04/2020  12:00:00 AM	05/03/2020  12:00:00 AM	Urgent
10249	Electroconvulsive Therapy	05/04/2020  12:00:00 AM	04/28/2020  12:00:00 AM	Urgent
10250	Electroconvulsive Therapy	05/04/2020  12:00:00 AM	05/01/2020  12:00:00 AM	Elective
10251	Pulmonary	05/04/2020  12:00:00 AM	04/15/2020  12:00:00 AM	Elective
10252	Cardiac	05/04/2020  12:00:00 AM	05/03/2020  12:00:00 AM	Urgent
10253	Gynecology	05/04/2020  12:00:00 AM	04/23/2020  12:00:00 AM	Urgent
10254	Pulmonary	05/04/2020  12:00:00 AM	04/21/2020  12:00:00 AM	Elective
10255	Cardiac	05/04/2020  12:00:00 AM	04/23/2020  12:00:00 AM	Urgent
10256	Interventional Radiology	05/04/2020  12:00:00 AM	05/01/2020  12:00:00 AM	Urgent
10257	Interventional Radiology	05/04/2020  12:00:00 AM	05/02/2020  12:00:00 AM	Urgent
10258	Obstetrics	05/04/2020  12:00:00 AM	04/19/2020  12:00:00 AM	Urgent
10259	Dental	05/04/2020  12:00:00 AM	04/30/2020  12:00:00 AM	Urgent
10260	Pain	05/04/2020  12:00:00 AM	04/19/2020  12:00:00 AM	Elective
10261	Orthopedics	05/04/2020  12:00:00 AM	04/30/2020  12:00:00 AM	Urgent
10262	Neuroradiology	05/04/2020  12:00:00 AM	04/15/2020  12:00:00 AM	Elective
10263	Vascular	05/04/2020  12:00:00 AM	05/01/2020  12:00:00 AM	Urgent
10264	Electroconvulsive Therapy	05/04/2020  12:00:00 AM	05/03/2020  12:00:00 AM	Urgent
10265	Plastics	05/04/2020  12:00:00 AM	04/30/2020  12:00:00 AM	Elective
10266	Gynecology	05/04/2020  12:00:00 AM	05/02/2020  12:00:00 AM	Urgent
10267	Pulmonary	05/04/2020  12:00:00 AM	04/24/2020  12:00:00 AM	Urgent
10268	General	05/04/2020  12:00:00 AM	04/29/2020  12:00:00 AM	Elective
10269	Interventional Radiology	05/04/2020  12:00:00 AM	05/02/2020  12:00:00 AM	Elective
10270	Neuroradiology	05/04/2020  12:00:00 AM	04/17/2020  12:00:00 AM	Urgent
10271	Dental	05/04/2020  12:00:00 AM	05/03/2020  12:00:00 AM	Elective
10272	General	05/04/2020  12:00:00 AM	04/22/2020  12:00:00 AM	Urgent
10273	Orthopedics	05/04/2020  12:00:00 AM	04/21/2020  12:00:00 AM	Urgent
10274	Orthopedics	05/04/2020  12:00:00 AM	04/18/2020  12:00:00 AM	Urgent
10275	Orthopedics	05/04/2020  12:00:00 AM	04/20/2020  12:00:00 AM	Elective
10276	Vascular	05/04/2020  12:00:00 AM	04/30/2020  12:00:00 AM	Elective
10277	Electrophysiology	05/04/2020  12:00:00 AM	04/16/2020  12:00:00 AM	Urgent
10278	Ophthalmology	05/04/2020  12:00:00 AM	05/01/2020  12:00:00 AM	Urgent
10279	Thoracic	05/04/2020  12:00:00 AM	04/30/2020  12:00:00 AM	Elective
10280	Thoracic	05/04/2020  12:00:00 AM	04/29/2020  12:00:00 AM	Elective
10281	Obstetrics	05/04/2020  12:00:00 AM	04/21/2020  12:00:00 AM	Urgent
10282	Obstetrics	05/04/2020  12:00:00 AM	05/01/2020  12:00:00 AM	Urgent
10283	Orthopedics	05/04/2020  12:00:00 AM	05/03/2020  12:00:00 AM	Urgent
10284	Electroconvulsive Therapy	05/04/2020  12:00:00 AM	04/19/2020  12:00:00 AM	Elective
10285	Electroconvulsive Therapy	05/04/2020  12:00:00 AM	04/17/2020  12:00:00 AM	Urgent
10286	Gynecology	05/04/2020  12:00:00 AM	04/26/2020  12:00:00 AM	Elective
10287	Obstetrics	05/04/2020  12:00:00 AM	04/28/2020  12:00:00 AM	Elective
10288	Gastroenterology	05/04/2020  12:00:00 AM	04/25/2020  12:00:00 AM	Urgent
10289	Vascular	05/04/2020  12:00:00 AM	04/27/2020  12:00:00 AM	Elective
10290	Orthopedics	05/04/2020  12:00:00 AM	04/19/2020  12:00:00 AM	Urgent
10291	Interventional Radiology	05/04/2020  12:00:00 AM	04/23/2020  12:00:00 AM	Elective
10292	Electroconvulsive Therapy	05/04/2020  12:00:00 AM	04/18/2020  12:00:00 AM	Urgent
10293	Neuroradiology	05/04/2020  12:00:00 AM	04/17/2020  12:00:00 AM	Elective
10294	Neuroradiology	05/04/2020  12:00:00 AM	05/03/2020  12:00:00 AM	Urgent
10295	Podiatry	05/04/2020  12:00:00 AM	04/23/2020  12:00:00 AM	Elective
10296	Pulmonary	05/04/2020  12:00:00 AM	04/21/2020  12:00:00 AM	Urgent
10297	Hepatology	05/04/2020  12:00:00 AM	04/28/2020  12:00:00 AM	Elective
10298	Orthopedics	05/04/2020  12:00:00 AM	04/28/2020  12:00:00 AM	Urgent
10299	Ophthalmology	05/04/2020  12:00:00 AM	04/25/2020  12:00:00 AM	Urgent
10300	Orthopedics	05/04/2020  12:00:00 AM	04/17/2020  12:00:00 AM	Urgent
10301	Neurosurgery	05/04/2020  12:00:00 AM	04/30/2020  12:00:00 AM	Urgent
10302	Dental	05/04/2020  12:00:00 AM	04/16/2020  12:00:00 AM	Elective
10303	Pulmonary	05/04/2020  12:00:00 AM	04/17/2020  12:00:00 AM	Elective
10304	Electrophysiology	05/04/2020  12:00:00 AM	04/16/2020  12:00:00 AM	Urgent
10305	Neuroradiology	05/04/2020  12:00:00 AM	05/01/2020  12:00:00 AM	Elective
10306	Obstetrics	05/04/2020  12:00:00 AM	04/19/2020  12:00:00 AM	Urgent
10307	Electroconvulsive Therapy	05/04/2020  12:00:00 AM	04/29/2020  12:00:00 AM	Elective
10308	Podiatry	05/04/2020  12:00:00 AM	04/28/2020  12:00:00 AM	Urgent
10309	Interventional Radiology	05/04/2020  12:00:00 AM	04/18/2020  12:00:00 AM	Elective
10310	Plastics	05/04/2020  12:00:00 AM	04/25/2020  12:00:00 AM	Urgent
10311	Pulmonary	05/04/2020  12:00:00 AM	04/30/2020  12:00:00 AM	Urgent
10312	Plastics	05/04/2020  12:00:00 AM	04/28/2020  12:00:00 AM	Elective
10313	Pain	05/04/2020  12:00:00 AM	04/20/2020  12:00:00 AM	Urgent
10314	General	05/04/2020  12:00:00 AM	04/23/2020  12:00:00 AM	Elective
10315	Electroconvulsive Therapy	05/04/2020  12:00:00 AM	04/30/2020  12:00:00 AM	Urgent
10316	Urology	05/04/2020  12:00:00 AM	04/20/2020  12:00:00 AM	Elective
10317	Interventional Radiology	05/04/2020  12:00:00 AM	04/28/2020  12:00:00 AM	Elective
10318	Neurosurgery	05/04/2020  12:00:00 AM	04/17/2020  12:00:00 AM	Elective
10319	Neurosurgery	05/04/2020  12:00:00 AM	04/17/2020  12:00:00 AM	Urgent
10320	Neurosurgery	05/04/2020  12:00:00 AM	04/22/2020  12:00:00 AM	Elective
10321	Pain	05/04/2020  12:00:00 AM	04/23/2020  12:00:00 AM	Elective
10322	Podiatry	05/04/2020  12:00:00 AM	04/16/2020  12:00:00 AM	Urgent
10323	Neurosurgery	05/04/2020  12:00:00 AM	04/20/2020  12:00:00 AM	Elective
10324	Orthopedics	05/04/2020  12:00:00 AM	05/01/2020  12:00:00 AM	Elective
10325	Obstetrics	05/04/2020  12:00:00 AM	04/21/2020  12:00:00 AM	Urgent
10326	Thoracic	05/04/2020  12:00:00 AM	04/26/2020  12:00:00 AM	Urgent
10327	Gynecology	05/04/2020  12:00:00 AM	04/30/2020  12:00:00 AM	Urgent
10328	Pulmonary	05/04/2020  12:00:00 AM	04/24/2020  12:00:00 AM	Elective
10329	Gynecology	05/04/2020  12:00:00 AM	04/24/2020  12:00:00 AM	Elective
10330	Cardiac	05/04/2020  12:00:00 AM	04/21/2020  12:00:00 AM	Elective
10331	General	05/04/2020  12:00:00 AM	04/18/2020  12:00:00 AM	Urgent
10332	General	05/04/2020  12:00:00 AM	04/29/2020  12:00:00 AM	Elective
10333	Interventional Radiology	05/04/2020  12:00:00 AM	04/17/2020  12:00:00 AM	Elective
10334	Ophthalmology	05/04/2020  12:00:00 AM	04/26/2020  12:00:00 AM	Elective
10335	Neuroradiology	05/04/2020  12:00:00 AM	04/16/2020  12:00:00 AM	Elective
10336	Electroconvulsive Therapy	05/04/2020  12:00:00 AM	04/16/2020  12:00:00 AM	Elective
10337	Neurosurgery	05/04/2020  12:00:00 AM	04/15/2020  12:00:00 AM	Elective
10338	Cardiac	05/04/2020  12:00:00 AM	04/17/2020  12:00:00 AM	Urgent
10339	Neurosurgery	05/04/2020  12:00:00 AM	04/26/2020  12:00:00 AM	Elective
10340	Plastics	05/04/2020  12:00:00 AM	04/18/2020  12:00:00 AM	Elective
10341	Hepatology	05/04/2020  12:00:00 AM	04/18/2020  12:00:00 AM	Elective
10342	Pulmonary	05/04/2020  12:00:00 AM	04/20/2020  12:00:00 AM	Elective
10343	Orthopedics	05/04/2020  12:00:00 AM	04/18/2020  12:00:00 AM	Urgent
10344	Urology	05/04/2020  12:00:00 AM	04/20/2020  12:00:00 AM	Elective
10345	Neuroradiology	05/04/2020  12:00:00 AM	05/03/2020  12:00:00 AM	Urgent
10346	General	05/04/2020  12:00:00 AM	04/19/2020  12:00:00 AM	Elective
10347	Neuroradiology	05/04/2020  12:00:00 AM	04/29/2020  12:00:00 AM	Urgent
10348	Ophthalmology	05/04/2020  12:00:00 AM	04/21/2020  12:00:00 AM	Elective
10349	Cardiac	05/04/2020  12:00:00 AM	04/16/2020  12:00:00 AM	Elective
10350	Interventional Radiology	05/04/2020  12:00:00 AM	04/28/2020  12:00:00 AM	Elective
10351	General	05/04/2020  12:00:00 AM	04/20/2020  12:00:00 AM	Elective
10352	Vascular	05/04/2020  12:00:00 AM	04/29/2020  12:00:00 AM	Urgent
10353	Podiatry	05/04/2020  12:00:00 AM	04/25/2020  12:00:00 AM	Urgent
10354	Gynecology	05/04/2020  12:00:00 AM	04/25/2020  12:00:00 AM	Elective
10355	Thoracic	05/04/2020  12:00:00 AM	04/23/2020  12:00:00 AM	Urgent
10356	Vascular	05/04/2020  12:00:00 AM	04/26/2020  12:00:00 AM	Urgent
10357	Hepatology	05/04/2020  12:00:00 AM	04/27/2020  12:00:00 AM	Elective
10358	Ophthalmology	05/04/2020  12:00:00 AM	04/25/2020  12:00:00 AM	Elective
10359	Neuroradiology	05/04/2020  12:00:00 AM	04/21/2020  12:00:00 AM	Urgent
10360	Vascular	05/04/2020  12:00:00 AM	05/02/2020  12:00:00 AM	Elective
10361	Urology	05/04/2020  12:00:00 AM	04/18/2020  12:00:00 AM	Elective
10362	Vascular	05/04/2020  12:00:00 AM	04/19/2020  12:00:00 AM	Urgent
10363	Neurosurgery	05/04/2020  12:00:00 AM	04/25/2020  12:00:00 AM	Urgent
10364	Vascular	05/04/2020  12:00:00 AM	04/18/2020  12:00:00 AM	Elective
10365	Thoracic	05/04/2020  12:00:00 AM	04/29/2020  12:00:00 AM	Urgent
10366	General	05/04/2020  12:00:00 AM	04/26/2020  12:00:00 AM	Elective
10367	Electroconvulsive Therapy	05/04/2020  12:00:00 AM	04/28/2020  12:00:00 AM	Urgent
10368	Orthopedics	05/04/2020  12:00:00 AM	04/17/2020  12:00:00 AM	Urgent
10369	Pulmonary	05/04/2020  12:00:00 AM	04/26/2020  12:00:00 AM	Elective
10370	Podiatry	05/04/2020  12:00:00 AM	04/27/2020  12:00:00 AM	Elective
10371	Obstetrics	05/04/2020  12:00:00 AM	04/23/2020  12:00:00 AM	Urgent
10372	Gastroenterology	05/04/2020  12:00:00 AM	04/27/2020  12:00:00 AM	Urgent
10373	Cardiac	05/04/2020  12:00:00 AM	04/23/2020  12:00:00 AM	Urgent
10374	Gastroenterology	05/04/2020  12:00:00 AM	04/28/2020  12:00:00 AM	Urgent
10375	Neurosurgery	05/04/2020  12:00:00 AM	04/30/2020  12:00:00 AM	Urgent
10376	Orthopedics	05/04/2020  12:00:00 AM	04/21/2020  12:00:00 AM	Elective
10377	Pain	05/04/2020  12:00:00 AM	04/20/2020  12:00:00 AM	Urgent
10378	Orthopedics	05/04/2020  12:00:00 AM	05/02/2020  12:00:00 AM	Elective
10379	Plastics	05/04/2020  12:00:00 AM	04/15/2020  12:00:00 AM	Elective
10380	Podiatry	05/04/2020  12:00:00 AM	05/02/2020  12:00:00 AM	Elective
10381	Orthopedics	05/04/2020  12:00:00 AM	04/24/2020  12:00:00 AM	Elective
10382	Orthopedics	05/04/2020  12:00:00 AM	04/29/2020  12:00:00 AM	Elective
10383	Vascular	05/04/2020  12:00:00 AM	04/29/2020  12:00:00 AM	Elective
10384	Thoracic	05/04/2020  12:00:00 AM	04/20/2020  12:00:00 AM	Urgent
10385	Urology	05/04/2020  12:00:00 AM	04/21/2020  12:00:00 AM	Elective
10386	Ophthalmology	05/04/2020  12:00:00 AM	04/23/2020  12:00:00 AM	Elective
10387	Pulmonary	05/04/2020  12:00:00 AM	04/26/2020  12:00:00 AM	Urgent
10388	Electroconvulsive Therapy	05/04/2020  12:00:00 AM	04/24/2020  12:00:00 AM	Urgent
10389	Urology	05/04/2020  12:00:00 AM	04/15/2020  12:00:00 AM	Urgent
10390	Ophthalmology	05/04/2020  12:00:00 AM	05/02/2020  12:00:00 AM	Urgent
10391	Orthopedics	05/04/2020  12:00:00 AM	05/02/2020  12:00:00 AM	Elective
10392	Pulmonary	05/04/2020  12:00:00 AM	04/22/2020  12:00:00 AM	Elective
10393	Dental	05/04/2020  12:00:00 AM	04/19/2020  12:00:00 AM	Elective
10394	Cardiac	05/04/2020  12:00:00 AM	04/29/2020  12:00:00 AM	Elective
10395	Vascular	05/04/2020  12:00:00 AM	05/01/2020  12:00:00 AM	Elective
10396	Pain	05/04/2020  12:00:00 AM	04/17/2020  12:00:00 AM	Urgent
10397	Ophthalmology	05/04/2020  12:00:00 AM	04/25/2020  12:00:00 AM	Urgent
10398	Electroconvulsive Therapy	05/04/2020  12:00:00 AM	04/28/2020  12:00:00 AM	Urgent
10399	Urology	05/04/2020  12:00:00 AM	04/21/2020  12:00:00 AM	Elective
10400	Interventional Radiology	05/04/2020  12:00:00 AM	05/01/2020  12:00:00 AM	Urgent
10401	Vascular	05/04/2020  12:00:00 AM	04/25/2020  12:00:00 AM	Urgent
10402	Thoracic	05/04/2020  12:00:00 AM	04/17/2020  12:00:00 AM	Elective
10403	Dental	05/04/2020  12:00:00 AM	04/21/2020  12:00:00 AM	Elective
10404	Podiatry	05/04/2020  12:00:00 AM	04/26/2020  12:00:00 AM	Elective
10405	Electrophysiology	05/04/2020  12:00:00 AM	04/17/2020  12:00:00 AM	Urgent
10406	Pain	05/04/2020  12:00:00 AM	04/27/2020  12:00:00 AM	Urgent
10407	Ophthalmology	05/04/2020  12:00:00 AM	04/22/2020  12:00:00 AM	Urgent
10408	Hepatology	05/04/2020  12:00:00 AM	04/28/2020  12:00:00 AM	Urgent
10409	Pain	05/04/2020  12:00:00 AM	04/15/2020  12:00:00 AM	Urgent
10410	Plastics	05/04/2020  12:00:00 AM	05/03/2020  12:00:00 AM	Urgent
10411	Podiatry	05/04/2020  12:00:00 AM	04/28/2020  12:00:00 AM	Urgent
10412	Electrophysiology	05/04/2020  12:00:00 AM	04/25/2020  12:00:00 AM	Elective
10413	Obstetrics	05/04/2020  12:00:00 AM	04/18/2020  12:00:00 AM	Urgent
10414	Thoracic	05/04/2020  12:00:00 AM	04/29/2020  12:00:00 AM	Elective
