LOG_ID	OR_SERVICE	SURGERY_DATE	FIRST_SCHED_DATE	CASE_CLASS
10001	Pulmonary	12/07/2019  12:00:00 AM	12/04/2019  12:00:00 AM	Elective
10002	Gynecology	12/07/2019  12:00:00 AM	11/26/2019  12:00:00 AM	Elective
10003	Podiatry	12/07/2019  12:00:00 AM	11/18/2019  12:00:00 AM	Urgent
10004	Vascular	12/07/2019  12:00:00 AM	11/28/2019  12:00:00 AM	Urgent
10005	Neurosurgery	12/07/2019  12:00:00 AM	12/01/2019  12:00:00 AM	Urgent
10006	Electrophysiology	12/07/2019  12:00:00 AM	11/20/2019  12:00:00 AM	Urgent
10007	Podiatry	12/07/2019  12:00:00 AM	11/30/2019  12:00:00 AM	Urgent
10008	Plastics	12/07/2019  12:00:00 AM	12/06/2019  12:00:00 AM	Elective
10009	Ophthalmology	12/07/2019  12:00:00 AM	11/23/2019  12:00:00 AM	Elective
10010	Pain	12/07/2019  12:00:00 AM	12/06/2019  12:00:00 AM	Elective
10011	Thoracic	12/07/2019  12:00:00 AM	11/25/2019  12:00:00 AM	Urgent
10012	Pain	12/07/2019  12:00:00 AM	12/04/2019  12:00:00 AM	Urgent
10013	Podiatry	12/07/2019  12:00:00 AM	11/23/2019  12:00:00 AM	Urgent
10014	Ophthalmology	12/07/2019  12:00:00 AM	11/27/2019  12:00:00 AM	Elective
10015	Cardiac	12/07/2019  12:00:00 AM	11/27/2019  12:00:00 AM	Elective
10016	Pulmonary	12/07/2019  12:00:00 AM	11/25/2019  12:00:00 AM	Urgent
10017	Cardiac	12/07/2019  12:00:00 AM	11/21/2019  12:00:00 AM	Urgent
10018	Podiatry	12/07/2019  12:00:00 AM	11/23/2019  12:00:00 AM	Elective
10019	Obstetrics	12/07/2019  12:00:00 AM	12/02/2019  12:00:00 AM	Urgent
10020	Neurosurgery	12/07/2019  12:00:00 AM	12/01/2019  12:00:00 AM	Elective
10021	Cardiac	12/07/2019  12:00:00 AM	11/18/2019  12:00:00 AM	Urgent
10022	Plastics	12/07/2019  12:00:00 AM	12/03/2019  12:00:00 AM	Urgent
10023	Podiatry	12/07/2019  12:00:00 AM	11/26/2019  12:00:00 AM	Urgent
10024	Ophthalmology	12/07/2019  12:00:00 AM	11/28/2019  12:00:00 AM	Elective
10025	Cardiac	12/07/2019  12:00:00 AM	12/02/2019  12:00:00 AM	Elective
10026	Vascular	12/07/2019  12:00:00 AM	12/05/2019  12:00:00 AM	Urgent
10027	Electroconvulsive Therapy	12/07/2019  12:00:00 AM	11/30/2019  12:00:00 AM	Elective
10028	Podiatry	12/07/2019  12:00:00 AM	11/18/2019  12:00:00 AM	Elective
10029	Obstetrics	12/07/2019  12:00:00 AM	11/30/2019  12:00:00 AM	Elective
10030	Orthopedics	12/07/2019  12:00:00 AM	12/05/2019  12:00:00 AM	Urgent
10031	Pain	12/07/2019  12:00:00 AM	11/26/2019  12:00:00 AM	Elective
10032	Vascular	12/07/2019  12:00:00 AM	11/27/2019  12:00:00 AM	Elective
10033	Podiatry	12/07/2019  12:00:00 AM	11/20/2019  12:00:00 AM	Urgent
10034	Plastics	12/07/2019  12:00:00 AM	12/06/2019  12:00:00 AM	Elective
10035	Urology	12/07/2019  12:00:00 AM	11/19/2019  12:00:00 AM	Elective
10036	Podiatry	12/07/2019  12:00:00 AM	11/30/2019  12:00:00 AM	Urgent
10037	Interventional Radiology	12/07/2019  12:00:00 AM	11/26/2019  12:00:00 AM	Urgent
10038	Ophthalmology	12/07/2019  12:00:00 AM	11/20/2019  12:00:00 AM	Urgent
10039	Hepatology	12/07/2019  12:00:00 AM	11/26/2019  12:00:00 AM	Elective
10040	Vascular	12/07/2019  12:00:00 AM	11/28/2019  12:00:00 AM	Elective
10041	Neuroradiology	12/07/2019  12:00:00 AM	11/20/2019  12:00:00 AM	Urgent
10042	Electroconvulsive Therapy	12/07/2019  12:00:00 AM	11/22/2019  12:00:00 AM	Elective
10043	Gynecology	12/07/2019  12:00:00 AM	12/05/2019  12:00:00 AM	Elective
10044	Podiatry	12/07/2019  12:00:00 AM	12/04/2019  12:00:00 AM	Elective
10045	Vascular	12/07/2019  12:00:00 AM	11/29/2019  12:00:00 AM	Elective
10046	Thoracic	12/07/2019  12:00:00 AM	11/24/2019  12:00:00 AM	Elective
10047	Interventional Radiology	12/07/2019  12:00:00 AM	12/02/2019  12:00:00 AM	Elective
10048	Obstetrics	12/07/2019  12:00:00 AM	12/02/2019  12:00:00 AM	Urgent
10049	Ophthalmology	12/07/2019  12:00:00 AM	11/27/2019  12:00:00 AM	Elective
10050	Neuroradiology	12/07/2019  12:00:00 AM	11/28/2019  12:00:00 AM	Elective
10051	Cardiac	12/07/2019  12:00:00 AM	12/03/2019  12:00:00 AM	Elective
10052	Electrophysiology	12/07/2019  12:00:00 AM	11/22/2019  12:00:00 AM	Elective
10053	Electrophysiology	12/07/2019  12:00:00 AM	11/19/2019  12:00:00 AM	Urgent
10054	Ophthalmology	12/07/2019  12:00:00 AM	11/27/2019  12:00:00 AM	Elective
10055	Pain	12/07/2019  12:00:00 AM	12/06/2019  12:00:00 AM	Elective
10056	Plastics	12/07/2019  12:00:00 AM	11/28/2019  12:00:00 AM	Elective
10057	Podiatry	12/07/2019  12:00:00 AM	11/25/2019  12:00:00 AM	Elective
10058	Obstetrics	12/07/2019  12:00:00 AM	11/22/2019  12:00:00 AM	Urgent
10059	Thoracic	12/07/2019  12:00:00 AM	11/27/2019  12:00:00 AM	Elective
10060	Plastics	12/07/2019  12:00:00 AM	11/25/2019  12:00:00 AM	Elective
10061	Cardiac	12/07/2019  12:00:00 AM	12/03/2019  12:00:00 AM	Elective
10062	Pain	12/07/2019  12:00:00 AM	11/24/2019  12:00:00 AM	Urgent
10063	Ophthalmology	12/07/2019  12:00:00 AM	12/03/2019  12:00:00 AM	Urgent
10064	Neuroradiology	12/07/2019  12:00:00 AM	11/22/2019  12:00:00 AM	Elective
10065	Neuroradiology	12/07/2019  12:00:00 AM	11/19/2019  12:00:00 AM	Elective
10066	Gastroenterology	12/07/2019  12:00:00 AM	11/22/2019  12:00:00 AM	Urgent
10067	Interventional Radiology	12/07/2019  12:00:00 AM	11/19/2019  12:00:00 AM	Urgent
10068	Dental	12/07/2019  12:00:00 AM	11/25/2019  12:00:00 AM	Elective
10069	Vascular	12/07/2019  12:00:00 AM	11/23/2019  12:00:00 AM	Elective
10070	Electrophysiology	12/07/2019  12:00:00 AM	11/27/2019  12:00:00 AM	Urgent
10071	Pulmonary	12/07/2019  12:00:00 AM	12/03/2019  12:00:00 AM	Elective
10072	Vascular	12/07/2019  12:00:00 AM	11/22/2019  12:00:00 AM	Elective
10073	Plastics	12/07/2019  12:00:00 AM	11/22/2019  12:00:00 AM	Elective
10074	Electrophysiology	12/07/2019  12:00:00 AM	12/02/2019  12:00:00 AM	Urgent
10075	Electroconvulsive Therapy	12/07/2019  12:00:00 AM	12/05/2019  12:00:00 AM	Urgent
10076	Interventional Radiology	12/07/2019  12:00:00 AM	11/20/2019  12:00:00 AM	Elective
10077	Gynecology	12/07/2019  12:00:00 AM	11/28/2019  12:00:00 AM	Urgent
10078	Thoracic	12/07/2019  12:00:00 AM	11/28/2019  12:00:00 AM	Urgent
10079	Urology	12/07/2019  12:00:00 AM	11/20/2019  12:00:00 AM	Urgent
10080	Pain	12/07/2019  12:00:00 AM	11/23/2019  12:00:00 AM	Urgent
10081	Dental	12/07/2019  12:00:00 AM	11/30/2019  12:00:00 AM	Urgent
10082	Obstetrics	12/07/2019  12:00:00 AM	11/28/2019  12:00:00 AM	Elective
10083	Electrophysiology	12/07/2019  12:00:00 AM	11/26/2019  12:00:00 AM	Elective
10084	Vascular	12/07/2019  12:00:00 AM	11/26/2019  12:00:00 AM	Elective
10085	Pulmonary	12/07/2019  12:00:00 AM	11/27/2019  12:00:00 AM	Elective
10086	Urology	12/07/2019  12:00:00 AM	12/05/2019  12:00:00 AM	Urgent
10087	Orthopedics	12/07/2019  12:00:00 AM	12/03/2019  12:00:00 AM	Urgent
10088	Plastics	12/07/2019  12:00:00 AM	12/01/2019  12:00:00 AM	Urgent
10089	Pain	12/07/2019  12:00:00 AM	11/26/2019  12:00:00 AM	Elective
10090	Obstetrics	12/07/2019  12:00:00 AM	11/27/2019  12:00:00 AM	Urgent
10091	Cardiac	12/07/2019  12:00:00 AM	12/01/2019  12:00:00 AM	Elective
10092	Electrophysiology	12/07/2019  12:00:00 AM	11/20/2019  12:00:00 AM	Elective
10093	Podiatry	12/07/2019  12:00:00 AM	11/19/2019  12:00:00 AM	Urgent
10094	Urology	12/07/2019  12:00:00 AM	12/04/2019  12:00:00 AM	Urgent
10095	Pain	12/07/2019  12:00:00 AM	11/28/2019  12:00:00 AM	Elective
10096	Pain	12/07/2019  12:00:00 AM	12/01/2019  12:00:00 AM	Elective
10097	Pulmonary	12/07/2019  12:00:00 AM	11/26/2019  12:00:00 AM	Urgent
10098	Gynecology	12/07/2019  12:00:00 AM	11/26/2019  12:00:00 AM	Elective
10099	Ophthalmology	12/07/2019  12:00:00 AM	11/30/2019  12:00:00 AM	Elective
10100	Vascular	12/07/2019  12:00:00 AM	11/26/2019  12:00:00 AM	Elective
10101	Cardiac	12/07/2019  12:00:00 AM	12/03/2019  12:00:00 AM	Urgent
10102	Gastroenterology	12/07/2019  12:00:00 AM	11/21/2019  12:00:00 AM	Urgent
10103	General	12/07/2019  12:00:00 AM	11/25/2019  12:00:00 AM	Elective
10104	Gynecology	12/07/2019  12:00:00 AM	11/28/2019  12:00:00 AM	Urgent
10105	Electrophysiology	12/07/2019  12:00:00 AM	12/02/2019  12:00:00 AM	Urgent
10106	Vascular	12/07/2019  12:00:00 AM	12/01/2019  12:00:00 AM	Urgent
10107	Cardiac	12/07/2019  12:00:00 AM	11/27/2019  12:00:00 AM	Urgent
10108	Pulmonary	12/07/2019  12:00:00 AM	12/04/2019  12:00:00 AM	Urgent
10109	Pulmonary	12/07/2019  12:00:00 AM	11/28/2019  12:00:00 AM	Urgent
10110	Obstetrics	12/07/2019  12:00:00 AM	11/19/2019  12:00:00 AM	Urgent
10111	Urology	12/07/2019  12:00:00 AM	12/02/2019  12:00:00 AM	Urgent
10112	General	12/07/2019  12:00:00 AM	12/01/2019  12:00:00 AM	Elective
10113	Neuroradiology	12/07/2019  12:00:00 AM	11/24/2019  12:00:00 AM	Urgent
10114	Urology	12/07/2019  12:00:00 AM	12/01/2019  12:00:00 AM	Elective
10115	Electroconvulsive Therapy	12/07/2019  12:00:00 AM	11/23/2019  12:00:00 AM	Urgent
10116	Cardiac	12/07/2019  12:00:00 AM	12/06/2019  12:00:00 AM	Urgent
10117	Pulmonary	12/07/2019  12:00:00 AM	11/23/2019  12:00:00 AM	Elective
10118	Interventional Radiology	12/07/2019  12:00:00 AM	11/29/2019  12:00:00 AM	Urgent
10119	Orthopedics	12/07/2019  12:00:00 AM	12/02/2019  12:00:00 AM	Elective
10120	Interventional Radiology	12/07/2019  12:00:00 AM	11/25/2019  12:00:00 AM	Urgent
10121	Electroconvulsive Therapy	12/07/2019  12:00:00 AM	11/21/2019  12:00:00 AM	Urgent
10122	Vascular	12/07/2019  12:00:00 AM	11/20/2019  12:00:00 AM	Urgent
10123	Neurosurgery	12/07/2019  12:00:00 AM	12/04/2019  12:00:00 AM	Urgent
10124	Orthopedics	12/07/2019  12:00:00 AM	11/28/2019  12:00:00 AM	Elective
10125	Neuroradiology	12/07/2019  12:00:00 AM	11/28/2019  12:00:00 AM	Elective
10126	Orthopedics	12/07/2019  12:00:00 AM	11/21/2019  12:00:00 AM	Elective
10127	Hepatology	12/07/2019  12:00:00 AM	12/06/2019  12:00:00 AM	Elective
10128	Gastroenterology	12/07/2019  12:00:00 AM	12/06/2019  12:00:00 AM	Urgent
10129	Electroconvulsive Therapy	12/07/2019  12:00:00 AM	11/19/2019  12:00:00 AM	Urgent
10130	General	12/07/2019  12:00:00 AM	11/26/2019  12:00:00 AM	Urgent
10131	Pain	12/07/2019  12:00:00 AM	11/28/2019  12:00:00 AM	Elective
10132	Electroconvulsive Therapy	12/07/2019  12:00:00 AM	11/27/2019  12:00:00 AM	Elective
10133	Neuroradiology	12/07/2019  12:00:00 AM	11/28/2019  12:00:00 AM	Elective
10134	Plastics	12/07/2019  12:00:00 AM	11/21/2019  12:00:00 AM	Elective
10135	Urology	12/07/2019  12:00:00 AM	12/03/2019  12:00:00 AM	Urgent
10136	Pain	12/07/2019  12:00:00 AM	11/21/2019  12:00:00 AM	Urgent
10137	Ophthalmology	12/07/2019  12:00:00 AM	11/21/2019  12:00:00 AM	Elective
10138	Neurosurgery	12/07/2019  12:00:00 AM	12/03/2019  12:00:00 AM	Urgent
10139	Neurosurgery	12/07/2019  12:00:00 AM	11/19/2019  12:00:00 AM	Urgent
10140	Electroconvulsive Therapy	12/07/2019  12:00:00 AM	12/06/2019  12:00:00 AM	Urgent
10141	Thoracic	12/07/2019  12:00:00 AM	11/27/2019  12:00:00 AM	Elective
10142	Interventional Radiology	12/07/2019  12:00:00 AM	12/05/2019  12:00:00 AM	Elective
10143	Gastroenterology	12/07/2019  12:00:00 AM	12/05/2019  12:00:00 AM	Elective
10144	Pulmonary	12/07/2019  12:00:00 AM	12/04/2019  12:00:00 AM	Urgent
10145	Thoracic	12/07/2019  12:00:00 AM	11/19/2019  12:00:00 AM	Elective
10146	Pain	12/07/2019  12:00:00 AM	12/01/2019  12:00:00 AM	Elective
10147	Dental	12/07/2019  12:00:00 AM	12/01/2019  12:00:00 AM	Urgent
10148	Neurosurgery	12/07/2019  12:00:00 AM	11/26/2019  12:00:00 AM	Elective
10149	Ophthalmology	12/07/2019  12:00:00 AM	11/25/2019  12:00:00 AM	Elective
10150	Vascular	12/07/2019  12:00:00 AM	11/21/2019  12:00:00 AM	Urgent
10151	Obstetrics	12/07/2019  12:00:00 AM	11/18/2019  12:00:00 AM	Urgent
10152	Electrophysiology	12/07/2019  12:00:00 AM	11/30/2019  12:00:00 AM	Urgent
10153	Gynecology	12/07/2019  12:00:00 AM	11/25/2019  12:00:00 AM	Urgent
10154	Ophthalmology	12/07/2019  12:00:00 AM	11/21/2019  12:00:00 AM	Elective
10155	Podiatry	12/07/2019  12:00:00 AM	11/30/2019  12:00:00 AM	Urgent
10156	Thoracic	12/07/2019  12:00:00 AM	11/22/2019  12:00:00 AM	Elective
10157	Dental	12/07/2019  12:00:00 AM	12/03/2019  12:00:00 AM	Elective
10158	Cardiac	12/07/2019  12:00:00 AM	11/28/2019  12:00:00 AM	Urgent
10159	Neuroradiology	12/07/2019  12:00:00 AM	11/22/2019  12:00:00 AM	Urgent
10160	Gastroenterology	12/07/2019  12:00:00 AM	12/06/2019  12:00:00 AM	Urgent
10161	Cardiac	12/07/2019  12:00:00 AM	11/29/2019  12:00:00 AM	Urgent
10162	Pain	12/07/2019  12:00:00 AM	12/06/2019  12:00:00 AM	Elective
10163	General	12/07/2019  12:00:00 AM	12/03/2019  12:00:00 AM	Elective
10164	Electrophysiology	12/07/2019  12:00:00 AM	11/27/2019  12:00:00 AM	Elective
10165	Cardiac	12/07/2019  12:00:00 AM	11/23/2019  12:00:00 AM	Urgent
10166	Neuroradiology	12/07/2019  12:00:00 AM	11/21/2019  12:00:00 AM	Elective
10167	Neuroradiology	12/07/2019  12:00:00 AM	11/23/2019  12:00:00 AM	Elective
10168	Pulmonary	12/07/2019  12:00:00 AM	11/21/2019  12:00:00 AM	Urgent
10169	Pulmonary	12/07/2019  12:00:00 AM	11/25/2019  12:00:00 AM	Urgent
10170	Interventional Radiology	12/07/2019  12:00:00 AM	12/01/2019  12:00:00 AM	Urgent
10171	Gastroenterology	12/07/2019  12:00:00 AM	11/29/2019  12:00:00 AM	Elective
10172	Neurosurgery	12/07/2019  12:00:00 AM	12/02/2019  12:00:00 AM	Urgent
10173	Gastroenterology	12/07/2019  12:00:00 AM	12/05/2019  12:00:00 AM	Elective
10174	Gynecology	12/07/2019  12:00:00 AM	11/29/2019  12:00:00 AM	Urgent
10175	Podiatry	12/07/2019  12:00:00 AM	11/22/2019  12:00:00 AM	Urgent
10176	Thoracic	12/07/2019  12:00:00 AM	11/29/2019  12:00:00 AM	Urgent
10177	Thoracic	12/07/2019  12:00:00 AM	11/21/2019  12:00:00 AM	Urgent
10178	Electroconvulsive Therapy	12/07/2019  12:00:00 AM	11/18/2019  12:00:00 AM	Elective
10179	Hepatology	12/07/2019  12:00:00 AM	11/22/2019  12:00:00 AM	Urgent
10180	Gynecology	12/07/2019  12:00:00 AM	12/02/2019  12:00:00 AM	Urgent
10181	Obstetrics	12/07/2019  12:00:00 AM	12/05/2019  12:00:00 AM	Urgent
10182	Urology	12/07/2019  12:00:00 AM	11/29/2019  12:00:00 AM	Elective
10183	Thoracic	12/07/2019  12:00:00 AM	11/30/2019  12:00:00 AM	Elective
10184	Podiatry	12/07/2019  12:00:00 AM	11/18/2019  12:00:00 AM	Urgent
10185	Orthopedics	12/07/2019  12:00:00 AM	11/20/2019  12:00:00 AM	Urgent
10186	Neuroradiology	12/07/2019  12:00:00 AM	11/24/2019  12:00:00 AM	Urgent
10187	Pulmonary	12/07/2019  12:00:00 AM	11/26/2019  12:00:00 AM	Urgent
10188	Urology	12/07/2019  12:00:00 AM	11/20/2019  12:00:00 AM	Elective
10189	Obstetrics	12/07/2019  12:00:00 AM	11/27/2019  12:00:00 AM	Elective
10190	Hepatology	12/07/2019  12:00:00 AM	11/22/2019  12:00:00 AM	Urgent
10191	Interventional Radiology	12/07/2019  12:00:00 AM	12/02/2019  12:00:00 AM	Elective
10192	Dental	12/07/2019  12:00:00 AM	11/30/2019  12:00:00 AM	Elective
10193	Hepatology	12/07/2019  12:00:00 AM	11/24/2019  12:00:00 AM	Urgent
10194	Urology	12/07/2019  12:00:00 AM	11/25/2019  12:00:00 AM	Elective
10195	Gastroenterology	12/07/2019  12:00:00 AM	11/27/2019  12:00:00 AM	Elective
10196	Cardiac	12/07/2019  12:00:00 AM	11/23/2019  12:00:00 AM	Elective
10197	Gynecology	12/07/2019  12:00:00 AM	11/24/2019  12:00:00 AM	Elective
10198	General	12/07/2019  12:00:00 AM	12/01/2019  12:00:00 AM	Urgent
10199	Neurosurgery	12/07/2019  12:00:00 AM	12/03/2019  12:00:00 AM	Urgent
10200	Vascular	12/07/2019  12:00:00 AM	12/05/2019  12:00:00 AM	Urgent
10201	Orthopedics	12/07/2019  12:00:00 AM	11/22/2019  12:00:00 AM	Urgent
10202	Obstetrics	12/07/2019  12:00:00 AM	12/05/2019  12:00:00 AM	Elective
10203	Obstetrics	12/07/2019  12:00:00 AM	11/21/2019  12:00:00 AM	Urgent
10204	Pulmonary	12/07/2019  12:00:00 AM	11/24/2019  12:00:00 AM	Urgent
10205	Thoracic	12/07/2019  12:00:00 AM	11/29/2019  12:00:00 AM	Elective
10206	Thoracic	12/07/2019  12:00:00 AM	11/24/2019  12:00:00 AM	Elective
10207	Orthopedics	12/07/2019  12:00:00 AM	11/27/2019  12:00:00 AM	Urgent
10208	Obstetrics	12/07/2019  12:00:00 AM	11/18/2019  12:00:00 AM	Elective
10209	Neuroradiology	12/07/2019  12:00:00 AM	12/03/2019  12:00:00 AM	Urgent
10210	Electroconvulsive Therapy	12/07/2019  12:00:00 AM	12/05/2019  12:00:00 AM	Elective
10211	Electroconvulsive Therapy	12/07/2019  12:00:00 AM	11/30/2019  12:00:00 AM	Urgent
10212	Cardiac	12/07/2019  12:00:00 AM	12/01/2019  12:00:00 AM	Urgent
10213	Gastroenterology	12/07/2019  12:00:00 AM	11/22/2019  12:00:00 AM	Elective
10214	General	12/07/2019  12:00:00 AM	12/06/2019  12:00:00 AM	Elective
10215	Dental	12/07/2019  12:00:00 AM	11/22/2019  12:00:00 AM	Urgent
10216	Electroconvulsive Therapy	12/07/2019  12:00:00 AM	11/25/2019  12:00:00 AM	Urgent
10217	Gynecology	12/07/2019  12:00:00 AM	11/30/2019  12:00:00 AM	Urgent
10218	Orthopedics	12/07/2019  12:00:00 AM	11/27/2019  12:00:00 AM	Urgent
10219	Neuroradiology	12/07/2019  12:00:00 AM	12/02/2019  12:00:00 AM	Elective
10220	Ophthalmology	12/07/2019  12:00:00 AM	11/19/2019  12:00:00 AM	Elective
10221	Thoracic	12/07/2019  12:00:00 AM	11/22/2019  12:00:00 AM	Urgent
10222	Plastics	12/07/2019  12:00:00 AM	11/24/2019  12:00:00 AM	Urgent
10223	Gynecology	12/07/2019  12:00:00 AM	12/04/2019  12:00:00 AM	Urgent
10224	General	12/07/2019  12:00:00 AM	12/05/2019  12:00:00 AM	Urgent
10225	Pulmonary	12/07/2019  12:00:00 AM	11/27/2019  12:00:00 AM	Urgent
10226	Interventional Radiology	12/07/2019  12:00:00 AM	12/06/2019  12:00:00 AM	Elective
10227	Dental	12/07/2019  12:00:00 AM	11/24/2019  12:00:00 AM	Urgent
10228	Podiatry	12/07/2019  12:00:00 AM	12/05/2019  12:00:00 AM	Urgent
10229	Ophthalmology	12/07/2019  12:00:00 AM	12/03/2019  12:00:00 AM	Elective
10230	Interventional Radiology	12/07/2019  12:00:00 AM	11/30/2019  12:00:00 AM	Elective
10231	Electrophysiology	12/07/2019  12:00:00 AM	11/30/2019  12:00:00 AM	Elective
10232	Neurosurgery	12/07/2019  12:00:00 AM	11/18/2019  12:00:00 AM	Urgent
10233	Cardiac	12/07/2019  12:00:00 AM	11/29/2019  12:00:00 AM	Elective
10234	Plastics	12/07/2019  12:00:00 AM	11/23/2019  12:00:00 AM	Urgent
10235	Vascular	12/07/2019  12:00:00 AM	11/29/2019  12:00:00 AM	Urgent
10236	Pain	12/07/2019  12:00:00 AM	12/06/2019  12:00:00 AM	Elective
10237	Cardiac	12/07/2019  12:00:00 AM	11/28/2019  12:00:00 AM	Urgent
10238	Hepatology	12/07/2019  12:00:00 AM	12/03/2019  12:00:00 AM	Urgent
10239	Neurosurgery	12/07/2019  12:00:00 AM	12/02/2019  12:00:00 AM	Elective
10240	Neurosurgery	12/07/2019  12:00:00 AM	11/23/2019  12:00:00 AM	Elective
10241	General	12/07/2019  12:00:00 AM	11/27/2019  12:00:00 AM	Urgent
10242	Vascular	12/07/2019  12:00:00 AM	11/27/2019  12:00:00 AM	Elective
10243	Gynecology	12/07/2019  12:00:00 AM	12/03/2019  12:00:00 AM	Urgent
10244	Electrophysiology	12/07/2019  12:00:00 AM	11/29/2019  12:00:00 AM	Urgent
10245	Pain	12/07/2019  12:00:00 AM	11/21/2019  12:00:00 AM	Urgent
10246	Thoracic	12/07/2019  12:00:00 AM	11/19/2019  12:00:00 AM	Elective
10247	Electroconvulsive Therapy	12/07/2019  12:00:00 AM	11/30/2019  12:00:00 AM	Elective
10248	Gynecology	12/07/2019  12:00:00 AM	11/29/2019  12:00:00 AM	Elective
10249	Electroconvulsive Therapy	12/07/2019  12:00:00 AM	11/28/2019  12:00:00 AM	Urgent
10250	Obstetrics	12/07/2019  12:00:00 AM	11/27/2019  12:00:00 AM	Urgent
10251	Pulmonary	12/07/2019  12:00:00 AM	12/04/2019  12:00:00 AM	Urgent
10252	Gastroenterology	12/07/2019  12:00:00 AM	12/02/2019  12:00:00 AM	Elective
10253	Interventional Radiology	12/07/2019  12:00:00 AM	11/22/2019  12:00:00 AM	Urgent
10254	Pain	12/07/2019  12:00:00 AM	12/01/2019  12:00:00 AM	Urgent
10255	Orthopedics	12/07/2019  12:00:00 AM	11/18/2019  12:00:00 AM	Urgent
10256	Pulmonary	12/07/2019  12:00:00 AM	11/29/2019  12:00:00 AM	Elective
10257	Electroconvulsive Therapy	12/07/2019  12:00:00 AM	11/19/2019  12:00:00 AM	Urgent
10258	Podiatry	12/07/2019  12:00:00 AM	11/21/2019  12:00:00 AM	Urgent
10259	Pulmonary	12/07/2019  12:00:00 AM	11/29/2019  12:00:00 AM	Urgent
10260	Dental	12/07/2019  12:00:00 AM	11/28/2019  12:00:00 AM	Urgent
10261	General	12/07/2019  12:00:00 AM	11/21/2019  12:00:00 AM	Urgent
10262	Plastics	12/07/2019  12:00:00 AM	11/22/2019  12:00:00 AM	Elective
10263	Electrophysiology	12/07/2019  12:00:00 AM	11/28/2019  12:00:00 AM	Elective
10264	Urology	12/07/2019  12:00:00 AM	11/23/2019  12:00:00 AM	Elective
10265	Gynecology	12/07/2019  12:00:00 AM	12/06/2019  12:00:00 AM	Urgent
10266	Pain	12/07/2019  12:00:00 AM	11/23/2019  12:00:00 AM	Urgent
10267	Interventional Radiology	12/07/2019  12:00:00 AM	12/06/2019  12:00:00 AM	Urgent
10268	Gynecology	12/07/2019  12:00:00 AM	12/06/2019  12:00:00 AM	Elective
10269	Neuroradiology	12/07/2019  12:00:00 AM	11/28/2019  12:00:00 AM	Urgent
10270	Neurosurgery	12/07/2019  12:00:00 AM	11/26/2019  12:00:00 AM	Elective
10271	Ophthalmology	12/07/2019  12:00:00 AM	12/03/2019  12:00:00 AM	Elective
10272	Electrophysiology	12/07/2019  12:00:00 AM	12/05/2019  12:00:00 AM	Elective
10273	Ophthalmology	12/07/2019  12:00:00 AM	12/01/2019  12:00:00 AM	Urgent
10274	Neurosurgery	12/07/2019  12:00:00 AM	11/27/2019  12:00:00 AM	Elective
10275	Ophthalmology	12/07/2019  12:00:00 AM	11/27/2019  12:00:00 AM	Elective
10276	Gastroenterology	12/07/2019  12:00:00 AM	11/24/2019  12:00:00 AM	Elective
10277	Hepatology	12/07/2019  12:00:00 AM	11/27/2019  12:00:00 AM	Elective
10278	Vascular	12/07/2019  12:00:00 AM	11/28/2019  12:00:00 AM	Urgent
10279	Dental	12/07/2019  12:00:00 AM	11/26/2019  12:00:00 AM	Urgent
10280	Gastroenterology	12/07/2019  12:00:00 AM	12/05/2019  12:00:00 AM	Urgent
10281	Podiatry	12/07/2019  12:00:00 AM	11/23/2019  12:00:00 AM	Urgent
10282	Interventional Radiology	12/07/2019  12:00:00 AM	11/23/2019  12:00:00 AM	Elective
10283	Hepatology	12/07/2019  12:00:00 AM	11/25/2019  12:00:00 AM	Elective
10284	Orthopedics	12/07/2019  12:00:00 AM	11/20/2019  12:00:00 AM	Elective
10285	Gynecology	12/07/2019  12:00:00 AM	11/28/2019  12:00:00 AM	Elective
10286	Interventional Radiology	12/07/2019  12:00:00 AM	12/04/2019  12:00:00 AM	Elective
10287	Vascular	12/07/2019  12:00:00 AM	11/24/2019  12:00:00 AM	Elective
10288	Urology	12/07/2019  12:00:00 AM	11/27/2019  12:00:00 AM	Elective
10289	General	12/07/2019  12:00:00 AM	11/27/2019  12:00:00 AM	Urgent
10290	Ophthalmology	12/07/2019  12:00:00 AM	12/03/2019  12:00:00 AM	Urgent
10291	Obstetrics	12/07/2019  12:00:00 AM	12/04/2019  12:00:00 AM	Elective
10292	Cardiac	12/07/2019  12:00:00 AM	11/18/2019  12:00:00 AM	Urgent
10293	Electroconvulsive Therapy	12/07/2019  12:00:00 AM	11/28/2019  12:00:00 AM	Elective
10294	Hepatology	12/07/2019  12:00:00 AM	11/18/2019  12:00:00 AM	Urgent
10295	Interventional Radiology	12/07/2019  12:00:00 AM	11/25/2019  12:00:00 AM	Elective
10296	Thoracic	12/07/2019  12:00:00 AM	12/01/2019  12:00:00 AM	Urgent
10297	Neuroradiology	12/07/2019  12:00:00 AM	11/18/2019  12:00:00 AM	Elective
10298	Dental	12/07/2019  12:00:00 AM	12/02/2019  12:00:00 AM	Elective
10299	Interventional Radiology	12/07/2019  12:00:00 AM	11/24/2019  12:00:00 AM	Urgent
10300	Neurosurgery	12/07/2019  12:00:00 AM	12/05/2019  12:00:00 AM	Elective
10301	Urology	12/07/2019  12:00:00 AM	12/02/2019  12:00:00 AM	Urgent
10302	Obstetrics	12/07/2019  12:00:00 AM	12/03/2019  12:00:00 AM	Elective
10303	Podiatry	12/07/2019  12:00:00 AM	11/22/2019  12:00:00 AM	Elective
10304	Plastics	12/07/2019  12:00:00 AM	12/04/2019  12:00:00 AM	Urgent
10305	Obstetrics	12/07/2019  12:00:00 AM	12/04/2019  12:00:00 AM	Urgent
10306	Neuroradiology	12/07/2019  12:00:00 AM	12/03/2019  12:00:00 AM	Elective
10307	General	12/07/2019  12:00:00 AM	12/03/2019  12:00:00 AM	Urgent
10308	Neurosurgery	12/07/2019  12:00:00 AM	11/26/2019  12:00:00 AM	Elective
10309	Neuroradiology	12/07/2019  12:00:00 AM	11/28/2019  12:00:00 AM	Urgent
10310	Cardiac	12/07/2019  12:00:00 AM	11/30/2019  12:00:00 AM	Urgent
10311	Pulmonary	12/07/2019  12:00:00 AM	11/23/2019  12:00:00 AM	Elective
10312	General	12/07/2019  12:00:00 AM	11/30/2019  12:00:00 AM	Elective
10313	Thoracic	12/07/2019  12:00:00 AM	11/20/2019  12:00:00 AM	Urgent
10314	Neurosurgery	12/07/2019  12:00:00 AM	11/28/2019  12:00:00 AM	Urgent
10315	Ophthalmology	12/07/2019  12:00:00 AM	11/25/2019  12:00:00 AM	Elective
10316	Hepatology	12/07/2019  12:00:00 AM	11/28/2019  12:00:00 AM	Elective
10317	Thoracic	12/07/2019  12:00:00 AM	11/21/2019  12:00:00 AM	Urgent
10318	Pain	12/07/2019  12:00:00 AM	12/01/2019  12:00:00 AM	Elective
10319	Neurosurgery	12/07/2019  12:00:00 AM	11/25/2019  12:00:00 AM	Urgent
10320	General	12/07/2019  12:00:00 AM	11/30/2019  12:00:00 AM	Elective
10321	Electrophysiology	12/07/2019  12:00:00 AM	11/26/2019  12:00:00 AM	Elective
10322	Dental	12/07/2019  12:00:00 AM	12/04/2019  12:00:00 AM	Elective
10323	Vascular	12/07/2019  12:00:00 AM	11/24/2019  12:00:00 AM	Urgent
10324	Gastroenterology	12/07/2019  12:00:00 AM	11/30/2019  12:00:00 AM	Elective
10325	Thoracic	12/07/2019  12:00:00 AM	11/22/2019  12:00:00 AM	Urgent
10326	Vascular	12/07/2019  12:00:00 AM	11/26/2019  12:00:00 AM	Elective
10327	Cardiac	12/07/2019  12:00:00 AM	11/22/2019  12:00:00 AM	Elective
10328	Ophthalmology	12/07/2019  12:00:00 AM	11/19/2019  12:00:00 AM	Elective
10329	Urology	12/07/2019  12:00:00 AM	11/29/2019  12:00:00 AM	Urgent
10330	Urology	12/07/2019  12:00:00 AM	11/25/2019  12:00:00 AM	Elective
10331	General	12/07/2019  12:00:00 AM	11/22/2019  12:00:00 AM	Urgent
10332	Interventional Radiology	12/07/2019  12:00:00 AM	12/01/2019  12:00:00 AM	Elective
10333	General	12/07/2019  12:00:00 AM	12/05/2019  12:00:00 AM	Elective
10334	Orthopedics	12/07/2019  12:00:00 AM	11/29/2019  12:00:00 AM	Elective
10335	Electrophysiology	12/07/2019  12:00:00 AM	11/18/2019  12:00:00 AM	Urgent
10336	Vascular	12/07/2019  12:00:00 AM	11/30/2019  12:00:00 AM	Urgent
10337	Ophthalmology	12/07/2019  12:00:00 AM	11/27/2019  12:00:00 AM	Urgent
10338	Neurosurgery	12/07/2019  12:00:00 AM	11/19/2019  12:00:00 AM	Urgent
10339	Urology	12/07/2019  12:00:00 AM	12/05/2019  12:00:00 AM	Elective
10340	Vascular	12/07/2019  12:00:00 AM	11/29/2019  12:00:00 AM	Elective
10341	Electrophysiology	12/07/2019  12:00:00 AM	11/23/2019  12:00:00 AM	Urgent
10342	Dental	12/07/2019  12:00:00 AM	11/28/2019  12:00:00 AM	Urgent
10343	Orthopedics	12/07/2019  12:00:00 AM	11/28/2019  12:00:00 AM	Elective
10344	Orthopedics	12/07/2019  12:00:00 AM	11/28/2019  12:00:00 AM	Urgent
10345	Electroconvulsive Therapy	12/07/2019  12:00:00 AM	11/25/2019  12:00:00 AM	Urgent
10346	Plastics	12/07/2019  12:00:00 AM	11/27/2019  12:00:00 AM	Urgent
10347	Electroconvulsive Therapy	12/07/2019  12:00:00 AM	12/04/2019  12:00:00 AM	Urgent
10348	Orthopedics	12/07/2019  12:00:00 AM	11/30/2019  12:00:00 AM	Elective
10349	Hepatology	12/07/2019  12:00:00 AM	11/20/2019  12:00:00 AM	Urgent
10350	Cardiac	12/07/2019  12:00:00 AM	12/04/2019  12:00:00 AM	Urgent
10351	Thoracic	12/07/2019  12:00:00 AM	11/22/2019  12:00:00 AM	Urgent
10352	Obstetrics	12/07/2019  12:00:00 AM	11/18/2019  12:00:00 AM	Elective
10353	Thoracic	12/07/2019  12:00:00 AM	12/06/2019  12:00:00 AM	Elective
10354	Pain	12/07/2019  12:00:00 AM	12/04/2019  12:00:00 AM	Elective
10355	Obstetrics	12/07/2019  12:00:00 AM	11/18/2019  12:00:00 AM	Urgent
10356	Electroconvulsive Therapy	12/07/2019  12:00:00 AM	11/25/2019  12:00:00 AM	Urgent
10357	Neurosurgery	12/07/2019  12:00:00 AM	11/29/2019  12:00:00 AM	Elective
10358	Podiatry	12/07/2019  12:00:00 AM	11/30/2019  12:00:00 AM	Urgent
10359	Pulmonary	12/07/2019  12:00:00 AM	11/18/2019  12:00:00 AM	Elective
10360	Gynecology	12/07/2019  12:00:00 AM	12/06/2019  12:00:00 AM	Elective
10361	Thoracic	12/07/2019  12:00:00 AM	11/19/2019  12:00:00 AM	Urgent
10362	Thoracic	12/07/2019  12:00:00 AM	11/24/2019  12:00:00 AM	Elective
10363	Pain	12/07/2019  12:00:00 AM	11/19/2019  12:00:00 AM	Elective
10364	Podiatry	12/07/2019  12:00:00 AM	12/06/2019  12:00:00 AM	Urgent
10365	Pain	12/07/2019  12:00:00 AM	11/20/2019  12:00:00 AM	Elective
10366	Pain	12/07/2019  12:00:00 AM	12/03/2019  12:00:00 AM	Elective
10367	Obstetrics	12/07/2019  12:00:00 AM	11/29/2019  12:00:00 AM	Elective
10368	Plastics	12/07/2019  12:00:00 AM	12/06/2019  12:00:00 AM	Urgent
10369	General	12/07/2019  12:00:00 AM	11/24/2019  12:00:00 AM	Elective
10370	Vascular	12/07/2019  12:00:00 AM	11/25/2019  12:00:00 AM	Urgent
10371	Dental	12/07/2019  12:00:00 AM	11/30/2019  12:00:00 AM	Elective
10372	Ophthalmology	12/07/2019  12:00:00 AM	11/28/2019  12:00:00 AM	Urgent
10373	Plastics	12/07/2019  12:00:00 AM	12/04/2019  12:00:00 AM	Elective
10374	Hepatology	12/07/2019  12:00:00 AM	11/30/2019  12:00:00 AM	Elective
10375	Neurosurgery	12/07/2019  12:00:00 AM	11/25/2019  12:00:00 AM	Urgent
10376	Dental	12/07/2019  12:00:00 AM	11/22/2019  12:00:00 AM	Elective
10377	Electroconvulsive Therapy	12/07/2019  12:00:00 AM	11/19/2019  12:00:00 AM	Elective
10378	Gynecology	12/07/2019  12:00:00 AM	11/21/2019  12:00:00 AM	Elective
10379	Neurosurgery	12/07/2019  12:00:00 AM	11/18/2019  12:00:00 AM	Urgent
10380	Thoracic	12/07/2019  12:00:00 AM	12/01/2019  12:00:00 AM	Urgent
10381	Pulmonary	12/07/2019  12:00:00 AM	11/21/2019  12:00:00 AM	Elective
10382	Interventional Radiology	12/07/2019  12:00:00 AM	12/03/2019  12:00:00 AM	Urgent
10383	Ophthalmology	12/07/2019  12:00:00 AM	11/27/2019  12:00:00 AM	Urgent
10384	Pain	12/07/2019  12:00:00 AM	12/06/2019  12:00:00 AM	Elective
10385	General	12/07/2019  12:00:00 AM	12/01/2019  12:00:00 AM	Elective
10386	Dental	12/07/2019  12:00:00 AM	11/19/2019  12:00:00 AM	Elective
10387	Neurosurgery	12/07/2019  12:00:00 AM	11/22/2019  12:00:00 AM	Urgent
10388	Electroconvulsive Therapy	12/07/2019  12:00:00 AM	12/04/2019  12:00:00 AM	Urgent
10389	Orthopedics	12/07/2019  12:00:00 AM	12/06/2019  12:00:00 AM	Urgent
10390	Orthopedics	12/07/2019  12:00:00 AM	11/26/2019  12:00:00 AM	Urgent
10391	Neuroradiology	12/07/2019  12:00:00 AM	11/28/2019  12:00:00 AM	Elective
10392	Urology	12/07/2019  12:00:00 AM	11/19/2019  12:00:00 AM	Urgent
10393	Thoracic	12/07/2019  12:00:00 AM	12/03/2019  12:00:00 AM	Elective
10394	Podiatry	12/07/2019  12:00:00 AM	12/06/2019  12:00:00 AM	Elective
10395	Electrophysiology	12/07/2019  12:00:00 AM	11/24/2019  12:00:00 AM	Urgent
10396	Vascular	12/07/2019  12:00:00 AM	11/30/2019  12:00:00 AM	Elective
10397	Urology	12/07/2019  12:00:00 AM	11/20/2019  12:00:00 AM	Urgent
10398	Neuroradiology	12/07/2019  12:00:00 AM	12/02/2019  12:00:00 AM	Elective
10399	Urology	12/07/2019  12:00:00 AM	12/05/2019  12:00:00 AM	Urgent
10400	Neuroradiology	12/07/2019  12:00:00 AM	12/02/2019  12:00:00 AM	Elective
10401	Orthopedics	12/07/2019  12:00:00 AM	12/04/2019  12:00:00 AM	Elective
10402	Electrophysiology	12/07/2019  12:00:00 AM	12/01/2019  12:00:00 AM	Urgent
10403	Gynecology	12/07/2019  12:00:00 AM	11/23/2019  12:00:00 AM	Urgent
10404	Ophthalmology	12/07/2019  12:00:00 AM	12/02/2019  12:00:00 AM	Urgent
10405	Gynecology	12/07/2019  12:00:00 AM	11/24/2019  12:00:00 AM	Elective
10406	Orthopedics	12/07/2019  12:00:00 AM	12/01/2019  12:00:00 AM	Urgent
10407	Urology	12/07/2019  12:00:00 AM	12/05/2019  12:00:00 AM	Elective
10408	Obstetrics	12/07/2019  12:00:00 AM	11/21/2019  12:00:00 AM	Urgent
10409	Neurosurgery	12/07/2019  12:00:00 AM	12/06/2019  12:00:00 AM	Elective
10410	Urology	12/07/2019  12:00:00 AM	12/03/2019  12:00:00 AM	Urgent
10411	General	12/07/2019  12:00:00 AM	11/30/2019  12:00:00 AM	Urgent
10412	Ophthalmology	12/07/2019  12:00:00 AM	11/24/2019  12:00:00 AM	Elective
10413	Plastics	12/07/2019  12:00:00 AM	11/29/2019  12:00:00 AM	Elective
10414	Electrophysiology	12/07/2019  12:00:00 AM	12/02/2019  12:00:00 AM	Urgent
