LOG_ID	OR_SERVICE	SURGERY_DATE	FIRST_SCHED_DATE	CASE_CLASS
10001	Gastroenterology	05/03/2020  12:00:00 AM	04/27/2020  12:00:00 AM	Elective
10002	Plastics	05/03/2020  12:00:00 AM	04/18/2020  12:00:00 AM	Urgent
10003	Orthopedics	05/03/2020  12:00:00 AM	04/29/2020  12:00:00 AM	Elective
10004	Pain	05/03/2020  12:00:00 AM	04/20/2020  12:00:00 AM	Elective
10005	Plastics	05/03/2020  12:00:00 AM	04/24/2020  12:00:00 AM	Elective
10006	Urology	05/03/2020  12:00:00 AM	04/22/2020  12:00:00 AM	Urgent
10007	Cardiac	05/03/2020  12:00:00 AM	04/15/2020  12:00:00 AM	Elective
10008	Interventional Radiology	05/03/2020  12:00:00 AM	04/14/2020  12:00:00 AM	Elective
10009	Electroconvulsive Therapy	05/03/2020  12:00:00 AM	04/17/2020  12:00:00 AM	Urgent
10010	Cardiac	05/03/2020  12:00:00 AM	04/17/2020  12:00:00 AM	Urgent
10011	Podiatry	05/03/2020  12:00:00 AM	04/27/2020  12:00:00 AM	Elective
10012	Cardiac	05/03/2020  12:00:00 AM	05/02/2020  12:00:00 AM	Elective
10013	Pain	05/03/2020  12:00:00 AM	04/19/2020  12:00:00 AM	Elective
10014	Dental	05/03/2020  12:00:00 AM	04/19/2020  12:00:00 AM	Urgent
10015	Dental	05/03/2020  12:00:00 AM	05/02/2020  12:00:00 AM	Elective
10016	General	05/03/2020  12:00:00 AM	04/19/2020  12:00:00 AM	Urgent
10017	Vascular	05/03/2020  12:00:00 AM	04/30/2020  12:00:00 AM	Elective
10018	Electrophysiology	05/03/2020  12:00:00 AM	04/14/2020  12:00:00 AM	Urgent
10019	General	05/03/2020  12:00:00 AM	04/25/2020  12:00:00 AM	Urgent
10020	Thoracic	05/03/2020  12:00:00 AM	04/20/2020  12:00:00 AM	Urgent
10021	Pulmonary	05/03/2020  12:00:00 AM	04/25/2020  12:00:00 AM	Urgent
10022	General	05/03/2020  12:00:00 AM	04/14/2020  12:00:00 AM	Urgent
10023	Podiatry	05/03/2020  12:00:00 AM	04/16/2020  12:00:00 AM	Urgent
10024	Plastics	05/03/2020  12:00:00 AM	04/19/2020  12:00:00 AM	Elective
10025	Plastics	05/03/2020  12:00:00 AM	04/14/2020  12:00:00 AM	Elective
10026	Gastroenterology	05/03/2020  12:00:00 AM	04/21/2020  12:00:00 AM	Elective
10027	Neuroradiology	05/03/2020  12:00:00 AM	04/20/2020  12:00:00 AM	Elective
10028	General	05/03/2020  12:00:00 AM	04/19/2020  12:00:00 AM	Urgent
10029	Gynecology	05/03/2020  12:00:00 AM	04/22/2020  12:00:00 AM	Urgent
10030	Neuroradiology	05/03/2020  12:00:00 AM	04/14/2020  12:00:00 AM	Elective
10031	Pain	05/03/2020  12:00:00 AM	04/14/2020  12:00:00 AM	Elective
10032	Electrophysiology	05/03/2020  12:00:00 AM	05/02/2020  12:00:00 AM	Elective
10033	Urology	05/03/2020  12:00:00 AM	04/20/2020  12:00:00 AM	Urgent
10034	Electroconvulsive Therapy	05/03/2020  12:00:00 AM	04/17/2020  12:00:00 AM	Urgent
10035	Neuroradiology	05/03/2020  12:00:00 AM	05/01/2020  12:00:00 AM	Elective
10036	Cardiac	05/03/2020  12:00:00 AM	04/26/2020  12:00:00 AM	Elective
10037	Dental	05/03/2020  12:00:00 AM	05/01/2020  12:00:00 AM	Elective
10038	Electroconvulsive Therapy	05/03/2020  12:00:00 AM	04/20/2020  12:00:00 AM	Urgent
10039	Neuroradiology	05/03/2020  12:00:00 AM	04/25/2020  12:00:00 AM	Elective
10040	Obstetrics	05/03/2020  12:00:00 AM	04/28/2020  12:00:00 AM	Urgent
10041	Hepatology	05/03/2020  12:00:00 AM	04/24/2020  12:00:00 AM	Elective
10042	Electrophysiology	05/03/2020  12:00:00 AM	04/18/2020  12:00:00 AM	Elective
10043	Cardiac	05/03/2020  12:00:00 AM	04/28/2020  12:00:00 AM	Elective
10044	Interventional Radiology	05/03/2020  12:00:00 AM	04/24/2020  12:00:00 AM	Elective
10045	Plastics	05/03/2020  12:00:00 AM	04/19/2020  12:00:00 AM	Elective
10046	Electrophysiology	05/03/2020  12:00:00 AM	04/19/2020  12:00:00 AM	Urgent
10047	Vascular	05/03/2020  12:00:00 AM	04/23/2020  12:00:00 AM	Urgent
10048	Pulmonary	05/03/2020  12:00:00 AM	04/23/2020  12:00:00 AM	Elective
10049	Hepatology	05/03/2020  12:00:00 AM	04/23/2020  12:00:00 AM	Urgent
10050	Ophthalmology	05/03/2020  12:00:00 AM	04/27/2020  12:00:00 AM	Elective
10051	Pulmonary	05/03/2020  12:00:00 AM	04/19/2020  12:00:00 AM	Elective
10052	Urology	05/03/2020  12:00:00 AM	04/29/2020  12:00:00 AM	Urgent
10053	Cardiac	05/03/2020  12:00:00 AM	04/23/2020  12:00:00 AM	Urgent
10054	Neuroradiology	05/03/2020  12:00:00 AM	04/28/2020  12:00:00 AM	Elective
10055	Hepatology	05/03/2020  12:00:00 AM	04/27/2020  12:00:00 AM	Urgent
10056	Ophthalmology	05/03/2020  12:00:00 AM	04/17/2020  12:00:00 AM	Elective
10057	Podiatry	05/03/2020  12:00:00 AM	04/28/2020  12:00:00 AM	Urgent
10058	Interventional Radiology	05/03/2020  12:00:00 AM	05/01/2020  12:00:00 AM	Elective
10059	Gastroenterology	05/03/2020  12:00:00 AM	05/01/2020  12:00:00 AM	Urgent
10060	Dental	05/03/2020  12:00:00 AM	04/19/2020  12:00:00 AM	Elective
10061	Hepatology	05/03/2020  12:00:00 AM	04/21/2020  12:00:00 AM	Urgent
10062	Neuroradiology	05/03/2020  12:00:00 AM	04/28/2020  12:00:00 AM	Urgent
10063	Orthopedics	05/03/2020  12:00:00 AM	05/02/2020  12:00:00 AM	Urgent
10064	Cardiac	05/03/2020  12:00:00 AM	04/14/2020  12:00:00 AM	Urgent
10065	Dental	05/03/2020  12:00:00 AM	04/30/2020  12:00:00 AM	Urgent
10066	Gynecology	05/03/2020  12:00:00 AM	04/16/2020  12:00:00 AM	Elective
10067	Vascular	05/03/2020  12:00:00 AM	05/02/2020  12:00:00 AM	Urgent
10068	Pulmonary	05/03/2020  12:00:00 AM	04/30/2020  12:00:00 AM	Urgent
10069	Orthopedics	05/03/2020  12:00:00 AM	04/19/2020  12:00:00 AM	Elective
10070	Electroconvulsive Therapy	05/03/2020  12:00:00 AM	04/23/2020  12:00:00 AM	Urgent
10071	Urology	05/03/2020  12:00:00 AM	04/19/2020  12:00:00 AM	Urgent
10072	Orthopedics	05/03/2020  12:00:00 AM	04/26/2020  12:00:00 AM	Elective
10073	Neurosurgery	05/03/2020  12:00:00 AM	04/24/2020  12:00:00 AM	Urgent
10074	Vascular	05/03/2020  12:00:00 AM	04/30/2020  12:00:00 AM	Urgent
10075	Cardiac	05/03/2020  12:00:00 AM	04/17/2020  12:00:00 AM	Elective
10076	Gynecology	05/03/2020  12:00:00 AM	04/21/2020  12:00:00 AM	Elective
10077	Vascular	05/03/2020  12:00:00 AM	04/28/2020  12:00:00 AM	Elective
10078	Orthopedics	05/03/2020  12:00:00 AM	04/23/2020  12:00:00 AM	Urgent
10079	Urology	05/03/2020  12:00:00 AM	04/14/2020  12:00:00 AM	Elective
10080	Ophthalmology	05/03/2020  12:00:00 AM	04/28/2020  12:00:00 AM	Elective
10081	Podiatry	05/03/2020  12:00:00 AM	04/18/2020  12:00:00 AM	Urgent
10082	Pain	05/03/2020  12:00:00 AM	04/14/2020  12:00:00 AM	Urgent
10083	Neurosurgery	05/03/2020  12:00:00 AM	04/28/2020  12:00:00 AM	Elective
10084	Electrophysiology	05/03/2020  12:00:00 AM	05/02/2020  12:00:00 AM	Urgent
10085	General	05/03/2020  12:00:00 AM	04/29/2020  12:00:00 AM	Elective
10086	Pulmonary	05/03/2020  12:00:00 AM	04/24/2020  12:00:00 AM	Elective
10087	Interventional Radiology	05/03/2020  12:00:00 AM	04/25/2020  12:00:00 AM	Urgent
10088	Neurosurgery	05/03/2020  12:00:00 AM	04/17/2020  12:00:00 AM	Elective
10089	Neurosurgery	05/03/2020  12:00:00 AM	04/15/2020  12:00:00 AM	Urgent
10090	Gastroenterology	05/03/2020  12:00:00 AM	05/02/2020  12:00:00 AM	Urgent
10091	Podiatry	05/03/2020  12:00:00 AM	04/18/2020  12:00:00 AM	Elective
10092	Orthopedics	05/03/2020  12:00:00 AM	04/24/2020  12:00:00 AM	Elective
10093	Podiatry	05/03/2020  12:00:00 AM	04/20/2020  12:00:00 AM	Urgent
10094	Electroconvulsive Therapy	05/03/2020  12:00:00 AM	04/27/2020  12:00:00 AM	Elective
10095	Obstetrics	05/03/2020  12:00:00 AM	04/29/2020  12:00:00 AM	Elective
10096	Pain	05/03/2020  12:00:00 AM	04/21/2020  12:00:00 AM	Elective
10097	Pulmonary	05/03/2020  12:00:00 AM	04/27/2020  12:00:00 AM	Urgent
10098	Urology	05/03/2020  12:00:00 AM	04/26/2020  12:00:00 AM	Urgent
10099	Interventional Radiology	05/03/2020  12:00:00 AM	05/01/2020  12:00:00 AM	Urgent
10100	Hepatology	05/03/2020  12:00:00 AM	04/26/2020  12:00:00 AM	Urgent
10101	Ophthalmology	05/03/2020  12:00:00 AM	04/27/2020  12:00:00 AM	Elective
10102	Podiatry	05/03/2020  12:00:00 AM	05/02/2020  12:00:00 AM	Urgent
10103	Cardiac	05/03/2020  12:00:00 AM	04/17/2020  12:00:00 AM	Urgent
10104	Obstetrics	05/03/2020  12:00:00 AM	04/24/2020  12:00:00 AM	Urgent
10105	Obstetrics	05/03/2020  12:00:00 AM	04/18/2020  12:00:00 AM	Elective
10106	Podiatry	05/03/2020  12:00:00 AM	04/19/2020  12:00:00 AM	Elective
10107	Ophthalmology	05/03/2020  12:00:00 AM	04/29/2020  12:00:00 AM	Elective
10108	General	05/03/2020  12:00:00 AM	04/29/2020  12:00:00 AM	Elective
10109	Orthopedics	05/03/2020  12:00:00 AM	04/20/2020  12:00:00 AM	Elective
10110	Obstetrics	05/03/2020  12:00:00 AM	04/18/2020  12:00:00 AM	Urgent
10111	Dental	05/03/2020  12:00:00 AM	04/24/2020  12:00:00 AM	Elective
10112	Cardiac	05/03/2020  12:00:00 AM	04/19/2020  12:00:00 AM	Urgent
10113	Obstetrics	05/03/2020  12:00:00 AM	04/19/2020  12:00:00 AM	Urgent
10114	Pain	05/03/2020  12:00:00 AM	04/28/2020  12:00:00 AM	Elective
10115	Podiatry	05/03/2020  12:00:00 AM	04/25/2020  12:00:00 AM	Elective
10116	Vascular	05/03/2020  12:00:00 AM	04/16/2020  12:00:00 AM	Urgent
10117	Podiatry	05/03/2020  12:00:00 AM	04/24/2020  12:00:00 AM	Elective
10118	Obstetrics	05/03/2020  12:00:00 AM	04/15/2020  12:00:00 AM	Urgent
10119	Gynecology	05/03/2020  12:00:00 AM	04/28/2020  12:00:00 AM	Urgent
10120	Thoracic	05/03/2020  12:00:00 AM	04/14/2020  12:00:00 AM	Urgent
10121	Pulmonary	05/03/2020  12:00:00 AM	04/22/2020  12:00:00 AM	Elective
10122	Electroconvulsive Therapy	05/03/2020  12:00:00 AM	04/24/2020  12:00:00 AM	Urgent
10123	Ophthalmology	05/03/2020  12:00:00 AM	04/22/2020  12:00:00 AM	Elective
10124	Thoracic	05/03/2020  12:00:00 AM	04/24/2020  12:00:00 AM	Urgent
10125	Neuroradiology	05/03/2020  12:00:00 AM	04/26/2020  12:00:00 AM	Elective
10126	Hepatology	05/03/2020  12:00:00 AM	04/23/2020  12:00:00 AM	Elective
10127	Thoracic	05/03/2020  12:00:00 AM	05/01/2020  12:00:00 AM	Urgent
10128	Vascular	05/03/2020  12:00:00 AM	04/17/2020  12:00:00 AM	Urgent
10129	Neuroradiology	05/03/2020  12:00:00 AM	04/28/2020  12:00:00 AM	Urgent
10130	Obstetrics	05/03/2020  12:00:00 AM	04/19/2020  12:00:00 AM	Elective
10131	Neurosurgery	05/03/2020  12:00:00 AM	04/29/2020  12:00:00 AM	Urgent
10132	Obstetrics	05/03/2020  12:00:00 AM	04/30/2020  12:00:00 AM	Urgent
10133	Pain	05/03/2020  12:00:00 AM	04/21/2020  12:00:00 AM	Urgent
10134	Cardiac	05/03/2020  12:00:00 AM	04/30/2020  12:00:00 AM	Urgent
10135	Electroconvulsive Therapy	05/03/2020  12:00:00 AM	04/23/2020  12:00:00 AM	Urgent
10136	General	05/03/2020  12:00:00 AM	04/28/2020  12:00:00 AM	Elective
10137	Cardiac	05/03/2020  12:00:00 AM	04/30/2020  12:00:00 AM	Elective
10138	Gynecology	05/03/2020  12:00:00 AM	05/01/2020  12:00:00 AM	Elective
10139	Dental	05/03/2020  12:00:00 AM	04/19/2020  12:00:00 AM	Elective
10140	Obstetrics	05/03/2020  12:00:00 AM	04/20/2020  12:00:00 AM	Elective
10141	Interventional Radiology	05/03/2020  12:00:00 AM	05/02/2020  12:00:00 AM	Elective
10142	Obstetrics	05/03/2020  12:00:00 AM	04/14/2020  12:00:00 AM	Urgent
10143	Plastics	05/03/2020  12:00:00 AM	04/23/2020  12:00:00 AM	Urgent
10144	Pulmonary	05/03/2020  12:00:00 AM	04/28/2020  12:00:00 AM	Elective
10145	Neurosurgery	05/03/2020  12:00:00 AM	04/21/2020  12:00:00 AM	Elective
10146	Obstetrics	05/03/2020  12:00:00 AM	04/24/2020  12:00:00 AM	Elective
10147	Plastics	05/03/2020  12:00:00 AM	04/19/2020  12:00:00 AM	Elective
10148	Interventional Radiology	05/03/2020  12:00:00 AM	04/19/2020  12:00:00 AM	Elective
10149	Plastics	05/03/2020  12:00:00 AM	04/18/2020  12:00:00 AM	Urgent
10150	Cardiac	05/03/2020  12:00:00 AM	04/18/2020  12:00:00 AM	Elective
10151	Plastics	05/03/2020  12:00:00 AM	04/26/2020  12:00:00 AM	Urgent
10152	General	05/03/2020  12:00:00 AM	04/20/2020  12:00:00 AM	Urgent
10153	Plastics	05/03/2020  12:00:00 AM	04/21/2020  12:00:00 AM	Elective
10154	Electrophysiology	05/03/2020  12:00:00 AM	05/01/2020  12:00:00 AM	Urgent
10155	Hepatology	05/03/2020  12:00:00 AM	04/18/2020  12:00:00 AM	Urgent
10156	Pain	05/03/2020  12:00:00 AM	04/14/2020  12:00:00 AM	Urgent
10157	Electrophysiology	05/03/2020  12:00:00 AM	04/29/2020  12:00:00 AM	Urgent
10158	Cardiac	05/03/2020  12:00:00 AM	04/18/2020  12:00:00 AM	Elective
10159	Podiatry	05/03/2020  12:00:00 AM	04/19/2020  12:00:00 AM	Elective
10160	Gynecology	05/03/2020  12:00:00 AM	05/01/2020  12:00:00 AM	Elective
10161	Podiatry	05/03/2020  12:00:00 AM	04/20/2020  12:00:00 AM	Elective
10162	General	05/03/2020  12:00:00 AM	04/25/2020  12:00:00 AM	Elective
10163	General	05/03/2020  12:00:00 AM	04/17/2020  12:00:00 AM	Urgent
10164	Urology	05/03/2020  12:00:00 AM	04/29/2020  12:00:00 AM	Urgent
10165	Cardiac	05/03/2020  12:00:00 AM	04/25/2020  12:00:00 AM	Urgent
10166	Orthopedics	05/03/2020  12:00:00 AM	04/21/2020  12:00:00 AM	Urgent
10167	General	05/03/2020  12:00:00 AM	04/26/2020  12:00:00 AM	Elective
10168	Vascular	05/03/2020  12:00:00 AM	04/23/2020  12:00:00 AM	Urgent
10169	Pain	05/03/2020  12:00:00 AM	04/25/2020  12:00:00 AM	Elective
10170	Orthopedics	05/03/2020  12:00:00 AM	05/01/2020  12:00:00 AM	Urgent
10171	General	05/03/2020  12:00:00 AM	04/23/2020  12:00:00 AM	Elective
10172	Podiatry	05/03/2020  12:00:00 AM	04/27/2020  12:00:00 AM	Elective
10173	Urology	05/03/2020  12:00:00 AM	04/30/2020  12:00:00 AM	Urgent
10174	Hepatology	05/03/2020  12:00:00 AM	04/20/2020  12:00:00 AM	Urgent
10175	Hepatology	05/03/2020  12:00:00 AM	04/18/2020  12:00:00 AM	Elective
10176	Orthopedics	05/03/2020  12:00:00 AM	04/28/2020  12:00:00 AM	Elective
10177	Neurosurgery	05/03/2020  12:00:00 AM	04/23/2020  12:00:00 AM	Elective
10178	Gastroenterology	05/03/2020  12:00:00 AM	05/01/2020  12:00:00 AM	Urgent
10179	General	05/03/2020  12:00:00 AM	04/27/2020  12:00:00 AM	Elective
10180	Thoracic	05/03/2020  12:00:00 AM	04/22/2020  12:00:00 AM	Elective
10181	Neurosurgery	05/03/2020  12:00:00 AM	04/16/2020  12:00:00 AM	Urgent
10182	Electrophysiology	05/03/2020  12:00:00 AM	05/01/2020  12:00:00 AM	Urgent
10183	Pain	05/03/2020  12:00:00 AM	04/17/2020  12:00:00 AM	Elective
10184	Neuroradiology	05/03/2020  12:00:00 AM	04/14/2020  12:00:00 AM	Urgent
10185	Neuroradiology	05/03/2020  12:00:00 AM	04/29/2020  12:00:00 AM	Urgent
10186	Vascular	05/03/2020  12:00:00 AM	05/01/2020  12:00:00 AM	Urgent
10187	Gynecology	05/03/2020  12:00:00 AM	04/22/2020  12:00:00 AM	Urgent
10188	Neuroradiology	05/03/2020  12:00:00 AM	04/18/2020  12:00:00 AM	Urgent
10189	Dental	05/03/2020  12:00:00 AM	04/28/2020  12:00:00 AM	Urgent
10190	General	05/03/2020  12:00:00 AM	04/24/2020  12:00:00 AM	Elective
10191	Ophthalmology	05/03/2020  12:00:00 AM	04/26/2020  12:00:00 AM	Elective
10192	Interventional Radiology	05/03/2020  12:00:00 AM	04/14/2020  12:00:00 AM	Urgent
10193	Urology	05/03/2020  12:00:00 AM	04/27/2020  12:00:00 AM	Elective
10194	Ophthalmology	05/03/2020  12:00:00 AM	04/29/2020  12:00:00 AM	Urgent
10195	Dental	05/03/2020  12:00:00 AM	05/01/2020  12:00:00 AM	Elective
10196	Neuroradiology	05/03/2020  12:00:00 AM	04/29/2020  12:00:00 AM	Elective
10197	Obstetrics	05/03/2020  12:00:00 AM	05/02/2020  12:00:00 AM	Elective
10198	Pain	05/03/2020  12:00:00 AM	05/02/2020  12:00:00 AM	Urgent
10199	Obstetrics	05/03/2020  12:00:00 AM	04/26/2020  12:00:00 AM	Urgent
10200	Urology	05/03/2020  12:00:00 AM	04/29/2020  12:00:00 AM	Elective
10201	General	05/03/2020  12:00:00 AM	04/19/2020  12:00:00 AM	Urgent
10202	Urology	05/03/2020  12:00:00 AM	05/02/2020  12:00:00 AM	Elective
10203	Electrophysiology	05/03/2020  12:00:00 AM	04/30/2020  12:00:00 AM	Elective
10204	Pain	05/03/2020  12:00:00 AM	05/02/2020  12:00:00 AM	Elective
10205	Electrophysiology	05/03/2020  12:00:00 AM	04/24/2020  12:00:00 AM	Elective
10206	Vascular	05/03/2020  12:00:00 AM	04/14/2020  12:00:00 AM	Elective
10207	Neurosurgery	05/03/2020  12:00:00 AM	04/19/2020  12:00:00 AM	Urgent
10208	Electroconvulsive Therapy	05/03/2020  12:00:00 AM	05/01/2020  12:00:00 AM	Elective
10209	Ophthalmology	05/03/2020  12:00:00 AM	04/22/2020  12:00:00 AM	Elective
10210	Gastroenterology	05/03/2020  12:00:00 AM	04/18/2020  12:00:00 AM	Urgent
10211	Dental	05/03/2020  12:00:00 AM	04/23/2020  12:00:00 AM	Elective
10212	Electroconvulsive Therapy	05/03/2020  12:00:00 AM	04/15/2020  12:00:00 AM	Elective
10213	Gastroenterology	05/03/2020  12:00:00 AM	04/20/2020  12:00:00 AM	Urgent
10214	Pain	05/03/2020  12:00:00 AM	04/14/2020  12:00:00 AM	Elective
10215	Dental	05/03/2020  12:00:00 AM	04/24/2020  12:00:00 AM	Elective
10216	Pulmonary	05/03/2020  12:00:00 AM	04/26/2020  12:00:00 AM	Elective
10217	Vascular	05/03/2020  12:00:00 AM	04/23/2020  12:00:00 AM	Urgent
10218	Podiatry	05/03/2020  12:00:00 AM	04/20/2020  12:00:00 AM	Elective
10219	Podiatry	05/03/2020  12:00:00 AM	04/28/2020  12:00:00 AM	Urgent
10220	Electroconvulsive Therapy	05/03/2020  12:00:00 AM	04/18/2020  12:00:00 AM	Urgent
10221	Cardiac	05/03/2020  12:00:00 AM	04/21/2020  12:00:00 AM	Urgent
10222	Ophthalmology	05/03/2020  12:00:00 AM	04/24/2020  12:00:00 AM	Elective
10223	Cardiac	05/03/2020  12:00:00 AM	04/19/2020  12:00:00 AM	Urgent
10224	Cardiac	05/03/2020  12:00:00 AM	04/18/2020  12:00:00 AM	Elective
10225	Gastroenterology	05/03/2020  12:00:00 AM	04/17/2020  12:00:00 AM	Elective
10226	Podiatry	05/03/2020  12:00:00 AM	04/21/2020  12:00:00 AM	Urgent
10227	Gastroenterology	05/03/2020  12:00:00 AM	04/25/2020  12:00:00 AM	Elective
10228	Pulmonary	05/03/2020  12:00:00 AM	05/01/2020  12:00:00 AM	Elective
10229	Gastroenterology	05/03/2020  12:00:00 AM	04/24/2020  12:00:00 AM	Elective
10230	Dental	05/03/2020  12:00:00 AM	04/30/2020  12:00:00 AM	Elective
10231	Electrophysiology	05/03/2020  12:00:00 AM	04/30/2020  12:00:00 AM	Elective
10232	Gynecology	05/03/2020  12:00:00 AM	04/24/2020  12:00:00 AM	Urgent
10233	Plastics	05/03/2020  12:00:00 AM	04/27/2020  12:00:00 AM	Elective
10234	Vascular	05/03/2020  12:00:00 AM	04/14/2020  12:00:00 AM	Elective
10235	Podiatry	05/03/2020  12:00:00 AM	04/22/2020  12:00:00 AM	Elective
10236	Gastroenterology	05/03/2020  12:00:00 AM	05/01/2020  12:00:00 AM	Elective
10237	Plastics	05/03/2020  12:00:00 AM	04/25/2020  12:00:00 AM	Elective
10238	Dental	05/03/2020  12:00:00 AM	04/27/2020  12:00:00 AM	Elective
10239	Dental	05/03/2020  12:00:00 AM	04/15/2020  12:00:00 AM	Elective
10240	Gynecology	05/03/2020  12:00:00 AM	04/20/2020  12:00:00 AM	Urgent
10241	Hepatology	05/03/2020  12:00:00 AM	04/26/2020  12:00:00 AM	Elective
10242	General	05/03/2020  12:00:00 AM	04/30/2020  12:00:00 AM	Urgent
10243	Pain	05/03/2020  12:00:00 AM	04/22/2020  12:00:00 AM	Urgent
10244	Gynecology	05/03/2020  12:00:00 AM	04/24/2020  12:00:00 AM	Elective
10245	Plastics	05/03/2020  12:00:00 AM	04/21/2020  12:00:00 AM	Elective
10246	Gynecology	05/03/2020  12:00:00 AM	04/21/2020  12:00:00 AM	Urgent
10247	Neuroradiology	05/03/2020  12:00:00 AM	04/17/2020  12:00:00 AM	Elective
10248	Cardiac	05/03/2020  12:00:00 AM	04/26/2020  12:00:00 AM	Urgent
10249	Orthopedics	05/03/2020  12:00:00 AM	04/29/2020  12:00:00 AM	Elective
10250	Podiatry	05/03/2020  12:00:00 AM	04/23/2020  12:00:00 AM	Urgent
10251	Obstetrics	05/03/2020  12:00:00 AM	04/22/2020  12:00:00 AM	Elective
10252	Cardiac	05/03/2020  12:00:00 AM	04/20/2020  12:00:00 AM	Urgent
10253	Neuroradiology	05/03/2020  12:00:00 AM	04/25/2020  12:00:00 AM	Urgent
10254	Plastics	05/03/2020  12:00:00 AM	04/19/2020  12:00:00 AM	Elective
10255	Podiatry	05/03/2020  12:00:00 AM	04/14/2020  12:00:00 AM	Elective
10256	Obstetrics	05/03/2020  12:00:00 AM	04/16/2020  12:00:00 AM	Urgent
10257	Electroconvulsive Therapy	05/03/2020  12:00:00 AM	04/24/2020  12:00:00 AM	Urgent
10258	Gynecology	05/03/2020  12:00:00 AM	04/19/2020  12:00:00 AM	Elective
10259	Obstetrics	05/03/2020  12:00:00 AM	04/17/2020  12:00:00 AM	Urgent
10260	Orthopedics	05/03/2020  12:00:00 AM	04/15/2020  12:00:00 AM	Elective
10261	Plastics	05/03/2020  12:00:00 AM	04/20/2020  12:00:00 AM	Urgent
10262	Ophthalmology	05/03/2020  12:00:00 AM	04/18/2020  12:00:00 AM	Elective
10263	Plastics	05/03/2020  12:00:00 AM	04/27/2020  12:00:00 AM	Elective
10264	Vascular	05/03/2020  12:00:00 AM	04/20/2020  12:00:00 AM	Urgent
10265	Interventional Radiology	05/03/2020  12:00:00 AM	04/15/2020  12:00:00 AM	Urgent
10266	Pain	05/03/2020  12:00:00 AM	04/25/2020  12:00:00 AM	Elective
10267	Podiatry	05/03/2020  12:00:00 AM	04/19/2020  12:00:00 AM	Urgent
10268	Electrophysiology	05/03/2020  12:00:00 AM	04/24/2020  12:00:00 AM	Elective
10269	Neurosurgery	05/03/2020  12:00:00 AM	04/29/2020  12:00:00 AM	Elective
10270	Interventional Radiology	05/03/2020  12:00:00 AM	04/20/2020  12:00:00 AM	Elective
10271	Gastroenterology	05/03/2020  12:00:00 AM	04/21/2020  12:00:00 AM	Elective
10272	Orthopedics	05/03/2020  12:00:00 AM	04/17/2020  12:00:00 AM	Urgent
10273	General	05/03/2020  12:00:00 AM	04/15/2020  12:00:00 AM	Elective
10274	Ophthalmology	05/03/2020  12:00:00 AM	04/20/2020  12:00:00 AM	Urgent
10275	Vascular	05/03/2020  12:00:00 AM	04/29/2020  12:00:00 AM	Elective
10276	Interventional Radiology	05/03/2020  12:00:00 AM	04/21/2020  12:00:00 AM	Urgent
10277	Cardiac	05/03/2020  12:00:00 AM	04/15/2020  12:00:00 AM	Elective
10278	Podiatry	05/03/2020  12:00:00 AM	04/20/2020  12:00:00 AM	Urgent
10279	Interventional Radiology	05/03/2020  12:00:00 AM	04/30/2020  12:00:00 AM	Urgent
10280	Vascular	05/03/2020  12:00:00 AM	04/23/2020  12:00:00 AM	Urgent
10281	Podiatry	05/03/2020  12:00:00 AM	05/02/2020  12:00:00 AM	Urgent
10282	Orthopedics	05/03/2020  12:00:00 AM	04/15/2020  12:00:00 AM	Urgent
10283	Plastics	05/03/2020  12:00:00 AM	04/19/2020  12:00:00 AM	Urgent
10284	Ophthalmology	05/03/2020  12:00:00 AM	05/02/2020  12:00:00 AM	Urgent
10285	Cardiac	05/03/2020  12:00:00 AM	04/18/2020  12:00:00 AM	Urgent
10286	General	05/03/2020  12:00:00 AM	04/23/2020  12:00:00 AM	Urgent
10287	Gastroenterology	05/03/2020  12:00:00 AM	04/23/2020  12:00:00 AM	Urgent
10288	General	05/03/2020  12:00:00 AM	04/18/2020  12:00:00 AM	Urgent
10289	Cardiac	05/03/2020  12:00:00 AM	05/01/2020  12:00:00 AM	Urgent
10290	Gastroenterology	05/03/2020  12:00:00 AM	05/01/2020  12:00:00 AM	Elective
10291	Vascular	05/03/2020  12:00:00 AM	04/24/2020  12:00:00 AM	Urgent
10292	Ophthalmology	05/03/2020  12:00:00 AM	05/01/2020  12:00:00 AM	Urgent
10293	Pain	05/03/2020  12:00:00 AM	04/25/2020  12:00:00 AM	Urgent
10294	Gastroenterology	05/03/2020  12:00:00 AM	04/30/2020  12:00:00 AM	Elective
10295	Thoracic	05/03/2020  12:00:00 AM	04/21/2020  12:00:00 AM	Elective
10296	Electrophysiology	05/03/2020  12:00:00 AM	04/14/2020  12:00:00 AM	Elective
10297	Electrophysiology	05/03/2020  12:00:00 AM	04/20/2020  12:00:00 AM	Urgent
10298	Interventional Radiology	05/03/2020  12:00:00 AM	04/30/2020  12:00:00 AM	Urgent
10299	Urology	05/03/2020  12:00:00 AM	04/16/2020  12:00:00 AM	Urgent
10300	Urology	05/03/2020  12:00:00 AM	04/26/2020  12:00:00 AM	Urgent
10301	Obstetrics	05/03/2020  12:00:00 AM	04/18/2020  12:00:00 AM	Urgent
10302	General	05/03/2020  12:00:00 AM	04/15/2020  12:00:00 AM	Urgent
10303	Electrophysiology	05/03/2020  12:00:00 AM	04/24/2020  12:00:00 AM	Urgent
10304	Pain	05/03/2020  12:00:00 AM	04/22/2020  12:00:00 AM	Urgent
10305	Hepatology	05/03/2020  12:00:00 AM	04/30/2020  12:00:00 AM	Urgent
10306	Interventional Radiology	05/03/2020  12:00:00 AM	05/02/2020  12:00:00 AM	Urgent
10307	Podiatry	05/03/2020  12:00:00 AM	04/29/2020  12:00:00 AM	Urgent
10308	Hepatology	05/03/2020  12:00:00 AM	04/15/2020  12:00:00 AM	Elective
10309	Obstetrics	05/03/2020  12:00:00 AM	04/22/2020  12:00:00 AM	Elective
10310	Obstetrics	05/03/2020  12:00:00 AM	04/22/2020  12:00:00 AM	Urgent
10311	Gynecology	05/03/2020  12:00:00 AM	04/26/2020  12:00:00 AM	Urgent
10312	Interventional Radiology	05/03/2020  12:00:00 AM	05/02/2020  12:00:00 AM	Elective
10313	Pulmonary	05/03/2020  12:00:00 AM	04/20/2020  12:00:00 AM	Urgent
10314	Thoracic	05/03/2020  12:00:00 AM	04/21/2020  12:00:00 AM	Urgent
10315	Plastics	05/03/2020  12:00:00 AM	04/27/2020  12:00:00 AM	Urgent
10316	Thoracic	05/03/2020  12:00:00 AM	05/01/2020  12:00:00 AM	Elective
10317	Pain	05/03/2020  12:00:00 AM	04/24/2020  12:00:00 AM	Elective
10318	Neurosurgery	05/03/2020  12:00:00 AM	04/30/2020  12:00:00 AM	Elective
10319	Plastics	05/03/2020  12:00:00 AM	04/21/2020  12:00:00 AM	Elective
10320	Electroconvulsive Therapy	05/03/2020  12:00:00 AM	04/30/2020  12:00:00 AM	Elective
10321	Hepatology	05/03/2020  12:00:00 AM	04/20/2020  12:00:00 AM	Urgent
10322	Vascular	05/03/2020  12:00:00 AM	04/23/2020  12:00:00 AM	Elective
10323	Gynecology	05/03/2020  12:00:00 AM	04/27/2020  12:00:00 AM	Urgent
10324	Electroconvulsive Therapy	05/03/2020  12:00:00 AM	04/16/2020  12:00:00 AM	Elective
10325	Thoracic	05/03/2020  12:00:00 AM	05/01/2020  12:00:00 AM	Elective
10326	Orthopedics	05/03/2020  12:00:00 AM	04/14/2020  12:00:00 AM	Elective
10327	Dental	05/03/2020  12:00:00 AM	04/25/2020  12:00:00 AM	Urgent
10328	General	05/03/2020  12:00:00 AM	04/14/2020  12:00:00 AM	Urgent
10329	Cardiac	05/03/2020  12:00:00 AM	05/01/2020  12:00:00 AM	Elective
10330	Thoracic	05/03/2020  12:00:00 AM	04/21/2020  12:00:00 AM	Elective
10331	Neurosurgery	05/03/2020  12:00:00 AM	04/15/2020  12:00:00 AM	Urgent
10332	Electroconvulsive Therapy	05/03/2020  12:00:00 AM	04/29/2020  12:00:00 AM	Elective
10333	Pulmonary	05/03/2020  12:00:00 AM	04/15/2020  12:00:00 AM	Urgent
10334	Vascular	05/03/2020  12:00:00 AM	04/14/2020  12:00:00 AM	Elective
10335	Dental	05/03/2020  12:00:00 AM	04/26/2020  12:00:00 AM	Elective
10336	Dental	05/03/2020  12:00:00 AM	04/28/2020  12:00:00 AM	Elective
10337	General	05/03/2020  12:00:00 AM	04/19/2020  12:00:00 AM	Urgent
10338	Pain	05/03/2020  12:00:00 AM	04/24/2020  12:00:00 AM	Urgent
10339	Thoracic	05/03/2020  12:00:00 AM	05/01/2020  12:00:00 AM	Urgent
10340	Hepatology	05/03/2020  12:00:00 AM	04/16/2020  12:00:00 AM	Elective
10341	Hepatology	05/03/2020  12:00:00 AM	04/22/2020  12:00:00 AM	Elective
10342	Orthopedics	05/03/2020  12:00:00 AM	04/29/2020  12:00:00 AM	Urgent
10343	Thoracic	05/03/2020  12:00:00 AM	04/21/2020  12:00:00 AM	Elective
10344	Hepatology	05/03/2020  12:00:00 AM	04/25/2020  12:00:00 AM	Urgent
10345	Vascular	05/03/2020  12:00:00 AM	04/15/2020  12:00:00 AM	Elective
10346	Urology	05/03/2020  12:00:00 AM	04/25/2020  12:00:00 AM	Elective
10347	Pain	05/03/2020  12:00:00 AM	04/18/2020  12:00:00 AM	Elective
10348	Neurosurgery	05/03/2020  12:00:00 AM	04/25/2020  12:00:00 AM	Urgent
10349	Orthopedics	05/03/2020  12:00:00 AM	04/28/2020  12:00:00 AM	Urgent
10350	Plastics	05/03/2020  12:00:00 AM	04/15/2020  12:00:00 AM	Elective
10351	Cardiac	05/03/2020  12:00:00 AM	04/27/2020  12:00:00 AM	Urgent
10352	Interventional Radiology	05/03/2020  12:00:00 AM	04/25/2020  12:00:00 AM	Urgent
10353	Hepatology	05/03/2020  12:00:00 AM	04/24/2020  12:00:00 AM	Elective
10354	Interventional Radiology	05/03/2020  12:00:00 AM	04/24/2020  12:00:00 AM	Elective
10355	General	05/03/2020  12:00:00 AM	04/14/2020  12:00:00 AM	Elective
10356	Hepatology	05/03/2020  12:00:00 AM	04/16/2020  12:00:00 AM	Elective
10357	Electroconvulsive Therapy	05/03/2020  12:00:00 AM	04/22/2020  12:00:00 AM	Elective
10358	Podiatry	05/03/2020  12:00:00 AM	04/17/2020  12:00:00 AM	Elective
10359	Neurosurgery	05/03/2020  12:00:00 AM	04/14/2020  12:00:00 AM	Urgent
10360	Urology	05/03/2020  12:00:00 AM	04/14/2020  12:00:00 AM	Elective
10361	Neuroradiology	05/03/2020  12:00:00 AM	04/29/2020  12:00:00 AM	Urgent
10362	Gynecology	05/03/2020  12:00:00 AM	04/20/2020  12:00:00 AM	Urgent
10363	Hepatology	05/03/2020  12:00:00 AM	04/22/2020  12:00:00 AM	Urgent
10364	Electroconvulsive Therapy	05/03/2020  12:00:00 AM	04/17/2020  12:00:00 AM	Urgent
10365	Gynecology	05/03/2020  12:00:00 AM	04/22/2020  12:00:00 AM	Elective
10366	Neurosurgery	05/03/2020  12:00:00 AM	04/15/2020  12:00:00 AM	Urgent
10367	Obstetrics	05/03/2020  12:00:00 AM	04/19/2020  12:00:00 AM	Elective
10368	Pain	05/03/2020  12:00:00 AM	04/24/2020  12:00:00 AM	Elective
10369	Gastroenterology	05/03/2020  12:00:00 AM	05/01/2020  12:00:00 AM	Urgent
10370	Vascular	05/03/2020  12:00:00 AM	04/22/2020  12:00:00 AM	Urgent
10371	Gastroenterology	05/03/2020  12:00:00 AM	04/28/2020  12:00:00 AM	Urgent
10372	Hepatology	05/03/2020  12:00:00 AM	05/01/2020  12:00:00 AM	Urgent
10373	Hepatology	05/03/2020  12:00:00 AM	04/24/2020  12:00:00 AM	Elective
10374	Dental	05/03/2020  12:00:00 AM	04/29/2020  12:00:00 AM	Elective
10375	Pain	05/03/2020  12:00:00 AM	04/22/2020  12:00:00 AM	Elective
10376	Pulmonary	05/03/2020  12:00:00 AM	04/20/2020  12:00:00 AM	Elective
10377	Orthopedics	05/03/2020  12:00:00 AM	04/15/2020  12:00:00 AM	Urgent
10378	Gastroenterology	05/03/2020  12:00:00 AM	04/25/2020  12:00:00 AM	Urgent
10379	Thoracic	05/03/2020  12:00:00 AM	05/01/2020  12:00:00 AM	Urgent
10380	Cardiac	05/03/2020  12:00:00 AM	04/14/2020  12:00:00 AM	Elective
10381	Cardiac	05/03/2020  12:00:00 AM	05/02/2020  12:00:00 AM	Elective
10382	Electroconvulsive Therapy	05/03/2020  12:00:00 AM	05/02/2020  12:00:00 AM	Elective
10383	Pain	05/03/2020  12:00:00 AM	04/21/2020  12:00:00 AM	Urgent
10384	Pain	05/03/2020  12:00:00 AM	04/21/2020  12:00:00 AM	Elective
10385	Electroconvulsive Therapy	05/03/2020  12:00:00 AM	05/01/2020  12:00:00 AM	Elective
10386	Vascular	05/03/2020  12:00:00 AM	04/28/2020  12:00:00 AM	Urgent
10387	Gynecology	05/03/2020  12:00:00 AM	04/17/2020  12:00:00 AM	Urgent
10388	Obstetrics	05/03/2020  12:00:00 AM	04/27/2020  12:00:00 AM	Urgent
10389	General	05/03/2020  12:00:00 AM	04/16/2020  12:00:00 AM	Elective
10390	Pulmonary	05/03/2020  12:00:00 AM	04/14/2020  12:00:00 AM	Urgent
10391	Gastroenterology	05/03/2020  12:00:00 AM	04/21/2020  12:00:00 AM	Urgent
10392	General	05/03/2020  12:00:00 AM	04/29/2020  12:00:00 AM	Urgent
10393	Pain	05/03/2020  12:00:00 AM	04/30/2020  12:00:00 AM	Elective
10394	Interventional Radiology	05/03/2020  12:00:00 AM	04/28/2020  12:00:00 AM	Elective
10395	Interventional Radiology	05/03/2020  12:00:00 AM	04/14/2020  12:00:00 AM	Elective
10396	Orthopedics	05/03/2020  12:00:00 AM	04/22/2020  12:00:00 AM	Urgent
10397	Vascular	05/03/2020  12:00:00 AM	04/21/2020  12:00:00 AM	Elective
10398	General	05/03/2020  12:00:00 AM	04/19/2020  12:00:00 AM	Elective
10399	General	05/03/2020  12:00:00 AM	04/25/2020  12:00:00 AM	Elective
10400	Podiatry	05/03/2020  12:00:00 AM	04/29/2020  12:00:00 AM	Elective
10401	Orthopedics	05/03/2020  12:00:00 AM	04/26/2020  12:00:00 AM	Elective
10402	Gynecology	05/03/2020  12:00:00 AM	04/20/2020  12:00:00 AM	Elective
10403	Cardiac	05/03/2020  12:00:00 AM	05/02/2020  12:00:00 AM	Elective
10404	Cardiac	05/03/2020  12:00:00 AM	04/20/2020  12:00:00 AM	Urgent
10405	Orthopedics	05/03/2020  12:00:00 AM	04/21/2020  12:00:00 AM	Urgent
10406	Podiatry	05/03/2020  12:00:00 AM	04/24/2020  12:00:00 AM	Elective
10407	Gastroenterology	05/03/2020  12:00:00 AM	04/14/2020  12:00:00 AM	Urgent
10408	Cardiac	05/03/2020  12:00:00 AM	04/17/2020  12:00:00 AM	Urgent
10409	Vascular	05/03/2020  12:00:00 AM	04/17/2020  12:00:00 AM	Elective
10410	Electroconvulsive Therapy	05/03/2020  12:00:00 AM	05/02/2020  12:00:00 AM	Elective
10411	Vascular	05/03/2020  12:00:00 AM	05/02/2020  12:00:00 AM	Elective
10412	Neurosurgery	05/03/2020  12:00:00 AM	04/22/2020  12:00:00 AM	Elective
10413	Gastroenterology	05/03/2020  12:00:00 AM	04/18/2020  12:00:00 AM	Urgent
10414	Obstetrics	05/03/2020  12:00:00 AM	05/02/2020  12:00:00 AM	Urgent
