LOG_ID	OR_SERVICE	SURGERY_DATE	FIRST_SCHED_DATE	CASE_CLASS
10001	Ophthalmology	05/17/2020  12:00:00 AM	04/29/2020  12:00:00 AM	Elective
10002	Pulmonary	05/17/2020  12:00:00 AM	04/30/2020  12:00:00 AM	Urgent
10003	Vascular	05/17/2020  12:00:00 AM	05/06/2020  12:00:00 AM	Urgent
10004	Ophthalmology	05/17/2020  12:00:00 AM	05/11/2020  12:00:00 AM	Urgent
10005	Urology	05/17/2020  12:00:00 AM	05/06/2020  12:00:00 AM	Elective
10006	Neuroradiology	05/17/2020  12:00:00 AM	04/28/2020  12:00:00 AM	Urgent
10007	Gastroenterology	05/17/2020  12:00:00 AM	04/29/2020  12:00:00 AM	Urgent
10008	Electrophysiology	05/17/2020  12:00:00 AM	05/15/2020  12:00:00 AM	Elective
10009	General	05/17/2020  12:00:00 AM	05/11/2020  12:00:00 AM	Urgent
10010	Cardiac	05/17/2020  12:00:00 AM	05/16/2020  12:00:00 AM	Urgent
10011	Dental	05/17/2020  12:00:00 AM	04/29/2020  12:00:00 AM	Elective
10012	Dental	05/17/2020  12:00:00 AM	05/12/2020  12:00:00 AM	Elective
10013	Interventional Radiology	05/17/2020  12:00:00 AM	05/15/2020  12:00:00 AM	Urgent
10014	Electroconvulsive Therapy	05/17/2020  12:00:00 AM	05/05/2020  12:00:00 AM	Elective
10015	Obstetrics	05/17/2020  12:00:00 AM	05/15/2020  12:00:00 AM	Urgent
10016	Cardiac	05/17/2020  12:00:00 AM	04/29/2020  12:00:00 AM	Urgent
10017	Obstetrics	05/17/2020  12:00:00 AM	05/11/2020  12:00:00 AM	Elective
10018	Cardiac	05/17/2020  12:00:00 AM	04/29/2020  12:00:00 AM	Elective
10019	Hepatology	05/17/2020  12:00:00 AM	04/28/2020  12:00:00 AM	Urgent
10020	Neurosurgery	05/17/2020  12:00:00 AM	05/15/2020  12:00:00 AM	Elective
10021	Thoracic	05/17/2020  12:00:00 AM	05/15/2020  12:00:00 AM	Elective
10022	Urology	05/17/2020  12:00:00 AM	05/05/2020  12:00:00 AM	Elective
10023	Pulmonary	05/17/2020  12:00:00 AM	05/11/2020  12:00:00 AM	Urgent
10024	Pain	05/17/2020  12:00:00 AM	05/08/2020  12:00:00 AM	Urgent
10025	Orthopedics	05/17/2020  12:00:00 AM	05/08/2020  12:00:00 AM	Elective
10026	Pulmonary	05/17/2020  12:00:00 AM	05/16/2020  12:00:00 AM	Urgent
10027	Pulmonary	05/17/2020  12:00:00 AM	05/14/2020  12:00:00 AM	Urgent
10028	Orthopedics	05/17/2020  12:00:00 AM	05/03/2020  12:00:00 AM	Urgent
10029	Obstetrics	05/17/2020  12:00:00 AM	05/03/2020  12:00:00 AM	Urgent
10030	Obstetrics	05/17/2020  12:00:00 AM	05/07/2020  12:00:00 AM	Urgent
10031	Vascular	05/17/2020  12:00:00 AM	05/04/2020  12:00:00 AM	Urgent
10032	Podiatry	05/17/2020  12:00:00 AM	05/12/2020  12:00:00 AM	Elective
10033	Urology	05/17/2020  12:00:00 AM	05/15/2020  12:00:00 AM	Urgent
10034	Interventional Radiology	05/17/2020  12:00:00 AM	05/06/2020  12:00:00 AM	Elective
10035	Obstetrics	05/17/2020  12:00:00 AM	05/12/2020  12:00:00 AM	Elective
10036	Thoracic	05/17/2020  12:00:00 AM	04/29/2020  12:00:00 AM	Elective
10037	Vascular	05/17/2020  12:00:00 AM	05/08/2020  12:00:00 AM	Urgent
10038	Cardiac	05/17/2020  12:00:00 AM	05/05/2020  12:00:00 AM	Urgent
10039	Electrophysiology	05/17/2020  12:00:00 AM	05/01/2020  12:00:00 AM	Urgent
10040	Electroconvulsive Therapy	05/17/2020  12:00:00 AM	05/04/2020  12:00:00 AM	Elective
10041	Interventional Radiology	05/17/2020  12:00:00 AM	05/10/2020  12:00:00 AM	Elective
10042	Hepatology	05/17/2020  12:00:00 AM	05/12/2020  12:00:00 AM	Urgent
10043	Gastroenterology	05/17/2020  12:00:00 AM	04/28/2020  12:00:00 AM	Urgent
10044	Interventional Radiology	05/17/2020  12:00:00 AM	05/05/2020  12:00:00 AM	Urgent
10045	Plastics	05/17/2020  12:00:00 AM	05/06/2020  12:00:00 AM	Urgent
10046	Podiatry	05/17/2020  12:00:00 AM	05/09/2020  12:00:00 AM	Urgent
10047	Ophthalmology	05/17/2020  12:00:00 AM	05/12/2020  12:00:00 AM	Elective
10048	Dental	05/17/2020  12:00:00 AM	05/02/2020  12:00:00 AM	Elective
10049	Podiatry	05/17/2020  12:00:00 AM	05/03/2020  12:00:00 AM	Elective
10050	Vascular	05/17/2020  12:00:00 AM	05/03/2020  12:00:00 AM	Elective
10051	Ophthalmology	05/17/2020  12:00:00 AM	05/09/2020  12:00:00 AM	Elective
10052	Pain	05/17/2020  12:00:00 AM	04/30/2020  12:00:00 AM	Urgent
10053	Gastroenterology	05/17/2020  12:00:00 AM	05/14/2020  12:00:00 AM	Elective
10054	Gynecology	05/17/2020  12:00:00 AM	05/06/2020  12:00:00 AM	Elective
10055	Pulmonary	05/17/2020  12:00:00 AM	05/10/2020  12:00:00 AM	Urgent
10056	Gynecology	05/17/2020  12:00:00 AM	05/01/2020  12:00:00 AM	Urgent
10057	Gastroenterology	05/17/2020  12:00:00 AM	05/16/2020  12:00:00 AM	Urgent
10058	Ophthalmology	05/17/2020  12:00:00 AM	05/06/2020  12:00:00 AM	Elective
10059	Interventional Radiology	05/17/2020  12:00:00 AM	05/07/2020  12:00:00 AM	Elective
10060	Interventional Radiology	05/17/2020  12:00:00 AM	04/30/2020  12:00:00 AM	Urgent
10061	Interventional Radiology	05/17/2020  12:00:00 AM	04/30/2020  12:00:00 AM	Urgent
10062	Pain	05/17/2020  12:00:00 AM	04/29/2020  12:00:00 AM	Urgent
10063	Gastroenterology	05/17/2020  12:00:00 AM	05/13/2020  12:00:00 AM	Elective
10064	Plastics	05/17/2020  12:00:00 AM	05/15/2020  12:00:00 AM	Elective
10065	Obstetrics	05/17/2020  12:00:00 AM	05/13/2020  12:00:00 AM	Elective
10066	Gynecology	05/17/2020  12:00:00 AM	04/30/2020  12:00:00 AM	Elective
10067	Dental	05/17/2020  12:00:00 AM	05/15/2020  12:00:00 AM	Elective
10068	Cardiac	05/17/2020  12:00:00 AM	05/01/2020  12:00:00 AM	Elective
10069	Gynecology	05/17/2020  12:00:00 AM	05/06/2020  12:00:00 AM	Elective
10070	Dental	05/17/2020  12:00:00 AM	05/09/2020  12:00:00 AM	Elective
10071	Podiatry	05/17/2020  12:00:00 AM	05/04/2020  12:00:00 AM	Elective
10072	Gynecology	05/17/2020  12:00:00 AM	05/16/2020  12:00:00 AM	Urgent
10073	Pain	05/17/2020  12:00:00 AM	05/14/2020  12:00:00 AM	Urgent
10074	Ophthalmology	05/17/2020  12:00:00 AM	05/13/2020  12:00:00 AM	Urgent
10075	Interventional Radiology	05/17/2020  12:00:00 AM	05/12/2020  12:00:00 AM	Urgent
10076	Hepatology	05/17/2020  12:00:00 AM	05/05/2020  12:00:00 AM	Elective
10077	Pain	05/17/2020  12:00:00 AM	05/05/2020  12:00:00 AM	Elective
10078	Hepatology	05/17/2020  12:00:00 AM	05/11/2020  12:00:00 AM	Urgent
10079	Electroconvulsive Therapy	05/17/2020  12:00:00 AM	05/12/2020  12:00:00 AM	Urgent
10080	Interventional Radiology	05/17/2020  12:00:00 AM	05/07/2020  12:00:00 AM	Elective
10081	Gynecology	05/17/2020  12:00:00 AM	04/29/2020  12:00:00 AM	Elective
10082	Vascular	05/17/2020  12:00:00 AM	05/10/2020  12:00:00 AM	Urgent
10083	Obstetrics	05/17/2020  12:00:00 AM	04/29/2020  12:00:00 AM	Urgent
10084	Electroconvulsive Therapy	05/17/2020  12:00:00 AM	05/05/2020  12:00:00 AM	Urgent
10085	Urology	05/17/2020  12:00:00 AM	05/09/2020  12:00:00 AM	Elective
10086	Pulmonary	05/17/2020  12:00:00 AM	04/28/2020  12:00:00 AM	Urgent
10087	Electrophysiology	05/17/2020  12:00:00 AM	04/29/2020  12:00:00 AM	Elective
10088	Urology	05/17/2020  12:00:00 AM	05/14/2020  12:00:00 AM	Elective
10089	Interventional Radiology	05/17/2020  12:00:00 AM	05/04/2020  12:00:00 AM	Elective
10090	Hepatology	05/17/2020  12:00:00 AM	05/05/2020  12:00:00 AM	Urgent
10091	Hepatology	05/17/2020  12:00:00 AM	05/06/2020  12:00:00 AM	Elective
10092	Electroconvulsive Therapy	05/17/2020  12:00:00 AM	05/11/2020  12:00:00 AM	Urgent
10093	Thoracic	05/17/2020  12:00:00 AM	05/07/2020  12:00:00 AM	Urgent
10094	Neurosurgery	05/17/2020  12:00:00 AM	05/04/2020  12:00:00 AM	Elective
10095	Pain	05/17/2020  12:00:00 AM	04/30/2020  12:00:00 AM	Elective
10096	General	05/17/2020  12:00:00 AM	05/15/2020  12:00:00 AM	Elective
10097	Gastroenterology	05/17/2020  12:00:00 AM	05/14/2020  12:00:00 AM	Elective
10098	Electrophysiology	05/17/2020  12:00:00 AM	05/14/2020  12:00:00 AM	Elective
10099	General	05/17/2020  12:00:00 AM	05/16/2020  12:00:00 AM	Urgent
10100	Gastroenterology	05/17/2020  12:00:00 AM	04/29/2020  12:00:00 AM	Urgent
10101	Vascular	05/17/2020  12:00:00 AM	05/14/2020  12:00:00 AM	Urgent
10102	Interventional Radiology	05/17/2020  12:00:00 AM	05/07/2020  12:00:00 AM	Urgent
10103	Pain	05/17/2020  12:00:00 AM	05/07/2020  12:00:00 AM	Urgent
10104	Obstetrics	05/17/2020  12:00:00 AM	05/15/2020  12:00:00 AM	Elective
10105	Pulmonary	05/17/2020  12:00:00 AM	05/01/2020  12:00:00 AM	Urgent
10106	Neuroradiology	05/17/2020  12:00:00 AM	05/13/2020  12:00:00 AM	Elective
10107	Neurosurgery	05/17/2020  12:00:00 AM	05/13/2020  12:00:00 AM	Elective
10108	Podiatry	05/17/2020  12:00:00 AM	05/15/2020  12:00:00 AM	Elective
10109	Interventional Radiology	05/17/2020  12:00:00 AM	05/12/2020  12:00:00 AM	Elective
10110	Gynecology	05/17/2020  12:00:00 AM	05/11/2020  12:00:00 AM	Elective
10111	Neuroradiology	05/17/2020  12:00:00 AM	05/02/2020  12:00:00 AM	Urgent
10112	Dental	05/17/2020  12:00:00 AM	04/29/2020  12:00:00 AM	Elective
10113	Gastroenterology	05/17/2020  12:00:00 AM	05/08/2020  12:00:00 AM	Elective
10114	Cardiac	05/17/2020  12:00:00 AM	05/15/2020  12:00:00 AM	Elective
10115	Obstetrics	05/17/2020  12:00:00 AM	05/06/2020  12:00:00 AM	Elective
10116	Dental	05/17/2020  12:00:00 AM	05/13/2020  12:00:00 AM	Elective
10117	Interventional Radiology	05/17/2020  12:00:00 AM	05/02/2020  12:00:00 AM	Elective
10118	Urology	05/17/2020  12:00:00 AM	04/28/2020  12:00:00 AM	Elective
10119	Electrophysiology	05/17/2020  12:00:00 AM	05/15/2020  12:00:00 AM	Elective
10120	Orthopedics	05/17/2020  12:00:00 AM	05/07/2020  12:00:00 AM	Urgent
10121	Pain	05/17/2020  12:00:00 AM	05/10/2020  12:00:00 AM	Elective
10122	Podiatry	05/17/2020  12:00:00 AM	05/09/2020  12:00:00 AM	Elective
10123	Interventional Radiology	05/17/2020  12:00:00 AM	04/28/2020  12:00:00 AM	Elective
10124	Electrophysiology	05/17/2020  12:00:00 AM	05/16/2020  12:00:00 AM	Urgent
10125	Neuroradiology	05/17/2020  12:00:00 AM	05/14/2020  12:00:00 AM	Elective
10126	Obstetrics	05/17/2020  12:00:00 AM	05/02/2020  12:00:00 AM	Urgent
10127	Cardiac	05/17/2020  12:00:00 AM	05/02/2020  12:00:00 AM	Urgent
10128	Interventional Radiology	05/17/2020  12:00:00 AM	05/04/2020  12:00:00 AM	Urgent
10129	Plastics	05/17/2020  12:00:00 AM	05/10/2020  12:00:00 AM	Urgent
10130	Dental	05/17/2020  12:00:00 AM	04/29/2020  12:00:00 AM	Elective
10131	Vascular	05/17/2020  12:00:00 AM	05/06/2020  12:00:00 AM	Elective
10132	Podiatry	05/17/2020  12:00:00 AM	05/04/2020  12:00:00 AM	Urgent
10133	Gynecology	05/17/2020  12:00:00 AM	05/03/2020  12:00:00 AM	Urgent
10134	Electroconvulsive Therapy	05/17/2020  12:00:00 AM	05/14/2020  12:00:00 AM	Urgent
10135	Pulmonary	05/17/2020  12:00:00 AM	04/29/2020  12:00:00 AM	Urgent
10136	Obstetrics	05/17/2020  12:00:00 AM	05/14/2020  12:00:00 AM	Elective
10137	Urology	05/17/2020  12:00:00 AM	05/04/2020  12:00:00 AM	Elective
10138	Electroconvulsive Therapy	05/17/2020  12:00:00 AM	05/11/2020  12:00:00 AM	Elective
10139	Hepatology	05/17/2020  12:00:00 AM	05/16/2020  12:00:00 AM	Urgent
10140	Neurosurgery	05/17/2020  12:00:00 AM	05/08/2020  12:00:00 AM	Urgent
10141	Dental	05/17/2020  12:00:00 AM	05/16/2020  12:00:00 AM	Elective
10142	Thoracic	05/17/2020  12:00:00 AM	05/08/2020  12:00:00 AM	Elective
10143	Electrophysiology	05/17/2020  12:00:00 AM	05/08/2020  12:00:00 AM	Urgent
10144	Interventional Radiology	05/17/2020  12:00:00 AM	05/06/2020  12:00:00 AM	Urgent
10145	Electrophysiology	05/17/2020  12:00:00 AM	05/16/2020  12:00:00 AM	Urgent
10146	Electrophysiology	05/17/2020  12:00:00 AM	05/07/2020  12:00:00 AM	Elective
10147	Podiatry	05/17/2020  12:00:00 AM	05/10/2020  12:00:00 AM	Urgent
10148	Neuroradiology	05/17/2020  12:00:00 AM	05/08/2020  12:00:00 AM	Elective
10149	Pulmonary	05/17/2020  12:00:00 AM	05/06/2020  12:00:00 AM	Urgent
10150	General	05/17/2020  12:00:00 AM	05/12/2020  12:00:00 AM	Elective
10151	Vascular	05/17/2020  12:00:00 AM	05/01/2020  12:00:00 AM	Elective
10152	Orthopedics	05/17/2020  12:00:00 AM	04/30/2020  12:00:00 AM	Urgent
10153	Podiatry	05/17/2020  12:00:00 AM	05/15/2020  12:00:00 AM	Urgent
10154	Ophthalmology	05/17/2020  12:00:00 AM	04/30/2020  12:00:00 AM	Urgent
10155	Urology	05/17/2020  12:00:00 AM	05/09/2020  12:00:00 AM	Urgent
10156	Podiatry	05/17/2020  12:00:00 AM	04/28/2020  12:00:00 AM	Elective
10157	Gynecology	05/17/2020  12:00:00 AM	05/04/2020  12:00:00 AM	Urgent
10158	Hepatology	05/17/2020  12:00:00 AM	05/08/2020  12:00:00 AM	Elective
10159	Neurosurgery	05/17/2020  12:00:00 AM	05/03/2020  12:00:00 AM	Urgent
10160	General	05/17/2020  12:00:00 AM	05/14/2020  12:00:00 AM	Elective
10161	Pain	05/17/2020  12:00:00 AM	05/03/2020  12:00:00 AM	Urgent
10162	General	05/17/2020  12:00:00 AM	05/12/2020  12:00:00 AM	Urgent
10163	Hepatology	05/17/2020  12:00:00 AM	05/12/2020  12:00:00 AM	Elective
10164	Hepatology	05/17/2020  12:00:00 AM	05/02/2020  12:00:00 AM	Urgent
10165	Orthopedics	05/17/2020  12:00:00 AM	05/12/2020  12:00:00 AM	Elective
10166	Pulmonary	05/17/2020  12:00:00 AM	05/01/2020  12:00:00 AM	Elective
10167	Thoracic	05/17/2020  12:00:00 AM	05/10/2020  12:00:00 AM	Elective
10168	Pain	05/17/2020  12:00:00 AM	05/08/2020  12:00:00 AM	Urgent
10169	Cardiac	05/17/2020  12:00:00 AM	05/01/2020  12:00:00 AM	Urgent
10170	General	05/17/2020  12:00:00 AM	05/13/2020  12:00:00 AM	Elective
10171	General	05/17/2020  12:00:00 AM	05/16/2020  12:00:00 AM	Urgent
10172	Neurosurgery	05/17/2020  12:00:00 AM	05/14/2020  12:00:00 AM	Urgent
10173	Ophthalmology	05/17/2020  12:00:00 AM	05/08/2020  12:00:00 AM	Urgent
10174	Dental	05/17/2020  12:00:00 AM	05/09/2020  12:00:00 AM	Urgent
10175	Electrophysiology	05/17/2020  12:00:00 AM	04/29/2020  12:00:00 AM	Urgent
10176	Orthopedics	05/17/2020  12:00:00 AM	04/28/2020  12:00:00 AM	Elective
10177	Plastics	05/17/2020  12:00:00 AM	05/05/2020  12:00:00 AM	Urgent
10178	Dental	05/17/2020  12:00:00 AM	05/06/2020  12:00:00 AM	Urgent
10179	Vascular	05/17/2020  12:00:00 AM	05/04/2020  12:00:00 AM	Urgent
10180	Podiatry	05/17/2020  12:00:00 AM	05/01/2020  12:00:00 AM	Elective
10181	Dental	05/17/2020  12:00:00 AM	05/16/2020  12:00:00 AM	Elective
10182	Electrophysiology	05/17/2020  12:00:00 AM	05/01/2020  12:00:00 AM	Urgent
10183	Thoracic	05/17/2020  12:00:00 AM	05/01/2020  12:00:00 AM	Urgent
10184	Pulmonary	05/17/2020  12:00:00 AM	05/09/2020  12:00:00 AM	Urgent
10185	Pulmonary	05/17/2020  12:00:00 AM	04/29/2020  12:00:00 AM	Urgent
10186	Pulmonary	05/17/2020  12:00:00 AM	05/14/2020  12:00:00 AM	Urgent
10187	Podiatry	05/17/2020  12:00:00 AM	05/08/2020  12:00:00 AM	Elective
10188	Ophthalmology	05/17/2020  12:00:00 AM	04/28/2020  12:00:00 AM	Elective
10189	Pulmonary	05/17/2020  12:00:00 AM	05/11/2020  12:00:00 AM	Urgent
10190	Interventional Radiology	05/17/2020  12:00:00 AM	04/30/2020  12:00:00 AM	Urgent
10191	Interventional Radiology	05/17/2020  12:00:00 AM	05/10/2020  12:00:00 AM	Elective
10192	Pulmonary	05/17/2020  12:00:00 AM	04/30/2020  12:00:00 AM	Urgent
10193	General	05/17/2020  12:00:00 AM	05/02/2020  12:00:00 AM	Elective
10194	Neuroradiology	05/17/2020  12:00:00 AM	04/28/2020  12:00:00 AM	Urgent
10195	Ophthalmology	05/17/2020  12:00:00 AM	05/04/2020  12:00:00 AM	Urgent
10196	Orthopedics	05/17/2020  12:00:00 AM	05/07/2020  12:00:00 AM	Elective
10197	Pain	05/17/2020  12:00:00 AM	05/16/2020  12:00:00 AM	Urgent
10198	Neurosurgery	05/17/2020  12:00:00 AM	05/08/2020  12:00:00 AM	Elective
10199	Urology	05/17/2020  12:00:00 AM	05/08/2020  12:00:00 AM	Urgent
10200	Gastroenterology	05/17/2020  12:00:00 AM	05/12/2020  12:00:00 AM	Elective
10201	Dental	05/17/2020  12:00:00 AM	05/04/2020  12:00:00 AM	Elective
10202	Obstetrics	05/17/2020  12:00:00 AM	05/12/2020  12:00:00 AM	Elective
10203	Vascular	05/17/2020  12:00:00 AM	04/30/2020  12:00:00 AM	Elective
10204	Interventional Radiology	05/17/2020  12:00:00 AM	05/10/2020  12:00:00 AM	Elective
10205	Podiatry	05/17/2020  12:00:00 AM	05/16/2020  12:00:00 AM	Elective
10206	Pain	05/17/2020  12:00:00 AM	05/03/2020  12:00:00 AM	Elective
10207	Pulmonary	05/17/2020  12:00:00 AM	05/10/2020  12:00:00 AM	Elective
10208	Urology	05/17/2020  12:00:00 AM	05/06/2020  12:00:00 AM	Urgent
10209	Pain	05/17/2020  12:00:00 AM	05/08/2020  12:00:00 AM	Urgent
10210	Urology	05/17/2020  12:00:00 AM	05/06/2020  12:00:00 AM	Elective
10211	Podiatry	05/17/2020  12:00:00 AM	05/02/2020  12:00:00 AM	Urgent
10212	Vascular	05/17/2020  12:00:00 AM	05/09/2020  12:00:00 AM	Urgent
10213	Neuroradiology	05/17/2020  12:00:00 AM	05/05/2020  12:00:00 AM	Urgent
10214	Pain	05/17/2020  12:00:00 AM	05/06/2020  12:00:00 AM	Elective
10215	Neuroradiology	05/17/2020  12:00:00 AM	05/14/2020  12:00:00 AM	Elective
10216	Thoracic	05/17/2020  12:00:00 AM	05/16/2020  12:00:00 AM	Urgent
10217	Ophthalmology	05/17/2020  12:00:00 AM	05/07/2020  12:00:00 AM	Elective
10218	Orthopedics	05/17/2020  12:00:00 AM	05/12/2020  12:00:00 AM	Urgent
10219	Cardiac	05/17/2020  12:00:00 AM	04/28/2020  12:00:00 AM	Urgent
10220	Plastics	05/17/2020  12:00:00 AM	05/05/2020  12:00:00 AM	Urgent
10221	Podiatry	05/17/2020  12:00:00 AM	05/03/2020  12:00:00 AM	Elective
10222	Ophthalmology	05/17/2020  12:00:00 AM	05/04/2020  12:00:00 AM	Elective
10223	Pain	05/17/2020  12:00:00 AM	05/02/2020  12:00:00 AM	Elective
10224	Plastics	05/17/2020  12:00:00 AM	05/03/2020  12:00:00 AM	Urgent
10225	Obstetrics	05/17/2020  12:00:00 AM	05/04/2020  12:00:00 AM	Elective
10226	Pain	05/17/2020  12:00:00 AM	05/15/2020  12:00:00 AM	Urgent
10227	Vascular	05/17/2020  12:00:00 AM	05/13/2020  12:00:00 AM	Urgent
10228	Podiatry	05/17/2020  12:00:00 AM	04/28/2020  12:00:00 AM	Urgent
10229	Neurosurgery	05/17/2020  12:00:00 AM	05/10/2020  12:00:00 AM	Urgent
10230	Dental	05/17/2020  12:00:00 AM	05/01/2020  12:00:00 AM	Elective
10231	General	05/17/2020  12:00:00 AM	05/10/2020  12:00:00 AM	Elective
10232	Podiatry	05/17/2020  12:00:00 AM	05/09/2020  12:00:00 AM	Urgent
10233	Neuroradiology	05/17/2020  12:00:00 AM	04/29/2020  12:00:00 AM	Urgent
10234	Pulmonary	05/17/2020  12:00:00 AM	05/06/2020  12:00:00 AM	Elective
10235	Gastroenterology	05/17/2020  12:00:00 AM	05/11/2020  12:00:00 AM	Elective
10236	Dental	05/17/2020  12:00:00 AM	05/11/2020  12:00:00 AM	Elective
10237	Pulmonary	05/17/2020  12:00:00 AM	05/16/2020  12:00:00 AM	Urgent
10238	Cardiac	05/17/2020  12:00:00 AM	05/14/2020  12:00:00 AM	Elective
10239	Thoracic	05/17/2020  12:00:00 AM	05/11/2020  12:00:00 AM	Elective
10240	Vascular	05/17/2020  12:00:00 AM	05/16/2020  12:00:00 AM	Urgent
10241	Podiatry	05/17/2020  12:00:00 AM	04/29/2020  12:00:00 AM	Elective
10242	Podiatry	05/17/2020  12:00:00 AM	05/01/2020  12:00:00 AM	Elective
10243	Thoracic	05/17/2020  12:00:00 AM	05/08/2020  12:00:00 AM	Urgent
10244	Neuroradiology	05/17/2020  12:00:00 AM	05/06/2020  12:00:00 AM	Elective
10245	Pulmonary	05/17/2020  12:00:00 AM	05/14/2020  12:00:00 AM	Urgent
10246	Podiatry	05/17/2020  12:00:00 AM	04/29/2020  12:00:00 AM	Urgent
10247	Obstetrics	05/17/2020  12:00:00 AM	05/12/2020  12:00:00 AM	Elective
10248	Gynecology	05/17/2020  12:00:00 AM	04/28/2020  12:00:00 AM	Elective
10249	Electroconvulsive Therapy	05/17/2020  12:00:00 AM	05/15/2020  12:00:00 AM	Urgent
10250	Thoracic	05/17/2020  12:00:00 AM	05/14/2020  12:00:00 AM	Urgent
10251	Electrophysiology	05/17/2020  12:00:00 AM	05/06/2020  12:00:00 AM	Urgent
10252	General	05/17/2020  12:00:00 AM	05/05/2020  12:00:00 AM	Elective
10253	Obstetrics	05/17/2020  12:00:00 AM	05/04/2020  12:00:00 AM	Elective
10254	Orthopedics	05/17/2020  12:00:00 AM	05/11/2020  12:00:00 AM	Urgent
10255	Neurosurgery	05/17/2020  12:00:00 AM	05/06/2020  12:00:00 AM	Elective
10256	Hepatology	05/17/2020  12:00:00 AM	05/04/2020  12:00:00 AM	Urgent
10257	Dental	05/17/2020  12:00:00 AM	05/16/2020  12:00:00 AM	Urgent
10258	Gynecology	05/17/2020  12:00:00 AM	05/14/2020  12:00:00 AM	Elective
10259	Cardiac	05/17/2020  12:00:00 AM	05/08/2020  12:00:00 AM	Elective
10260	Neuroradiology	05/17/2020  12:00:00 AM	05/03/2020  12:00:00 AM	Elective
10261	Podiatry	05/17/2020  12:00:00 AM	05/03/2020  12:00:00 AM	Elective
10262	Interventional Radiology	05/17/2020  12:00:00 AM	04/28/2020  12:00:00 AM	Urgent
10263	Hepatology	05/17/2020  12:00:00 AM	05/07/2020  12:00:00 AM	Elective
10264	Pain	05/17/2020  12:00:00 AM	04/28/2020  12:00:00 AM	Urgent
10265	Plastics	05/17/2020  12:00:00 AM	05/12/2020  12:00:00 AM	Elective
10266	Urology	05/17/2020  12:00:00 AM	04/30/2020  12:00:00 AM	Elective
10267	Interventional Radiology	05/17/2020  12:00:00 AM	05/09/2020  12:00:00 AM	Urgent
10268	Electroconvulsive Therapy	05/17/2020  12:00:00 AM	05/08/2020  12:00:00 AM	Elective
10269	Hepatology	05/17/2020  12:00:00 AM	05/08/2020  12:00:00 AM	Urgent
10270	Ophthalmology	05/17/2020  12:00:00 AM	05/08/2020  12:00:00 AM	Elective
10271	Electroconvulsive Therapy	05/17/2020  12:00:00 AM	05/15/2020  12:00:00 AM	Elective
10272	Obstetrics	05/17/2020  12:00:00 AM	05/03/2020  12:00:00 AM	Urgent
10273	General	05/17/2020  12:00:00 AM	05/09/2020  12:00:00 AM	Urgent
10274	Thoracic	05/17/2020  12:00:00 AM	05/10/2020  12:00:00 AM	Urgent
10275	Neuroradiology	05/17/2020  12:00:00 AM	05/03/2020  12:00:00 AM	Elective
10276	Obstetrics	05/17/2020  12:00:00 AM	05/10/2020  12:00:00 AM	Elective
10277	Pain	05/17/2020  12:00:00 AM	05/08/2020  12:00:00 AM	Urgent
10278	Pain	05/17/2020  12:00:00 AM	05/02/2020  12:00:00 AM	Urgent
10279	Hepatology	05/17/2020  12:00:00 AM	04/29/2020  12:00:00 AM	Urgent
10280	Hepatology	05/17/2020  12:00:00 AM	05/03/2020  12:00:00 AM	Urgent
10281	Interventional Radiology	05/17/2020  12:00:00 AM	05/10/2020  12:00:00 AM	Urgent
10282	Podiatry	05/17/2020  12:00:00 AM	05/04/2020  12:00:00 AM	Urgent
10283	Hepatology	05/17/2020  12:00:00 AM	05/12/2020  12:00:00 AM	Elective
10284	Neuroradiology	05/17/2020  12:00:00 AM	05/03/2020  12:00:00 AM	Elective
10285	Cardiac	05/17/2020  12:00:00 AM	05/01/2020  12:00:00 AM	Elective
10286	Pain	05/17/2020  12:00:00 AM	05/16/2020  12:00:00 AM	Urgent
10287	Orthopedics	05/17/2020  12:00:00 AM	05/01/2020  12:00:00 AM	Urgent
10288	Thoracic	05/17/2020  12:00:00 AM	05/10/2020  12:00:00 AM	Elective
10289	Pain	05/17/2020  12:00:00 AM	04/30/2020  12:00:00 AM	Elective
10290	Neuroradiology	05/17/2020  12:00:00 AM	05/02/2020  12:00:00 AM	Elective
10291	Electroconvulsive Therapy	05/17/2020  12:00:00 AM	05/06/2020  12:00:00 AM	Elective
10292	General	05/17/2020  12:00:00 AM	05/11/2020  12:00:00 AM	Urgent
10293	Pain	05/17/2020  12:00:00 AM	05/01/2020  12:00:00 AM	Urgent
10294	Neurosurgery	05/17/2020  12:00:00 AM	05/03/2020  12:00:00 AM	Urgent
10295	Obstetrics	05/17/2020  12:00:00 AM	05/15/2020  12:00:00 AM	Urgent
10296	Hepatology	05/17/2020  12:00:00 AM	04/28/2020  12:00:00 AM	Urgent
10297	Neuroradiology	05/17/2020  12:00:00 AM	04/30/2020  12:00:00 AM	Urgent
10298	Thoracic	05/17/2020  12:00:00 AM	04/28/2020  12:00:00 AM	Elective
10299	Vascular	05/17/2020  12:00:00 AM	04/29/2020  12:00:00 AM	Urgent
10300	Pain	05/17/2020  12:00:00 AM	05/09/2020  12:00:00 AM	Urgent
10301	Ophthalmology	05/17/2020  12:00:00 AM	05/03/2020  12:00:00 AM	Elective
10302	Neuroradiology	05/17/2020  12:00:00 AM	05/07/2020  12:00:00 AM	Elective
10303	Ophthalmology	05/17/2020  12:00:00 AM	05/05/2020  12:00:00 AM	Urgent
10304	Interventional Radiology	05/17/2020  12:00:00 AM	04/28/2020  12:00:00 AM	Urgent
10305	Hepatology	05/17/2020  12:00:00 AM	05/09/2020  12:00:00 AM	Elective
10306	Vascular	05/17/2020  12:00:00 AM	05/14/2020  12:00:00 AM	Elective
10307	Neuroradiology	05/17/2020  12:00:00 AM	04/29/2020  12:00:00 AM	Elective
10308	Dental	05/17/2020  12:00:00 AM	05/08/2020  12:00:00 AM	Elective
10309	Orthopedics	05/17/2020  12:00:00 AM	05/12/2020  12:00:00 AM	Elective
10310	Dental	05/17/2020  12:00:00 AM	05/05/2020  12:00:00 AM	Elective
10311	Pulmonary	05/17/2020  12:00:00 AM	05/09/2020  12:00:00 AM	Urgent
10312	Electrophysiology	05/17/2020  12:00:00 AM	05/04/2020  12:00:00 AM	Elective
10313	Pulmonary	05/17/2020  12:00:00 AM	05/03/2020  12:00:00 AM	Elective
10314	Dental	05/17/2020  12:00:00 AM	04/30/2020  12:00:00 AM	Elective
10315	Dental	05/17/2020  12:00:00 AM	05/11/2020  12:00:00 AM	Urgent
10316	Urology	05/17/2020  12:00:00 AM	05/14/2020  12:00:00 AM	Elective
10317	Neurosurgery	05/17/2020  12:00:00 AM	05/04/2020  12:00:00 AM	Urgent
10318	Obstetrics	05/17/2020  12:00:00 AM	05/09/2020  12:00:00 AM	Urgent
10319	Neurosurgery	05/17/2020  12:00:00 AM	05/16/2020  12:00:00 AM	Urgent
10320	Cardiac	05/17/2020  12:00:00 AM	05/02/2020  12:00:00 AM	Urgent
10321	Electrophysiology	05/17/2020  12:00:00 AM	04/29/2020  12:00:00 AM	Urgent
10322	Neurosurgery	05/17/2020  12:00:00 AM	04/30/2020  12:00:00 AM	Urgent
10323	Podiatry	05/17/2020  12:00:00 AM	04/28/2020  12:00:00 AM	Elective
10324	Pulmonary	05/17/2020  12:00:00 AM	05/04/2020  12:00:00 AM	Urgent
10325	Ophthalmology	05/17/2020  12:00:00 AM	05/10/2020  12:00:00 AM	Elective
10326	Urology	05/17/2020  12:00:00 AM	05/12/2020  12:00:00 AM	Urgent
10327	Cardiac	05/17/2020  12:00:00 AM	04/30/2020  12:00:00 AM	Urgent
10328	Ophthalmology	05/17/2020  12:00:00 AM	05/09/2020  12:00:00 AM	Elective
10329	Neuroradiology	05/17/2020  12:00:00 AM	04/29/2020  12:00:00 AM	Urgent
10330	Plastics	05/17/2020  12:00:00 AM	05/14/2020  12:00:00 AM	Elective
10331	Vascular	05/17/2020  12:00:00 AM	05/04/2020  12:00:00 AM	Urgent
10332	Plastics	05/17/2020  12:00:00 AM	05/07/2020  12:00:00 AM	Elective
10333	Neuroradiology	05/17/2020  12:00:00 AM	05/12/2020  12:00:00 AM	Urgent
10334	Interventional Radiology	05/17/2020  12:00:00 AM	05/13/2020  12:00:00 AM	Urgent
10335	Dental	05/17/2020  12:00:00 AM	05/03/2020  12:00:00 AM	Urgent
10336	Urology	05/17/2020  12:00:00 AM	05/12/2020  12:00:00 AM	Elective
10337	Gynecology	05/17/2020  12:00:00 AM	05/06/2020  12:00:00 AM	Urgent
10338	Thoracic	05/17/2020  12:00:00 AM	05/07/2020  12:00:00 AM	Urgent
10339	Interventional Radiology	05/17/2020  12:00:00 AM	05/10/2020  12:00:00 AM	Urgent
10340	Cardiac	05/17/2020  12:00:00 AM	04/29/2020  12:00:00 AM	Elective
10341	Gastroenterology	05/17/2020  12:00:00 AM	05/06/2020  12:00:00 AM	Urgent
10342	Neuroradiology	05/17/2020  12:00:00 AM	05/12/2020  12:00:00 AM	Elective
10343	Vascular	05/17/2020  12:00:00 AM	05/09/2020  12:00:00 AM	Elective
10344	Electroconvulsive Therapy	05/17/2020  12:00:00 AM	05/04/2020  12:00:00 AM	Urgent
10345	Plastics	05/17/2020  12:00:00 AM	05/04/2020  12:00:00 AM	Elective
10346	Obstetrics	05/17/2020  12:00:00 AM	05/11/2020  12:00:00 AM	Elective
10347	Cardiac	05/17/2020  12:00:00 AM	05/09/2020  12:00:00 AM	Urgent
10348	Interventional Radiology	05/17/2020  12:00:00 AM	05/14/2020  12:00:00 AM	Urgent
10349	Orthopedics	05/17/2020  12:00:00 AM	04/30/2020  12:00:00 AM	Elective
10350	Thoracic	05/17/2020  12:00:00 AM	05/07/2020  12:00:00 AM	Elective
10351	Pulmonary	05/17/2020  12:00:00 AM	05/03/2020  12:00:00 AM	Elective
10352	Electrophysiology	05/17/2020  12:00:00 AM	05/15/2020  12:00:00 AM	Elective
10353	Obstetrics	05/17/2020  12:00:00 AM	04/30/2020  12:00:00 AM	Urgent
10354	Orthopedics	05/17/2020  12:00:00 AM	05/06/2020  12:00:00 AM	Elective
10355	General	05/17/2020  12:00:00 AM	04/30/2020  12:00:00 AM	Urgent
10356	Dental	05/17/2020  12:00:00 AM	05/09/2020  12:00:00 AM	Elective
10357	Cardiac	05/17/2020  12:00:00 AM	05/01/2020  12:00:00 AM	Elective
10358	Orthopedics	05/17/2020  12:00:00 AM	05/13/2020  12:00:00 AM	Urgent
10359	Cardiac	05/17/2020  12:00:00 AM	04/28/2020  12:00:00 AM	Urgent
10360	Plastics	05/17/2020  12:00:00 AM	05/14/2020  12:00:00 AM	Urgent
10361	Pain	05/17/2020  12:00:00 AM	05/09/2020  12:00:00 AM	Urgent
10362	Hepatology	05/17/2020  12:00:00 AM	04/30/2020  12:00:00 AM	Elective
10363	Neuroradiology	05/17/2020  12:00:00 AM	05/13/2020  12:00:00 AM	Urgent
10364	Ophthalmology	05/17/2020  12:00:00 AM	05/09/2020  12:00:00 AM	Urgent
10365	Vascular	05/17/2020  12:00:00 AM	04/29/2020  12:00:00 AM	Elective
10366	Dental	05/17/2020  12:00:00 AM	05/12/2020  12:00:00 AM	Urgent
10367	Gastroenterology	05/17/2020  12:00:00 AM	05/06/2020  12:00:00 AM	Elective
10368	Electroconvulsive Therapy	05/17/2020  12:00:00 AM	05/11/2020  12:00:00 AM	Urgent
10369	Orthopedics	05/17/2020  12:00:00 AM	05/10/2020  12:00:00 AM	Elective
10370	Gynecology	05/17/2020  12:00:00 AM	05/15/2020  12:00:00 AM	Urgent
10371	Electroconvulsive Therapy	05/17/2020  12:00:00 AM	05/06/2020  12:00:00 AM	Elective
10372	Cardiac	05/17/2020  12:00:00 AM	05/08/2020  12:00:00 AM	Elective
10373	Thoracic	05/17/2020  12:00:00 AM	05/09/2020  12:00:00 AM	Urgent
10374	Urology	05/17/2020  12:00:00 AM	05/05/2020  12:00:00 AM	Elective
10375	Ophthalmology	05/17/2020  12:00:00 AM	05/16/2020  12:00:00 AM	Urgent
10376	General	05/17/2020  12:00:00 AM	05/11/2020  12:00:00 AM	Urgent
10377	Podiatry	05/17/2020  12:00:00 AM	05/14/2020  12:00:00 AM	Urgent
10378	General	05/17/2020  12:00:00 AM	05/09/2020  12:00:00 AM	Elective
10379	Orthopedics	05/17/2020  12:00:00 AM	05/05/2020  12:00:00 AM	Elective
10380	Cardiac	05/17/2020  12:00:00 AM	05/15/2020  12:00:00 AM	Urgent
10381	Orthopedics	05/17/2020  12:00:00 AM	05/04/2020  12:00:00 AM	Urgent
10382	Electrophysiology	05/17/2020  12:00:00 AM	05/16/2020  12:00:00 AM	Elective
10383	Vascular	05/17/2020  12:00:00 AM	05/03/2020  12:00:00 AM	Elective
10384	Neurosurgery	05/17/2020  12:00:00 AM	05/08/2020  12:00:00 AM	Urgent
10385	Pulmonary	05/17/2020  12:00:00 AM	04/29/2020  12:00:00 AM	Urgent
10386	Obstetrics	05/17/2020  12:00:00 AM	05/08/2020  12:00:00 AM	Urgent
10387	Pulmonary	05/17/2020  12:00:00 AM	05/04/2020  12:00:00 AM	Urgent
10388	Dental	05/17/2020  12:00:00 AM	04/28/2020  12:00:00 AM	Urgent
10389	Cardiac	05/17/2020  12:00:00 AM	05/05/2020  12:00:00 AM	Urgent
10390	Pain	05/17/2020  12:00:00 AM	05/14/2020  12:00:00 AM	Urgent
10391	Plastics	05/17/2020  12:00:00 AM	05/15/2020  12:00:00 AM	Elective
10392	Gynecology	05/17/2020  12:00:00 AM	05/05/2020  12:00:00 AM	Urgent
10393	Gastroenterology	05/17/2020  12:00:00 AM	05/13/2020  12:00:00 AM	Elective
10394	Neurosurgery	05/17/2020  12:00:00 AM	05/10/2020  12:00:00 AM	Urgent
10395	Cardiac	05/17/2020  12:00:00 AM	04/29/2020  12:00:00 AM	Elective
10396	Pulmonary	05/17/2020  12:00:00 AM	05/07/2020  12:00:00 AM	Urgent
10397	Thoracic	05/17/2020  12:00:00 AM	04/29/2020  12:00:00 AM	Elective
10398	Orthopedics	05/17/2020  12:00:00 AM	05/05/2020  12:00:00 AM	Elective
10399	Gastroenterology	05/17/2020  12:00:00 AM	04/30/2020  12:00:00 AM	Urgent
10400	Ophthalmology	05/17/2020  12:00:00 AM	05/11/2020  12:00:00 AM	Elective
10401	Cardiac	05/17/2020  12:00:00 AM	05/07/2020  12:00:00 AM	Elective
10402	Vascular	05/17/2020  12:00:00 AM	05/07/2020  12:00:00 AM	Elective
10403	Thoracic	05/17/2020  12:00:00 AM	05/14/2020  12:00:00 AM	Elective
10404	Plastics	05/17/2020  12:00:00 AM	04/30/2020  12:00:00 AM	Elective
10405	Interventional Radiology	05/17/2020  12:00:00 AM	05/12/2020  12:00:00 AM	Elective
10406	Gastroenterology	05/17/2020  12:00:00 AM	04/29/2020  12:00:00 AM	Elective
10407	Interventional Radiology	05/17/2020  12:00:00 AM	04/28/2020  12:00:00 AM	Elective
10408	Cardiac	05/17/2020  12:00:00 AM	05/14/2020  12:00:00 AM	Elective
10409	Electrophysiology	05/17/2020  12:00:00 AM	05/11/2020  12:00:00 AM	Elective
10410	Dental	05/17/2020  12:00:00 AM	05/06/2020  12:00:00 AM	Urgent
10411	Thoracic	05/17/2020  12:00:00 AM	04/29/2020  12:00:00 AM	Urgent
10412	Thoracic	05/17/2020  12:00:00 AM	05/16/2020  12:00:00 AM	Urgent
10413	Obstetrics	05/17/2020  12:00:00 AM	05/14/2020  12:00:00 AM	Urgent
10414	Interventional Radiology	05/17/2020  12:00:00 AM	05/05/2020  12:00:00 AM	Elective
