LOG_ID	OR_SERVICE	SURGERY_DATE	FIRST_SCHED_DATE	CASE_CLASS
10001	Ophthalmology	05/26/2020  12:00:00 AM	05/14/2020  12:00:00 AM	Elective
10002	Orthopedics	05/26/2020  12:00:00 AM	05/08/2020  12:00:00 AM	Elective
10003	Pain	05/26/2020  12:00:00 AM	05/14/2020  12:00:00 AM	Elective
10004	Urology	05/26/2020  12:00:00 AM	05/09/2020  12:00:00 AM	Elective
10005	Electroconvulsive Therapy	05/26/2020  12:00:00 AM	05/24/2020  12:00:00 AM	Elective
10006	Ophthalmology	05/26/2020  12:00:00 AM	05/20/2020  12:00:00 AM	Urgent
10007	Neurosurgery	05/26/2020  12:00:00 AM	05/19/2020  12:00:00 AM	Elective
10008	General	05/26/2020  12:00:00 AM	05/19/2020  12:00:00 AM	Urgent
10009	General	05/26/2020  12:00:00 AM	05/11/2020  12:00:00 AM	Urgent
10010	Dental	05/26/2020  12:00:00 AM	05/24/2020  12:00:00 AM	Elective
10011	Gynecology	05/26/2020  12:00:00 AM	05/08/2020  12:00:00 AM	Urgent
10012	Pain	05/26/2020  12:00:00 AM	05/10/2020  12:00:00 AM	Urgent
10013	Gynecology	05/26/2020  12:00:00 AM	05/10/2020  12:00:00 AM	Urgent
10014	Thoracic	05/26/2020  12:00:00 AM	05/17/2020  12:00:00 AM	Elective
10015	Electroconvulsive Therapy	05/26/2020  12:00:00 AM	05/25/2020  12:00:00 AM	Elective
10016	Gastroenterology	05/26/2020  12:00:00 AM	05/21/2020  12:00:00 AM	Elective
10017	Neurosurgery	05/26/2020  12:00:00 AM	05/16/2020  12:00:00 AM	Elective
10018	Plastics	05/26/2020  12:00:00 AM	05/18/2020  12:00:00 AM	Elective
10019	Gastroenterology	05/26/2020  12:00:00 AM	05/10/2020  12:00:00 AM	Urgent
10020	Ophthalmology	05/26/2020  12:00:00 AM	05/13/2020  12:00:00 AM	Elective
10021	Gastroenterology	05/26/2020  12:00:00 AM	05/15/2020  12:00:00 AM	Urgent
10022	Electrophysiology	05/26/2020  12:00:00 AM	05/24/2020  12:00:00 AM	Elective
10023	Pain	05/26/2020  12:00:00 AM	05/22/2020  12:00:00 AM	Urgent
10024	Neuroradiology	05/26/2020  12:00:00 AM	05/09/2020  12:00:00 AM	Urgent
10025	Neuroradiology	05/26/2020  12:00:00 AM	05/21/2020  12:00:00 AM	Elective
10026	Electroconvulsive Therapy	05/26/2020  12:00:00 AM	05/14/2020  12:00:00 AM	Elective
10027	Vascular	05/26/2020  12:00:00 AM	05/19/2020  12:00:00 AM	Elective
10028	Electrophysiology	05/26/2020  12:00:00 AM	05/18/2020  12:00:00 AM	Urgent
10029	Gynecology	05/26/2020  12:00:00 AM	05/11/2020  12:00:00 AM	Elective
10030	Neuroradiology	05/26/2020  12:00:00 AM	05/15/2020  12:00:00 AM	Urgent
10031	Urology	05/26/2020  12:00:00 AM	05/13/2020  12:00:00 AM	Urgent
10032	Pain	05/26/2020  12:00:00 AM	05/15/2020  12:00:00 AM	Elective
10033	Cardiac	05/26/2020  12:00:00 AM	05/09/2020  12:00:00 AM	Elective
10034	Gynecology	05/26/2020  12:00:00 AM	05/13/2020  12:00:00 AM	Urgent
10035	Pain	05/26/2020  12:00:00 AM	05/21/2020  12:00:00 AM	Elective
10036	Hepatology	05/26/2020  12:00:00 AM	05/25/2020  12:00:00 AM	Elective
10037	Electrophysiology	05/26/2020  12:00:00 AM	05/21/2020  12:00:00 AM	Urgent
10038	Cardiac	05/26/2020  12:00:00 AM	05/09/2020  12:00:00 AM	Urgent
10039	Neurosurgery	05/26/2020  12:00:00 AM	05/12/2020  12:00:00 AM	Elective
10040	Interventional Radiology	05/26/2020  12:00:00 AM	05/25/2020  12:00:00 AM	Urgent
10041	Pain	05/26/2020  12:00:00 AM	05/07/2020  12:00:00 AM	Urgent
10042	General	05/26/2020  12:00:00 AM	05/19/2020  12:00:00 AM	Urgent
10043	Interventional Radiology	05/26/2020  12:00:00 AM	05/14/2020  12:00:00 AM	Elective
10044	Pulmonary	05/26/2020  12:00:00 AM	05/17/2020  12:00:00 AM	Urgent
10045	Gynecology	05/26/2020  12:00:00 AM	05/10/2020  12:00:00 AM	Urgent
10046	Pain	05/26/2020  12:00:00 AM	05/11/2020  12:00:00 AM	Urgent
10047	Plastics	05/26/2020  12:00:00 AM	05/10/2020  12:00:00 AM	Urgent
10048	Pain	05/26/2020  12:00:00 AM	05/07/2020  12:00:00 AM	Urgent
10049	General	05/26/2020  12:00:00 AM	05/24/2020  12:00:00 AM	Elective
10050	Neuroradiology	05/26/2020  12:00:00 AM	05/19/2020  12:00:00 AM	Elective
10051	Urology	05/26/2020  12:00:00 AM	05/16/2020  12:00:00 AM	Urgent
10052	Orthopedics	05/26/2020  12:00:00 AM	05/13/2020  12:00:00 AM	Elective
10053	Ophthalmology	05/26/2020  12:00:00 AM	05/07/2020  12:00:00 AM	Urgent
10054	Hepatology	05/26/2020  12:00:00 AM	05/08/2020  12:00:00 AM	Urgent
10055	Urology	05/26/2020  12:00:00 AM	05/24/2020  12:00:00 AM	Elective
10056	Thoracic	05/26/2020  12:00:00 AM	05/22/2020  12:00:00 AM	Elective
10057	Cardiac	05/26/2020  12:00:00 AM	05/08/2020  12:00:00 AM	Urgent
10058	General	05/26/2020  12:00:00 AM	05/24/2020  12:00:00 AM	Urgent
10059	Interventional Radiology	05/26/2020  12:00:00 AM	05/18/2020  12:00:00 AM	Urgent
10060	Gynecology	05/26/2020  12:00:00 AM	05/08/2020  12:00:00 AM	Urgent
10061	Gastroenterology	05/26/2020  12:00:00 AM	05/24/2020  12:00:00 AM	Elective
10062	Thoracic	05/26/2020  12:00:00 AM	05/22/2020  12:00:00 AM	Urgent
10063	Pulmonary	05/26/2020  12:00:00 AM	05/23/2020  12:00:00 AM	Urgent
10064	Obstetrics	05/26/2020  12:00:00 AM	05/15/2020  12:00:00 AM	Urgent
10065	Neurosurgery	05/26/2020  12:00:00 AM	05/24/2020  12:00:00 AM	Elective
10066	Vascular	05/26/2020  12:00:00 AM	05/25/2020  12:00:00 AM	Elective
10067	Interventional Radiology	05/26/2020  12:00:00 AM	05/16/2020  12:00:00 AM	Elective
10068	Vascular	05/26/2020  12:00:00 AM	05/10/2020  12:00:00 AM	Urgent
10069	Thoracic	05/26/2020  12:00:00 AM	05/17/2020  12:00:00 AM	Urgent
10070	Thoracic	05/26/2020  12:00:00 AM	05/15/2020  12:00:00 AM	Urgent
10071	Electroconvulsive Therapy	05/26/2020  12:00:00 AM	05/17/2020  12:00:00 AM	Elective
10072	Obstetrics	05/26/2020  12:00:00 AM	05/19/2020  12:00:00 AM	Elective
10073	Hepatology	05/26/2020  12:00:00 AM	05/14/2020  12:00:00 AM	Elective
10074	Hepatology	05/26/2020  12:00:00 AM	05/07/2020  12:00:00 AM	Urgent
10075	Orthopedics	05/26/2020  12:00:00 AM	05/20/2020  12:00:00 AM	Elective
10076	Gynecology	05/26/2020  12:00:00 AM	05/18/2020  12:00:00 AM	Urgent
10077	Ophthalmology	05/26/2020  12:00:00 AM	05/15/2020  12:00:00 AM	Elective
10078	Pain	05/26/2020  12:00:00 AM	05/14/2020  12:00:00 AM	Urgent
10079	General	05/26/2020  12:00:00 AM	05/23/2020  12:00:00 AM	Elective
10080	Pain	05/26/2020  12:00:00 AM	05/21/2020  12:00:00 AM	Elective
10081	Gynecology	05/26/2020  12:00:00 AM	05/25/2020  12:00:00 AM	Elective
10082	Electroconvulsive Therapy	05/26/2020  12:00:00 AM	05/16/2020  12:00:00 AM	Urgent
10083	Obstetrics	05/26/2020  12:00:00 AM	05/25/2020  12:00:00 AM	Urgent
10084	Neurosurgery	05/26/2020  12:00:00 AM	05/18/2020  12:00:00 AM	Elective
10085	General	05/26/2020  12:00:00 AM	05/24/2020  12:00:00 AM	Elective
10086	Podiatry	05/26/2020  12:00:00 AM	05/24/2020  12:00:00 AM	Elective
10087	Vascular	05/26/2020  12:00:00 AM	05/25/2020  12:00:00 AM	Elective
10088	Pulmonary	05/26/2020  12:00:00 AM	05/16/2020  12:00:00 AM	Elective
10089	Orthopedics	05/26/2020  12:00:00 AM	05/09/2020  12:00:00 AM	Elective
10090	Electrophysiology	05/26/2020  12:00:00 AM	05/22/2020  12:00:00 AM	Elective
10091	Dental	05/26/2020  12:00:00 AM	05/21/2020  12:00:00 AM	Urgent
10092	Urology	05/26/2020  12:00:00 AM	05/07/2020  12:00:00 AM	Urgent
10093	Dental	05/26/2020  12:00:00 AM	05/18/2020  12:00:00 AM	Elective
10094	Thoracic	05/26/2020  12:00:00 AM	05/19/2020  12:00:00 AM	Elective
10095	Obstetrics	05/26/2020  12:00:00 AM	05/07/2020  12:00:00 AM	Elective
10096	Thoracic	05/26/2020  12:00:00 AM	05/10/2020  12:00:00 AM	Elective
10097	Pain	05/26/2020  12:00:00 AM	05/23/2020  12:00:00 AM	Elective
10098	Interventional Radiology	05/26/2020  12:00:00 AM	05/09/2020  12:00:00 AM	Elective
10099	Gynecology	05/26/2020  12:00:00 AM	05/21/2020  12:00:00 AM	Elective
10100	Gastroenterology	05/26/2020  12:00:00 AM	05/09/2020  12:00:00 AM	Urgent
10101	Thoracic	05/26/2020  12:00:00 AM	05/08/2020  12:00:00 AM	Elective
10102	Podiatry	05/26/2020  12:00:00 AM	05/07/2020  12:00:00 AM	Urgent
10103	Pulmonary	05/26/2020  12:00:00 AM	05/11/2020  12:00:00 AM	Urgent
10104	Cardiac	05/26/2020  12:00:00 AM	05/18/2020  12:00:00 AM	Elective
10105	Plastics	05/26/2020  12:00:00 AM	05/25/2020  12:00:00 AM	Elective
10106	Pulmonary	05/26/2020  12:00:00 AM	05/07/2020  12:00:00 AM	Urgent
10107	Dental	05/26/2020  12:00:00 AM	05/11/2020  12:00:00 AM	Elective
10108	Hepatology	05/26/2020  12:00:00 AM	05/25/2020  12:00:00 AM	Urgent
10109	Electroconvulsive Therapy	05/26/2020  12:00:00 AM	05/14/2020  12:00:00 AM	Elective
10110	Orthopedics	05/26/2020  12:00:00 AM	05/23/2020  12:00:00 AM	Urgent
10111	Gynecology	05/26/2020  12:00:00 AM	05/25/2020  12:00:00 AM	Urgent
10112	Neurosurgery	05/26/2020  12:00:00 AM	05/16/2020  12:00:00 AM	Urgent
10113	Obstetrics	05/26/2020  12:00:00 AM	05/08/2020  12:00:00 AM	Urgent
10114	Pain	05/26/2020  12:00:00 AM	05/25/2020  12:00:00 AM	Urgent
10115	Thoracic	05/26/2020  12:00:00 AM	05/21/2020  12:00:00 AM	Elective
10116	Gastroenterology	05/26/2020  12:00:00 AM	05/10/2020  12:00:00 AM	Urgent
10117	Vascular	05/26/2020  12:00:00 AM	05/13/2020  12:00:00 AM	Elective
10118	Gastroenterology	05/26/2020  12:00:00 AM	05/14/2020  12:00:00 AM	Elective
10119	Pain	05/26/2020  12:00:00 AM	05/20/2020  12:00:00 AM	Urgent
10120	Cardiac	05/26/2020  12:00:00 AM	05/21/2020  12:00:00 AM	Elective
10121	General	05/26/2020  12:00:00 AM	05/24/2020  12:00:00 AM	Urgent
10122	Interventional Radiology	05/26/2020  12:00:00 AM	05/22/2020  12:00:00 AM	Elective
10123	Orthopedics	05/26/2020  12:00:00 AM	05/20/2020  12:00:00 AM	Elective
10124	Pulmonary	05/26/2020  12:00:00 AM	05/18/2020  12:00:00 AM	Urgent
10125	General	05/26/2020  12:00:00 AM	05/08/2020  12:00:00 AM	Elective
10126	Interventional Radiology	05/26/2020  12:00:00 AM	05/14/2020  12:00:00 AM	Elective
10127	Gynecology	05/26/2020  12:00:00 AM	05/16/2020  12:00:00 AM	Elective
10128	Urology	05/26/2020  12:00:00 AM	05/23/2020  12:00:00 AM	Urgent
10129	Hepatology	05/26/2020  12:00:00 AM	05/23/2020  12:00:00 AM	Urgent
10130	Electrophysiology	05/26/2020  12:00:00 AM	05/19/2020  12:00:00 AM	Elective
10131	Pulmonary	05/26/2020  12:00:00 AM	05/07/2020  12:00:00 AM	Urgent
10132	Pain	05/26/2020  12:00:00 AM	05/22/2020  12:00:00 AM	Elective
10133	Pulmonary	05/26/2020  12:00:00 AM	05/13/2020  12:00:00 AM	Elective
10134	Gastroenterology	05/26/2020  12:00:00 AM	05/07/2020  12:00:00 AM	Urgent
10135	Electrophysiology	05/26/2020  12:00:00 AM	05/07/2020  12:00:00 AM	Urgent
10136	Hepatology	05/26/2020  12:00:00 AM	05/17/2020  12:00:00 AM	Urgent
10137	Urology	05/26/2020  12:00:00 AM	05/25/2020  12:00:00 AM	Elective
10138	Gastroenterology	05/26/2020  12:00:00 AM	05/11/2020  12:00:00 AM	Elective
10139	Obstetrics	05/26/2020  12:00:00 AM	05/16/2020  12:00:00 AM	Urgent
10140	Gynecology	05/26/2020  12:00:00 AM	05/09/2020  12:00:00 AM	Elective
10141	Dental	05/26/2020  12:00:00 AM	05/14/2020  12:00:00 AM	Elective
10142	Hepatology	05/26/2020  12:00:00 AM	05/22/2020  12:00:00 AM	Urgent
10143	Thoracic	05/26/2020  12:00:00 AM	05/14/2020  12:00:00 AM	Elective
10144	Neuroradiology	05/26/2020  12:00:00 AM	05/16/2020  12:00:00 AM	Urgent
10145	General	05/26/2020  12:00:00 AM	05/23/2020  12:00:00 AM	Urgent
10146	Urology	05/26/2020  12:00:00 AM	05/15/2020  12:00:00 AM	Elective
10147	Dental	05/26/2020  12:00:00 AM	05/16/2020  12:00:00 AM	Urgent
10148	Podiatry	05/26/2020  12:00:00 AM	05/16/2020  12:00:00 AM	Urgent
10149	Cardiac	05/26/2020  12:00:00 AM	05/13/2020  12:00:00 AM	Urgent
10150	Pain	05/26/2020  12:00:00 AM	05/23/2020  12:00:00 AM	Urgent
10151	Hepatology	05/26/2020  12:00:00 AM	05/10/2020  12:00:00 AM	Elective
10152	Hepatology	05/26/2020  12:00:00 AM	05/25/2020  12:00:00 AM	Urgent
10153	Gastroenterology	05/26/2020  12:00:00 AM	05/21/2020  12:00:00 AM	Urgent
10154	Pulmonary	05/26/2020  12:00:00 AM	05/12/2020  12:00:00 AM	Urgent
10155	General	05/26/2020  12:00:00 AM	05/24/2020  12:00:00 AM	Elective
10156	Cardiac	05/26/2020  12:00:00 AM	05/12/2020  12:00:00 AM	Urgent
10157	Dental	05/26/2020  12:00:00 AM	05/15/2020  12:00:00 AM	Elective
10158	Electrophysiology	05/26/2020  12:00:00 AM	05/08/2020  12:00:00 AM	Urgent
10159	Pulmonary	05/26/2020  12:00:00 AM	05/24/2020  12:00:00 AM	Elective
10160	Ophthalmology	05/26/2020  12:00:00 AM	05/13/2020  12:00:00 AM	Elective
10161	General	05/26/2020  12:00:00 AM	05/12/2020  12:00:00 AM	Elective
10162	Gastroenterology	05/26/2020  12:00:00 AM	05/07/2020  12:00:00 AM	Urgent
10163	Urology	05/26/2020  12:00:00 AM	05/12/2020  12:00:00 AM	Elective
10164	Urology	05/26/2020  12:00:00 AM	05/20/2020  12:00:00 AM	Elective
10165	Obstetrics	05/26/2020  12:00:00 AM	05/21/2020  12:00:00 AM	Urgent
10166	Pain	05/26/2020  12:00:00 AM	05/09/2020  12:00:00 AM	Elective
10167	General	05/26/2020  12:00:00 AM	05/17/2020  12:00:00 AM	Urgent
10168	Hepatology	05/26/2020  12:00:00 AM	05/13/2020  12:00:00 AM	Urgent
10169	Plastics	05/26/2020  12:00:00 AM	05/19/2020  12:00:00 AM	Urgent
10170	Vascular	05/26/2020  12:00:00 AM	05/10/2020  12:00:00 AM	Urgent
10171	Gynecology	05/26/2020  12:00:00 AM	05/18/2020  12:00:00 AM	Elective
10172	Obstetrics	05/26/2020  12:00:00 AM	05/13/2020  12:00:00 AM	Elective
10173	Plastics	05/26/2020  12:00:00 AM	05/25/2020  12:00:00 AM	Elective
10174	Obstetrics	05/26/2020  12:00:00 AM	05/19/2020  12:00:00 AM	Urgent
10175	Neurosurgery	05/26/2020  12:00:00 AM	05/07/2020  12:00:00 AM	Elective
10176	Gastroenterology	05/26/2020  12:00:00 AM	05/08/2020  12:00:00 AM	Elective
10177	Plastics	05/26/2020  12:00:00 AM	05/15/2020  12:00:00 AM	Urgent
10178	Podiatry	05/26/2020  12:00:00 AM	05/20/2020  12:00:00 AM	Elective
10179	Plastics	05/26/2020  12:00:00 AM	05/16/2020  12:00:00 AM	Elective
10180	General	05/26/2020  12:00:00 AM	05/20/2020  12:00:00 AM	Elective
10181	Ophthalmology	05/26/2020  12:00:00 AM	05/14/2020  12:00:00 AM	Elective
10182	Interventional Radiology	05/26/2020  12:00:00 AM	05/07/2020  12:00:00 AM	Elective
10183	Electrophysiology	05/26/2020  12:00:00 AM	05/07/2020  12:00:00 AM	Elective
10184	Pain	05/26/2020  12:00:00 AM	05/20/2020  12:00:00 AM	Elective
10185	Urology	05/26/2020  12:00:00 AM	05/16/2020  12:00:00 AM	Elective
10186	Electroconvulsive Therapy	05/26/2020  12:00:00 AM	05/08/2020  12:00:00 AM	Urgent
10187	General	05/26/2020  12:00:00 AM	05/15/2020  12:00:00 AM	Elective
10188	Hepatology	05/26/2020  12:00:00 AM	05/22/2020  12:00:00 AM	Elective
10189	Dental	05/26/2020  12:00:00 AM	05/23/2020  12:00:00 AM	Urgent
10190	Ophthalmology	05/26/2020  12:00:00 AM	05/23/2020  12:00:00 AM	Urgent
10191	Podiatry	05/26/2020  12:00:00 AM	05/14/2020  12:00:00 AM	Urgent
10192	Hepatology	05/26/2020  12:00:00 AM	05/15/2020  12:00:00 AM	Elective
10193	Plastics	05/26/2020  12:00:00 AM	05/21/2020  12:00:00 AM	Elective
10194	Urology	05/26/2020  12:00:00 AM	05/24/2020  12:00:00 AM	Urgent
10195	Vascular	05/26/2020  12:00:00 AM	05/14/2020  12:00:00 AM	Elective
10196	Dental	05/26/2020  12:00:00 AM	05/14/2020  12:00:00 AM	Urgent
10197	Cardiac	05/26/2020  12:00:00 AM	05/10/2020  12:00:00 AM	Urgent
10198	Pulmonary	05/26/2020  12:00:00 AM	05/18/2020  12:00:00 AM	Urgent
10199	Interventional Radiology	05/26/2020  12:00:00 AM	05/07/2020  12:00:00 AM	Elective
10200	General	05/26/2020  12:00:00 AM	05/13/2020  12:00:00 AM	Elective
10201	Electrophysiology	05/26/2020  12:00:00 AM	05/20/2020  12:00:00 AM	Urgent
10202	Plastics	05/26/2020  12:00:00 AM	05/09/2020  12:00:00 AM	Urgent
10203	Plastics	05/26/2020  12:00:00 AM	05/16/2020  12:00:00 AM	Elective
10204	General	05/26/2020  12:00:00 AM	05/17/2020  12:00:00 AM	Urgent
10205	Dental	05/26/2020  12:00:00 AM	05/16/2020  12:00:00 AM	Urgent
10206	Plastics	05/26/2020  12:00:00 AM	05/22/2020  12:00:00 AM	Elective
10207	Plastics	05/26/2020  12:00:00 AM	05/09/2020  12:00:00 AM	Elective
10208	Ophthalmology	05/26/2020  12:00:00 AM	05/24/2020  12:00:00 AM	Urgent
10209	Pain	05/26/2020  12:00:00 AM	05/12/2020  12:00:00 AM	Urgent
10210	Thoracic	05/26/2020  12:00:00 AM	05/10/2020  12:00:00 AM	Urgent
10211	Plastics	05/26/2020  12:00:00 AM	05/17/2020  12:00:00 AM	Urgent
10212	Gastroenterology	05/26/2020  12:00:00 AM	05/14/2020  12:00:00 AM	Urgent
10213	Neurosurgery	05/26/2020  12:00:00 AM	05/23/2020  12:00:00 AM	Elective
10214	Gastroenterology	05/26/2020  12:00:00 AM	05/16/2020  12:00:00 AM	Urgent
10215	Hepatology	05/26/2020  12:00:00 AM	05/13/2020  12:00:00 AM	Elective
10216	Thoracic	05/26/2020  12:00:00 AM	05/22/2020  12:00:00 AM	Urgent
10217	Ophthalmology	05/26/2020  12:00:00 AM	05/18/2020  12:00:00 AM	Urgent
10218	General	05/26/2020  12:00:00 AM	05/11/2020  12:00:00 AM	Elective
10219	Orthopedics	05/26/2020  12:00:00 AM	05/15/2020  12:00:00 AM	Elective
10220	Neurosurgery	05/26/2020  12:00:00 AM	05/13/2020  12:00:00 AM	Elective
10221	Ophthalmology	05/26/2020  12:00:00 AM	05/09/2020  12:00:00 AM	Elective
10222	Neuroradiology	05/26/2020  12:00:00 AM	05/16/2020  12:00:00 AM	Urgent
10223	Neuroradiology	05/26/2020  12:00:00 AM	05/19/2020  12:00:00 AM	Elective
10224	Gynecology	05/26/2020  12:00:00 AM	05/11/2020  12:00:00 AM	Urgent
10225	General	05/26/2020  12:00:00 AM	05/08/2020  12:00:00 AM	Urgent
10226	Cardiac	05/26/2020  12:00:00 AM	05/12/2020  12:00:00 AM	Elective
10227	Vascular	05/26/2020  12:00:00 AM	05/08/2020  12:00:00 AM	Urgent
10228	Vascular	05/26/2020  12:00:00 AM	05/13/2020  12:00:00 AM	Urgent
10229	Pulmonary	05/26/2020  12:00:00 AM	05/09/2020  12:00:00 AM	Elective
10230	Electrophysiology	05/26/2020  12:00:00 AM	05/10/2020  12:00:00 AM	Urgent
10231	General	05/26/2020  12:00:00 AM	05/07/2020  12:00:00 AM	Urgent
10232	Thoracic	05/26/2020  12:00:00 AM	05/13/2020  12:00:00 AM	Elective
10233	Electroconvulsive Therapy	05/26/2020  12:00:00 AM	05/23/2020  12:00:00 AM	Urgent
10234	Pulmonary	05/26/2020  12:00:00 AM	05/18/2020  12:00:00 AM	Elective
10235	Podiatry	05/26/2020  12:00:00 AM	05/08/2020  12:00:00 AM	Urgent
10236	Gastroenterology	05/26/2020  12:00:00 AM	05/07/2020  12:00:00 AM	Elective
10237	Dental	05/26/2020  12:00:00 AM	05/09/2020  12:00:00 AM	Urgent
10238	Obstetrics	05/26/2020  12:00:00 AM	05/20/2020  12:00:00 AM	Elective
10239	Podiatry	05/26/2020  12:00:00 AM	05/13/2020  12:00:00 AM	Elective
10240	Interventional Radiology	05/26/2020  12:00:00 AM	05/24/2020  12:00:00 AM	Urgent
10241	Pain	05/26/2020  12:00:00 AM	05/17/2020  12:00:00 AM	Urgent
10242	Gastroenterology	05/26/2020  12:00:00 AM	05/25/2020  12:00:00 AM	Urgent
10243	Urology	05/26/2020  12:00:00 AM	05/07/2020  12:00:00 AM	Urgent
10244	Neurosurgery	05/26/2020  12:00:00 AM	05/21/2020  12:00:00 AM	Urgent
10245	Obstetrics	05/26/2020  12:00:00 AM	05/21/2020  12:00:00 AM	Elective
10246	Interventional Radiology	05/26/2020  12:00:00 AM	05/09/2020  12:00:00 AM	Elective
10247	Ophthalmology	05/26/2020  12:00:00 AM	05/10/2020  12:00:00 AM	Elective
10248	Neuroradiology	05/26/2020  12:00:00 AM	05/07/2020  12:00:00 AM	Urgent
10249	Orthopedics	05/26/2020  12:00:00 AM	05/08/2020  12:00:00 AM	Urgent
10250	Ophthalmology	05/26/2020  12:00:00 AM	05/24/2020  12:00:00 AM	Elective
10251	Pulmonary	05/26/2020  12:00:00 AM	05/25/2020  12:00:00 AM	Urgent
10252	Gastroenterology	05/26/2020  12:00:00 AM	05/14/2020  12:00:00 AM	Elective
10253	Cardiac	05/26/2020  12:00:00 AM	05/14/2020  12:00:00 AM	Elective
10254	Dental	05/26/2020  12:00:00 AM	05/19/2020  12:00:00 AM	Elective
10255	Pulmonary	05/26/2020  12:00:00 AM	05/09/2020  12:00:00 AM	Elective
10256	Pulmonary	05/26/2020  12:00:00 AM	05/13/2020  12:00:00 AM	Elective
10257	Plastics	05/26/2020  12:00:00 AM	05/11/2020  12:00:00 AM	Urgent
10258	Orthopedics	05/26/2020  12:00:00 AM	05/20/2020  12:00:00 AM	Elective
10259	Plastics	05/26/2020  12:00:00 AM	05/21/2020  12:00:00 AM	Elective
10260	Neurosurgery	05/26/2020  12:00:00 AM	05/13/2020  12:00:00 AM	Urgent
10261	Interventional Radiology	05/26/2020  12:00:00 AM	05/24/2020  12:00:00 AM	Urgent
10262	Orthopedics	05/26/2020  12:00:00 AM	05/14/2020  12:00:00 AM	Urgent
10263	Dental	05/26/2020  12:00:00 AM	05/14/2020  12:00:00 AM	Elective
10264	Gynecology	05/26/2020  12:00:00 AM	05/13/2020  12:00:00 AM	Elective
10265	Thoracic	05/26/2020  12:00:00 AM	05/08/2020  12:00:00 AM	Elective
10266	Gynecology	05/26/2020  12:00:00 AM	05/23/2020  12:00:00 AM	Urgent
10267	Thoracic	05/26/2020  12:00:00 AM	05/08/2020  12:00:00 AM	Elective
10268	Neurosurgery	05/26/2020  12:00:00 AM	05/18/2020  12:00:00 AM	Elective
10269	Plastics	05/26/2020  12:00:00 AM	05/24/2020  12:00:00 AM	Urgent
10270	Gastroenterology	05/26/2020  12:00:00 AM	05/24/2020  12:00:00 AM	Elective
10271	Orthopedics	05/26/2020  12:00:00 AM	05/17/2020  12:00:00 AM	Elective
10272	Neurosurgery	05/26/2020  12:00:00 AM	05/11/2020  12:00:00 AM	Urgent
10273	Dental	05/26/2020  12:00:00 AM	05/19/2020  12:00:00 AM	Elective
10274	Obstetrics	05/26/2020  12:00:00 AM	05/21/2020  12:00:00 AM	Urgent
10275	Gynecology	05/26/2020  12:00:00 AM	05/10/2020  12:00:00 AM	Elective
10276	Cardiac	05/26/2020  12:00:00 AM	05/23/2020  12:00:00 AM	Elective
10277	Electroconvulsive Therapy	05/26/2020  12:00:00 AM	05/16/2020  12:00:00 AM	Urgent
10278	Interventional Radiology	05/26/2020  12:00:00 AM	05/17/2020  12:00:00 AM	Elective
10279	Ophthalmology	05/26/2020  12:00:00 AM	05/22/2020  12:00:00 AM	Elective
10280	Neurosurgery	05/26/2020  12:00:00 AM	05/24/2020  12:00:00 AM	Urgent
10281	Cardiac	05/26/2020  12:00:00 AM	05/13/2020  12:00:00 AM	Elective
10282	General	05/26/2020  12:00:00 AM	05/09/2020  12:00:00 AM	Elective
10283	General	05/26/2020  12:00:00 AM	05/08/2020  12:00:00 AM	Elective
10284	Pulmonary	05/26/2020  12:00:00 AM	05/18/2020  12:00:00 AM	Elective
10285	Podiatry	05/26/2020  12:00:00 AM	05/07/2020  12:00:00 AM	Urgent
10286	Urology	05/26/2020  12:00:00 AM	05/20/2020  12:00:00 AM	Elective
10287	Gynecology	05/26/2020  12:00:00 AM	05/08/2020  12:00:00 AM	Urgent
10288	Podiatry	05/26/2020  12:00:00 AM	05/13/2020  12:00:00 AM	Elective
10289	Pulmonary	05/26/2020  12:00:00 AM	05/07/2020  12:00:00 AM	Urgent
10290	Plastics	05/26/2020  12:00:00 AM	05/20/2020  12:00:00 AM	Elective
10291	Podiatry	05/26/2020  12:00:00 AM	05/15/2020  12:00:00 AM	Elective
10292	Pain	05/26/2020  12:00:00 AM	05/09/2020  12:00:00 AM	Urgent
10293	Pulmonary	05/26/2020  12:00:00 AM	05/23/2020  12:00:00 AM	Elective
10294	Ophthalmology	05/26/2020  12:00:00 AM	05/12/2020  12:00:00 AM	Elective
10295	Hepatology	05/26/2020  12:00:00 AM	05/15/2020  12:00:00 AM	Urgent
10296	Obstetrics	05/26/2020  12:00:00 AM	05/09/2020  12:00:00 AM	Urgent
10297	Podiatry	05/26/2020  12:00:00 AM	05/25/2020  12:00:00 AM	Urgent
10298	Electroconvulsive Therapy	05/26/2020  12:00:00 AM	05/19/2020  12:00:00 AM	Elective
10299	Neurosurgery	05/26/2020  12:00:00 AM	05/24/2020  12:00:00 AM	Elective
10300	General	05/26/2020  12:00:00 AM	05/18/2020  12:00:00 AM	Urgent
10301	Gynecology	05/26/2020  12:00:00 AM	05/18/2020  12:00:00 AM	Urgent
10302	Ophthalmology	05/26/2020  12:00:00 AM	05/09/2020  12:00:00 AM	Elective
10303	Neurosurgery	05/26/2020  12:00:00 AM	05/13/2020  12:00:00 AM	Urgent
10304	Gastroenterology	05/26/2020  12:00:00 AM	05/16/2020  12:00:00 AM	Urgent
10305	Neurosurgery	05/26/2020  12:00:00 AM	05/11/2020  12:00:00 AM	Elective
10306	Ophthalmology	05/26/2020  12:00:00 AM	05/13/2020  12:00:00 AM	Urgent
10307	General	05/26/2020  12:00:00 AM	05/25/2020  12:00:00 AM	Urgent
10308	Ophthalmology	05/26/2020  12:00:00 AM	05/08/2020  12:00:00 AM	Urgent
10309	Pulmonary	05/26/2020  12:00:00 AM	05/11/2020  12:00:00 AM	Urgent
10310	Podiatry	05/26/2020  12:00:00 AM	05/23/2020  12:00:00 AM	Elective
10311	Gastroenterology	05/26/2020  12:00:00 AM	05/21/2020  12:00:00 AM	Urgent
10312	Pain	05/26/2020  12:00:00 AM	05/20/2020  12:00:00 AM	Urgent
10313	Thoracic	05/26/2020  12:00:00 AM	05/20/2020  12:00:00 AM	Elective
10314	Urology	05/26/2020  12:00:00 AM	05/12/2020  12:00:00 AM	Urgent
10315	Interventional Radiology	05/26/2020  12:00:00 AM	05/21/2020  12:00:00 AM	Elective
10316	Pain	05/26/2020  12:00:00 AM	05/18/2020  12:00:00 AM	Urgent
10317	Neurosurgery	05/26/2020  12:00:00 AM	05/14/2020  12:00:00 AM	Elective
10318	General	05/26/2020  12:00:00 AM	05/09/2020  12:00:00 AM	Urgent
10319	Urology	05/26/2020  12:00:00 AM	05/11/2020  12:00:00 AM	Elective
10320	Gynecology	05/26/2020  12:00:00 AM	05/25/2020  12:00:00 AM	Urgent
10321	Cardiac	05/26/2020  12:00:00 AM	05/11/2020  12:00:00 AM	Urgent
10322	Interventional Radiology	05/26/2020  12:00:00 AM	05/08/2020  12:00:00 AM	Urgent
10323	Plastics	05/26/2020  12:00:00 AM	05/14/2020  12:00:00 AM	Elective
10324	Gynecology	05/26/2020  12:00:00 AM	05/19/2020  12:00:00 AM	Urgent
10325	Podiatry	05/26/2020  12:00:00 AM	05/08/2020  12:00:00 AM	Urgent
10326	Gastroenterology	05/26/2020  12:00:00 AM	05/16/2020  12:00:00 AM	Urgent
10327	Pulmonary	05/26/2020  12:00:00 AM	05/09/2020  12:00:00 AM	Elective
10328	Pain	05/26/2020  12:00:00 AM	05/21/2020  12:00:00 AM	Urgent
10329	Pulmonary	05/26/2020  12:00:00 AM	05/20/2020  12:00:00 AM	Elective
10330	Orthopedics	05/26/2020  12:00:00 AM	05/16/2020  12:00:00 AM	Elective
10331	Gynecology	05/26/2020  12:00:00 AM	05/10/2020  12:00:00 AM	Urgent
10332	Neurosurgery	05/26/2020  12:00:00 AM	05/16/2020  12:00:00 AM	Urgent
10333	Cardiac	05/26/2020  12:00:00 AM	05/25/2020  12:00:00 AM	Elective
10334	Ophthalmology	05/26/2020  12:00:00 AM	05/12/2020  12:00:00 AM	Elective
10335	Ophthalmology	05/26/2020  12:00:00 AM	05/13/2020  12:00:00 AM	Urgent
10336	Orthopedics	05/26/2020  12:00:00 AM	05/13/2020  12:00:00 AM	Elective
10337	Orthopedics	05/26/2020  12:00:00 AM	05/16/2020  12:00:00 AM	Urgent
10338	Electrophysiology	05/26/2020  12:00:00 AM	05/12/2020  12:00:00 AM	Urgent
10339	Interventional Radiology	05/26/2020  12:00:00 AM	05/23/2020  12:00:00 AM	Urgent
10340	Dental	05/26/2020  12:00:00 AM	05/25/2020  12:00:00 AM	Urgent
10341	Interventional Radiology	05/26/2020  12:00:00 AM	05/22/2020  12:00:00 AM	Urgent
10342	Interventional Radiology	05/26/2020  12:00:00 AM	05/24/2020  12:00:00 AM	Urgent
10343	Gynecology	05/26/2020  12:00:00 AM	05/14/2020  12:00:00 AM	Urgent
10344	General	05/26/2020  12:00:00 AM	05/15/2020  12:00:00 AM	Urgent
10345	Dental	05/26/2020  12:00:00 AM	05/11/2020  12:00:00 AM	Elective
10346	Neuroradiology	05/26/2020  12:00:00 AM	05/24/2020  12:00:00 AM	Elective
10347	Thoracic	05/26/2020  12:00:00 AM	05/21/2020  12:00:00 AM	Urgent
10348	Hepatology	05/26/2020  12:00:00 AM	05/22/2020  12:00:00 AM	Urgent
10349	Ophthalmology	05/26/2020  12:00:00 AM	05/24/2020  12:00:00 AM	Elective
10350	Dental	05/26/2020  12:00:00 AM	05/25/2020  12:00:00 AM	Urgent
10351	Thoracic	05/26/2020  12:00:00 AM	05/16/2020  12:00:00 AM	Elective
10352	Orthopedics	05/26/2020  12:00:00 AM	05/08/2020  12:00:00 AM	Elective
10353	Orthopedics	05/26/2020  12:00:00 AM	05/22/2020  12:00:00 AM	Urgent
10354	Pain	05/26/2020  12:00:00 AM	05/15/2020  12:00:00 AM	Elective
10355	Plastics	05/26/2020  12:00:00 AM	05/23/2020  12:00:00 AM	Urgent
10356	Ophthalmology	05/26/2020  12:00:00 AM	05/12/2020  12:00:00 AM	Elective
10357	Cardiac	05/26/2020  12:00:00 AM	05/24/2020  12:00:00 AM	Urgent
10358	Dental	05/26/2020  12:00:00 AM	05/21/2020  12:00:00 AM	Elective
10359	Ophthalmology	05/26/2020  12:00:00 AM	05/20/2020  12:00:00 AM	Urgent
10360	Electrophysiology	05/26/2020  12:00:00 AM	05/22/2020  12:00:00 AM	Urgent
10361	Dental	05/26/2020  12:00:00 AM	05/13/2020  12:00:00 AM	Elective
10362	Cardiac	05/26/2020  12:00:00 AM	05/25/2020  12:00:00 AM	Urgent
10363	Electrophysiology	05/26/2020  12:00:00 AM	05/19/2020  12:00:00 AM	Elective
10364	Neuroradiology	05/26/2020  12:00:00 AM	05/13/2020  12:00:00 AM	Elective
10365	Cardiac	05/26/2020  12:00:00 AM	05/13/2020  12:00:00 AM	Elective
10366	Gastroenterology	05/26/2020  12:00:00 AM	05/12/2020  12:00:00 AM	Elective
10367	Plastics	05/26/2020  12:00:00 AM	05/25/2020  12:00:00 AM	Elective
10368	Vascular	05/26/2020  12:00:00 AM	05/17/2020  12:00:00 AM	Elective
10369	Urology	05/26/2020  12:00:00 AM	05/19/2020  12:00:00 AM	Urgent
10370	Neuroradiology	05/26/2020  12:00:00 AM	05/20/2020  12:00:00 AM	Elective
10371	Neurosurgery	05/26/2020  12:00:00 AM	05/24/2020  12:00:00 AM	Urgent
10372	Cardiac	05/26/2020  12:00:00 AM	05/10/2020  12:00:00 AM	Urgent
10373	Ophthalmology	05/26/2020  12:00:00 AM	05/13/2020  12:00:00 AM	Urgent
10374	Electroconvulsive Therapy	05/26/2020  12:00:00 AM	05/21/2020  12:00:00 AM	Urgent
10375	Thoracic	05/26/2020  12:00:00 AM	05/13/2020  12:00:00 AM	Elective
10376	Electrophysiology	05/26/2020  12:00:00 AM	05/12/2020  12:00:00 AM	Elective
10377	Orthopedics	05/26/2020  12:00:00 AM	05/25/2020  12:00:00 AM	Elective
10378	Obstetrics	05/26/2020  12:00:00 AM	05/22/2020  12:00:00 AM	Urgent
10379	Gastroenterology	05/26/2020  12:00:00 AM	05/18/2020  12:00:00 AM	Urgent
10380	Gynecology	05/26/2020  12:00:00 AM	05/15/2020  12:00:00 AM	Urgent
10381	Podiatry	05/26/2020  12:00:00 AM	05/10/2020  12:00:00 AM	Urgent
10382	Electrophysiology	05/26/2020  12:00:00 AM	05/08/2020  12:00:00 AM	Elective
10383	Urology	05/26/2020  12:00:00 AM	05/12/2020  12:00:00 AM	Elective
10384	Podiatry	05/26/2020  12:00:00 AM	05/20/2020  12:00:00 AM	Elective
10385	Gynecology	05/26/2020  12:00:00 AM	05/18/2020  12:00:00 AM	Elective
10386	Neurosurgery	05/26/2020  12:00:00 AM	05/07/2020  12:00:00 AM	Urgent
10387	General	05/26/2020  12:00:00 AM	05/23/2020  12:00:00 AM	Elective
10388	Ophthalmology	05/26/2020  12:00:00 AM	05/16/2020  12:00:00 AM	Elective
10389	Hepatology	05/26/2020  12:00:00 AM	05/18/2020  12:00:00 AM	Elective
10390	Neuroradiology	05/26/2020  12:00:00 AM	05/17/2020  12:00:00 AM	Urgent
10391	Gynecology	05/26/2020  12:00:00 AM	05/11/2020  12:00:00 AM	Urgent
10392	Neuroradiology	05/26/2020  12:00:00 AM	05/25/2020  12:00:00 AM	Urgent
10393	Cardiac	05/26/2020  12:00:00 AM	05/17/2020  12:00:00 AM	Urgent
10394	Vascular	05/26/2020  12:00:00 AM	05/15/2020  12:00:00 AM	Elective
10395	Vascular	05/26/2020  12:00:00 AM	05/24/2020  12:00:00 AM	Urgent
10396	Neurosurgery	05/26/2020  12:00:00 AM	05/15/2020  12:00:00 AM	Elective
10397	Urology	05/26/2020  12:00:00 AM	05/15/2020  12:00:00 AM	Urgent
10398	Cardiac	05/26/2020  12:00:00 AM	05/18/2020  12:00:00 AM	Elective
10399	Gynecology	05/26/2020  12:00:00 AM	05/07/2020  12:00:00 AM	Elective
10400	Gynecology	05/26/2020  12:00:00 AM	05/22/2020  12:00:00 AM	Urgent
10401	Pulmonary	05/26/2020  12:00:00 AM	05/25/2020  12:00:00 AM	Elective
10402	Pulmonary	05/26/2020  12:00:00 AM	05/22/2020  12:00:00 AM	Elective
10403	Hepatology	05/26/2020  12:00:00 AM	05/07/2020  12:00:00 AM	Urgent
10404	Neurosurgery	05/26/2020  12:00:00 AM	05/19/2020  12:00:00 AM	Elective
10405	Pain	05/26/2020  12:00:00 AM	05/14/2020  12:00:00 AM	Urgent
10406	Pain	05/26/2020  12:00:00 AM	05/10/2020  12:00:00 AM	Elective
10407	General	05/26/2020  12:00:00 AM	05/09/2020  12:00:00 AM	Elective
10408	Podiatry	05/26/2020  12:00:00 AM	05/14/2020  12:00:00 AM	Elective
10409	Ophthalmology	05/26/2020  12:00:00 AM	05/12/2020  12:00:00 AM	Urgent
10410	Dental	05/26/2020  12:00:00 AM	05/15/2020  12:00:00 AM	Urgent
10411	Urology	05/26/2020  12:00:00 AM	05/17/2020  12:00:00 AM	Elective
10412	Podiatry	05/26/2020  12:00:00 AM	05/12/2020  12:00:00 AM	Urgent
10413	Electrophysiology	05/26/2020  12:00:00 AM	05/14/2020  12:00:00 AM	Urgent
10414	Plastics	05/26/2020  12:00:00 AM	05/07/2020  12:00:00 AM	Elective
