LOG_ID	OR_SERVICE	SURGERY_DATE	FIRST_SCHED_DATE	CASE_CLASS
10001	Podiatry	05/25/2020  12:00:00 AM	05/07/2020  12:00:00 AM	Urgent
10002	Neurosurgery	05/25/2020  12:00:00 AM	05/11/2020  12:00:00 AM	Urgent
10003	Neuroradiology	05/25/2020  12:00:00 AM	05/16/2020  12:00:00 AM	Urgent
10004	Plastics	05/25/2020  12:00:00 AM	05/17/2020  12:00:00 AM	Urgent
10005	Thoracic	05/25/2020  12:00:00 AM	05/13/2020  12:00:00 AM	Elective
10006	Electroconvulsive Therapy	05/25/2020  12:00:00 AM	05/13/2020  12:00:00 AM	Elective
10007	Interventional Radiology	05/25/2020  12:00:00 AM	05/17/2020  12:00:00 AM	Elective
10008	Urology	05/25/2020  12:00:00 AM	05/19/2020  12:00:00 AM	Urgent
10009	Ophthalmology	05/25/2020  12:00:00 AM	05/17/2020  12:00:00 AM	Urgent
10010	Gynecology	05/25/2020  12:00:00 AM	05/21/2020  12:00:00 AM	Urgent
10011	Dental	05/25/2020  12:00:00 AM	05/16/2020  12:00:00 AM	Elective
10012	General	05/25/2020  12:00:00 AM	05/09/2020  12:00:00 AM	Urgent
10013	Cardiac	05/25/2020  12:00:00 AM	05/13/2020  12:00:00 AM	Urgent
10014	Obstetrics	05/25/2020  12:00:00 AM	05/16/2020  12:00:00 AM	Elective
10015	Vascular	05/25/2020  12:00:00 AM	05/18/2020  12:00:00 AM	Elective
10016	Neuroradiology	05/25/2020  12:00:00 AM	05/14/2020  12:00:00 AM	Elective
10017	Plastics	05/25/2020  12:00:00 AM	05/24/2020  12:00:00 AM	Elective
10018	Pain	05/25/2020  12:00:00 AM	05/07/2020  12:00:00 AM	Urgent
10019	General	05/25/2020  12:00:00 AM	05/19/2020  12:00:00 AM	Urgent
10020	Electrophysiology	05/25/2020  12:00:00 AM	05/15/2020  12:00:00 AM	Elective
10021	Urology	05/25/2020  12:00:00 AM	05/24/2020  12:00:00 AM	Urgent
10022	Plastics	05/25/2020  12:00:00 AM	05/18/2020  12:00:00 AM	Elective
10023	Gastroenterology	05/25/2020  12:00:00 AM	05/12/2020  12:00:00 AM	Elective
10024	Gynecology	05/25/2020  12:00:00 AM	05/15/2020  12:00:00 AM	Urgent
10025	Electroconvulsive Therapy	05/25/2020  12:00:00 AM	05/20/2020  12:00:00 AM	Urgent
10026	Vascular	05/25/2020  12:00:00 AM	05/14/2020  12:00:00 AM	Urgent
10027	Vascular	05/25/2020  12:00:00 AM	05/08/2020  12:00:00 AM	Urgent
10028	Thoracic	05/25/2020  12:00:00 AM	05/22/2020  12:00:00 AM	Urgent
10029	Neuroradiology	05/25/2020  12:00:00 AM	05/13/2020  12:00:00 AM	Elective
10030	Neurosurgery	05/25/2020  12:00:00 AM	05/21/2020  12:00:00 AM	Urgent
10031	Electrophysiology	05/25/2020  12:00:00 AM	05/22/2020  12:00:00 AM	Urgent
10032	Dental	05/25/2020  12:00:00 AM	05/09/2020  12:00:00 AM	Elective
10033	Electroconvulsive Therapy	05/25/2020  12:00:00 AM	05/11/2020  12:00:00 AM	Elective
10034	Electroconvulsive Therapy	05/25/2020  12:00:00 AM	05/10/2020  12:00:00 AM	Elective
10035	Urology	05/25/2020  12:00:00 AM	05/07/2020  12:00:00 AM	Elective
10036	Thoracic	05/25/2020  12:00:00 AM	05/21/2020  12:00:00 AM	Elective
10037	Cardiac	05/25/2020  12:00:00 AM	05/10/2020  12:00:00 AM	Urgent
10038	Electroconvulsive Therapy	05/25/2020  12:00:00 AM	05/13/2020  12:00:00 AM	Urgent
10039	Electroconvulsive Therapy	05/25/2020  12:00:00 AM	05/15/2020  12:00:00 AM	Elective
10040	Vascular	05/25/2020  12:00:00 AM	05/06/2020  12:00:00 AM	Urgent
10041	Orthopedics	05/25/2020  12:00:00 AM	05/12/2020  12:00:00 AM	Elective
10042	Ophthalmology	05/25/2020  12:00:00 AM	05/12/2020  12:00:00 AM	Elective
10043	Interventional Radiology	05/25/2020  12:00:00 AM	05/15/2020  12:00:00 AM	Urgent
10044	Gastroenterology	05/25/2020  12:00:00 AM	05/14/2020  12:00:00 AM	Urgent
10045	Electrophysiology	05/25/2020  12:00:00 AM	05/15/2020  12:00:00 AM	Elective
10046	Interventional Radiology	05/25/2020  12:00:00 AM	05/13/2020  12:00:00 AM	Urgent
10047	Pain	05/25/2020  12:00:00 AM	05/22/2020  12:00:00 AM	Elective
10048	Orthopedics	05/25/2020  12:00:00 AM	05/18/2020  12:00:00 AM	Urgent
10049	Dental	05/25/2020  12:00:00 AM	05/21/2020  12:00:00 AM	Urgent
10050	Plastics	05/25/2020  12:00:00 AM	05/19/2020  12:00:00 AM	Elective
10051	Vascular	05/25/2020  12:00:00 AM	05/13/2020  12:00:00 AM	Elective
10052	Neurosurgery	05/25/2020  12:00:00 AM	05/13/2020  12:00:00 AM	Elective
10053	Thoracic	05/25/2020  12:00:00 AM	05/23/2020  12:00:00 AM	Urgent
10054	Obstetrics	05/25/2020  12:00:00 AM	05/08/2020  12:00:00 AM	Elective
10055	Plastics	05/25/2020  12:00:00 AM	05/10/2020  12:00:00 AM	Urgent
10056	Ophthalmology	05/25/2020  12:00:00 AM	05/20/2020  12:00:00 AM	Urgent
10057	Pulmonary	05/25/2020  12:00:00 AM	05/14/2020  12:00:00 AM	Urgent
10058	Vascular	05/25/2020  12:00:00 AM	05/09/2020  12:00:00 AM	Elective
10059	Cardiac	05/25/2020  12:00:00 AM	05/13/2020  12:00:00 AM	Urgent
10060	General	05/25/2020  12:00:00 AM	05/20/2020  12:00:00 AM	Urgent
10061	Plastics	05/25/2020  12:00:00 AM	05/10/2020  12:00:00 AM	Elective
10062	Pain	05/25/2020  12:00:00 AM	05/19/2020  12:00:00 AM	Elective
10063	Neuroradiology	05/25/2020  12:00:00 AM	05/23/2020  12:00:00 AM	Elective
10064	Gynecology	05/25/2020  12:00:00 AM	05/20/2020  12:00:00 AM	Urgent
10065	Urology	05/25/2020  12:00:00 AM	05/09/2020  12:00:00 AM	Elective
10066	Thoracic	05/25/2020  12:00:00 AM	05/07/2020  12:00:00 AM	Urgent
10067	Pulmonary	05/25/2020  12:00:00 AM	05/14/2020  12:00:00 AM	Urgent
10068	Pain	05/25/2020  12:00:00 AM	05/20/2020  12:00:00 AM	Urgent
10069	Electroconvulsive Therapy	05/25/2020  12:00:00 AM	05/22/2020  12:00:00 AM	Urgent
10070	Pulmonary	05/25/2020  12:00:00 AM	05/06/2020  12:00:00 AM	Urgent
10071	Orthopedics	05/25/2020  12:00:00 AM	05/13/2020  12:00:00 AM	Urgent
10072	Gynecology	05/25/2020  12:00:00 AM	05/17/2020  12:00:00 AM	Elective
10073	Podiatry	05/25/2020  12:00:00 AM	05/24/2020  12:00:00 AM	Elective
10074	General	05/25/2020  12:00:00 AM	05/08/2020  12:00:00 AM	Urgent
10075	Plastics	05/25/2020  12:00:00 AM	05/07/2020  12:00:00 AM	Urgent
10076	Thoracic	05/25/2020  12:00:00 AM	05/17/2020  12:00:00 AM	Elective
10077	Dental	05/25/2020  12:00:00 AM	05/20/2020  12:00:00 AM	Urgent
10078	Orthopedics	05/25/2020  12:00:00 AM	05/19/2020  12:00:00 AM	Elective
10079	Podiatry	05/25/2020  12:00:00 AM	05/11/2020  12:00:00 AM	Elective
10080	Pulmonary	05/25/2020  12:00:00 AM	05/16/2020  12:00:00 AM	Elective
10081	Cardiac	05/25/2020  12:00:00 AM	05/21/2020  12:00:00 AM	Urgent
10082	Urology	05/25/2020  12:00:00 AM	05/24/2020  12:00:00 AM	Elective
10083	Podiatry	05/25/2020  12:00:00 AM	05/21/2020  12:00:00 AM	Urgent
10084	Pain	05/25/2020  12:00:00 AM	05/07/2020  12:00:00 AM	Urgent
10085	Urology	05/25/2020  12:00:00 AM	05/22/2020  12:00:00 AM	Elective
10086	Vascular	05/25/2020  12:00:00 AM	05/07/2020  12:00:00 AM	Elective
10087	Interventional Radiology	05/25/2020  12:00:00 AM	05/10/2020  12:00:00 AM	Urgent
10088	Pulmonary	05/25/2020  12:00:00 AM	05/22/2020  12:00:00 AM	Elective
10089	Pulmonary	05/25/2020  12:00:00 AM	05/24/2020  12:00:00 AM	Elective
10090	Plastics	05/25/2020  12:00:00 AM	05/22/2020  12:00:00 AM	Elective
10091	Orthopedics	05/25/2020  12:00:00 AM	05/11/2020  12:00:00 AM	Elective
10092	Gynecology	05/25/2020  12:00:00 AM	05/22/2020  12:00:00 AM	Elective
10093	Obstetrics	05/25/2020  12:00:00 AM	05/22/2020  12:00:00 AM	Elective
10094	Obstetrics	05/25/2020  12:00:00 AM	05/06/2020  12:00:00 AM	Urgent
10095	Plastics	05/25/2020  12:00:00 AM	05/13/2020  12:00:00 AM	Elective
10096	Cardiac	05/25/2020  12:00:00 AM	05/11/2020  12:00:00 AM	Urgent
10097	Neurosurgery	05/25/2020  12:00:00 AM	05/08/2020  12:00:00 AM	Elective
10098	Orthopedics	05/25/2020  12:00:00 AM	05/11/2020  12:00:00 AM	Elective
10099	Hepatology	05/25/2020  12:00:00 AM	05/07/2020  12:00:00 AM	Elective
10100	Gastroenterology	05/25/2020  12:00:00 AM	05/14/2020  12:00:00 AM	Elective
10101	Pain	05/25/2020  12:00:00 AM	05/15/2020  12:00:00 AM	Urgent
10102	Plastics	05/25/2020  12:00:00 AM	05/19/2020  12:00:00 AM	Urgent
10103	Interventional Radiology	05/25/2020  12:00:00 AM	05/16/2020  12:00:00 AM	Urgent
10104	Dental	05/25/2020  12:00:00 AM	05/09/2020  12:00:00 AM	Elective
10105	Ophthalmology	05/25/2020  12:00:00 AM	05/16/2020  12:00:00 AM	Elective
10106	General	05/25/2020  12:00:00 AM	05/08/2020  12:00:00 AM	Urgent
10107	Pulmonary	05/25/2020  12:00:00 AM	05/22/2020  12:00:00 AM	Urgent
10108	Neuroradiology	05/25/2020  12:00:00 AM	05/13/2020  12:00:00 AM	Urgent
10109	General	05/25/2020  12:00:00 AM	05/14/2020  12:00:00 AM	Elective
10110	Ophthalmology	05/25/2020  12:00:00 AM	05/09/2020  12:00:00 AM	Urgent
10111	Vascular	05/25/2020  12:00:00 AM	05/13/2020  12:00:00 AM	Elective
10112	Pulmonary	05/25/2020  12:00:00 AM	05/18/2020  12:00:00 AM	Elective
10113	Ophthalmology	05/25/2020  12:00:00 AM	05/20/2020  12:00:00 AM	Urgent
10114	Plastics	05/25/2020  12:00:00 AM	05/10/2020  12:00:00 AM	Urgent
10115	Interventional Radiology	05/25/2020  12:00:00 AM	05/10/2020  12:00:00 AM	Urgent
10116	Neurosurgery	05/25/2020  12:00:00 AM	05/14/2020  12:00:00 AM	Elective
10117	Dental	05/25/2020  12:00:00 AM	05/12/2020  12:00:00 AM	Urgent
10118	Obstetrics	05/25/2020  12:00:00 AM	05/07/2020  12:00:00 AM	Elective
10119	Ophthalmology	05/25/2020  12:00:00 AM	05/24/2020  12:00:00 AM	Urgent
10120	Plastics	05/25/2020  12:00:00 AM	05/18/2020  12:00:00 AM	Urgent
10121	Podiatry	05/25/2020  12:00:00 AM	05/13/2020  12:00:00 AM	Urgent
10122	Pain	05/25/2020  12:00:00 AM	05/17/2020  12:00:00 AM	Elective
10123	Thoracic	05/25/2020  12:00:00 AM	05/20/2020  12:00:00 AM	Elective
10124	Neurosurgery	05/25/2020  12:00:00 AM	05/11/2020  12:00:00 AM	Elective
10125	Orthopedics	05/25/2020  12:00:00 AM	05/09/2020  12:00:00 AM	Elective
10126	Ophthalmology	05/25/2020  12:00:00 AM	05/06/2020  12:00:00 AM	Urgent
10127	Hepatology	05/25/2020  12:00:00 AM	05/20/2020  12:00:00 AM	Urgent
10128	Electrophysiology	05/25/2020  12:00:00 AM	05/16/2020  12:00:00 AM	Urgent
10129	Cardiac	05/25/2020  12:00:00 AM	05/10/2020  12:00:00 AM	Elective
10130	Electrophysiology	05/25/2020  12:00:00 AM	05/20/2020  12:00:00 AM	Elective
10131	Orthopedics	05/25/2020  12:00:00 AM	05/10/2020  12:00:00 AM	Elective
10132	Electrophysiology	05/25/2020  12:00:00 AM	05/24/2020  12:00:00 AM	Elective
10133	Hepatology	05/25/2020  12:00:00 AM	05/12/2020  12:00:00 AM	Urgent
10134	Pain	05/25/2020  12:00:00 AM	05/17/2020  12:00:00 AM	Urgent
10135	Gynecology	05/25/2020  12:00:00 AM	05/20/2020  12:00:00 AM	Urgent
10136	Electroconvulsive Therapy	05/25/2020  12:00:00 AM	05/22/2020  12:00:00 AM	Urgent
10137	Interventional Radiology	05/25/2020  12:00:00 AM	05/13/2020  12:00:00 AM	Urgent
10138	Thoracic	05/25/2020  12:00:00 AM	05/19/2020  12:00:00 AM	Elective
10139	Vascular	05/25/2020  12:00:00 AM	05/10/2020  12:00:00 AM	Elective
10140	Interventional Radiology	05/25/2020  12:00:00 AM	05/15/2020  12:00:00 AM	Urgent
10141	Dental	05/25/2020  12:00:00 AM	05/09/2020  12:00:00 AM	Urgent
10142	Electrophysiology	05/25/2020  12:00:00 AM	05/24/2020  12:00:00 AM	Urgent
10143	Podiatry	05/25/2020  12:00:00 AM	05/06/2020  12:00:00 AM	Elective
10144	Gastroenterology	05/25/2020  12:00:00 AM	05/24/2020  12:00:00 AM	Elective
10145	Gastroenterology	05/25/2020  12:00:00 AM	05/18/2020  12:00:00 AM	Elective
10146	Hepatology	05/25/2020  12:00:00 AM	05/21/2020  12:00:00 AM	Elective
10147	Cardiac	05/25/2020  12:00:00 AM	05/16/2020  12:00:00 AM	Elective
10148	Gynecology	05/25/2020  12:00:00 AM	05/18/2020  12:00:00 AM	Elective
10149	Podiatry	05/25/2020  12:00:00 AM	05/20/2020  12:00:00 AM	Elective
10150	Podiatry	05/25/2020  12:00:00 AM	05/18/2020  12:00:00 AM	Elective
10151	Obstetrics	05/25/2020  12:00:00 AM	05/21/2020  12:00:00 AM	Elective
10152	Cardiac	05/25/2020  12:00:00 AM	05/12/2020  12:00:00 AM	Urgent
10153	Podiatry	05/25/2020  12:00:00 AM	05/14/2020  12:00:00 AM	Urgent
10154	Neurosurgery	05/25/2020  12:00:00 AM	05/13/2020  12:00:00 AM	Urgent
10155	Gastroenterology	05/25/2020  12:00:00 AM	05/22/2020  12:00:00 AM	Elective
10156	Urology	05/25/2020  12:00:00 AM	05/24/2020  12:00:00 AM	Urgent
10157	Electroconvulsive Therapy	05/25/2020  12:00:00 AM	05/12/2020  12:00:00 AM	Urgent
10158	Urology	05/25/2020  12:00:00 AM	05/15/2020  12:00:00 AM	Elective
10159	Pulmonary	05/25/2020  12:00:00 AM	05/16/2020  12:00:00 AM	Urgent
10160	Podiatry	05/25/2020  12:00:00 AM	05/13/2020  12:00:00 AM	Elective
10161	Cardiac	05/25/2020  12:00:00 AM	05/09/2020  12:00:00 AM	Elective
10162	Obstetrics	05/25/2020  12:00:00 AM	05/13/2020  12:00:00 AM	Elective
10163	Plastics	05/25/2020  12:00:00 AM	05/17/2020  12:00:00 AM	Urgent
10164	Dental	05/25/2020  12:00:00 AM	05/21/2020  12:00:00 AM	Urgent
10165	Orthopedics	05/25/2020  12:00:00 AM	05/08/2020  12:00:00 AM	Elective
10166	Orthopedics	05/25/2020  12:00:00 AM	05/14/2020  12:00:00 AM	Urgent
10167	Cardiac	05/25/2020  12:00:00 AM	05/06/2020  12:00:00 AM	Elective
10168	Interventional Radiology	05/25/2020  12:00:00 AM	05/09/2020  12:00:00 AM	Elective
10169	Urology	05/25/2020  12:00:00 AM	05/19/2020  12:00:00 AM	Elective
10170	Orthopedics	05/25/2020  12:00:00 AM	05/14/2020  12:00:00 AM	Elective
10171	General	05/25/2020  12:00:00 AM	05/21/2020  12:00:00 AM	Elective
10172	Electroconvulsive Therapy	05/25/2020  12:00:00 AM	05/23/2020  12:00:00 AM	Urgent
10173	Hepatology	05/25/2020  12:00:00 AM	05/15/2020  12:00:00 AM	Urgent
10174	Gynecology	05/25/2020  12:00:00 AM	05/06/2020  12:00:00 AM	Urgent
10175	Neurosurgery	05/25/2020  12:00:00 AM	05/19/2020  12:00:00 AM	Urgent
10176	General	05/25/2020  12:00:00 AM	05/11/2020  12:00:00 AM	Urgent
10177	Podiatry	05/25/2020  12:00:00 AM	05/14/2020  12:00:00 AM	Urgent
10178	Gynecology	05/25/2020  12:00:00 AM	05/16/2020  12:00:00 AM	Urgent
10179	Interventional Radiology	05/25/2020  12:00:00 AM	05/23/2020  12:00:00 AM	Urgent
10180	Electrophysiology	05/25/2020  12:00:00 AM	05/11/2020  12:00:00 AM	Urgent
10181	Electrophysiology	05/25/2020  12:00:00 AM	05/13/2020  12:00:00 AM	Elective
10182	Urology	05/25/2020  12:00:00 AM	05/22/2020  12:00:00 AM	Urgent
10183	Ophthalmology	05/25/2020  12:00:00 AM	05/23/2020  12:00:00 AM	Urgent
10184	Ophthalmology	05/25/2020  12:00:00 AM	05/09/2020  12:00:00 AM	Urgent
10185	Orthopedics	05/25/2020  12:00:00 AM	05/07/2020  12:00:00 AM	Elective
10186	Plastics	05/25/2020  12:00:00 AM	05/13/2020  12:00:00 AM	Elective
10187	Neuroradiology	05/25/2020  12:00:00 AM	05/23/2020  12:00:00 AM	Elective
10188	Dental	05/25/2020  12:00:00 AM	05/11/2020  12:00:00 AM	Elective
10189	Neuroradiology	05/25/2020  12:00:00 AM	05/14/2020  12:00:00 AM	Urgent
10190	Cardiac	05/25/2020  12:00:00 AM	05/19/2020  12:00:00 AM	Urgent
10191	Pain	05/25/2020  12:00:00 AM	05/16/2020  12:00:00 AM	Elective
10192	Interventional Radiology	05/25/2020  12:00:00 AM	05/07/2020  12:00:00 AM	Elective
10193	General	05/25/2020  12:00:00 AM	05/06/2020  12:00:00 AM	Elective
10194	Vascular	05/25/2020  12:00:00 AM	05/13/2020  12:00:00 AM	Urgent
10195	Pulmonary	05/25/2020  12:00:00 AM	05/07/2020  12:00:00 AM	Urgent
10196	Electroconvulsive Therapy	05/25/2020  12:00:00 AM	05/13/2020  12:00:00 AM	Urgent
10197	Thoracic	05/25/2020  12:00:00 AM	05/14/2020  12:00:00 AM	Elective
10198	Gynecology	05/25/2020  12:00:00 AM	05/21/2020  12:00:00 AM	Elective
10199	Pain	05/25/2020  12:00:00 AM	05/07/2020  12:00:00 AM	Elective
10200	Gastroenterology	05/25/2020  12:00:00 AM	05/13/2020  12:00:00 AM	Elective
10201	Neurosurgery	05/25/2020  12:00:00 AM	05/17/2020  12:00:00 AM	Urgent
10202	Interventional Radiology	05/25/2020  12:00:00 AM	05/14/2020  12:00:00 AM	Elective
10203	Neuroradiology	05/25/2020  12:00:00 AM	05/15/2020  12:00:00 AM	Urgent
10204	Cardiac	05/25/2020  12:00:00 AM	05/22/2020  12:00:00 AM	Elective
10205	Vascular	05/25/2020  12:00:00 AM	05/06/2020  12:00:00 AM	Urgent
10206	Gastroenterology	05/25/2020  12:00:00 AM	05/17/2020  12:00:00 AM	Urgent
10207	Hepatology	05/25/2020  12:00:00 AM	05/20/2020  12:00:00 AM	Urgent
10208	Gynecology	05/25/2020  12:00:00 AM	05/17/2020  12:00:00 AM	Elective
10209	Plastics	05/25/2020  12:00:00 AM	05/24/2020  12:00:00 AM	Urgent
10210	Thoracic	05/25/2020  12:00:00 AM	05/07/2020  12:00:00 AM	Urgent
10211	Neuroradiology	05/25/2020  12:00:00 AM	05/18/2020  12:00:00 AM	Urgent
10212	Thoracic	05/25/2020  12:00:00 AM	05/17/2020  12:00:00 AM	Elective
10213	Gastroenterology	05/25/2020  12:00:00 AM	05/10/2020  12:00:00 AM	Elective
10214	Orthopedics	05/25/2020  12:00:00 AM	05/21/2020  12:00:00 AM	Elective
10215	Orthopedics	05/25/2020  12:00:00 AM	05/15/2020  12:00:00 AM	Urgent
10216	Vascular	05/25/2020  12:00:00 AM	05/22/2020  12:00:00 AM	Elective
10217	Gynecology	05/25/2020  12:00:00 AM	05/14/2020  12:00:00 AM	Elective
10218	Thoracic	05/25/2020  12:00:00 AM	05/24/2020  12:00:00 AM	Urgent
10219	Urology	05/25/2020  12:00:00 AM	05/14/2020  12:00:00 AM	Urgent
10220	Pulmonary	05/25/2020  12:00:00 AM	05/15/2020  12:00:00 AM	Elective
10221	Neurosurgery	05/25/2020  12:00:00 AM	05/21/2020  12:00:00 AM	Urgent
10222	Pain	05/25/2020  12:00:00 AM	05/12/2020  12:00:00 AM	Urgent
10223	Dental	05/25/2020  12:00:00 AM	05/19/2020  12:00:00 AM	Elective
10224	Pain	05/25/2020  12:00:00 AM	05/24/2020  12:00:00 AM	Urgent
10225	Thoracic	05/25/2020  12:00:00 AM	05/14/2020  12:00:00 AM	Elective
10226	Thoracic	05/25/2020  12:00:00 AM	05/14/2020  12:00:00 AM	Urgent
10227	Thoracic	05/25/2020  12:00:00 AM	05/15/2020  12:00:00 AM	Urgent
10228	Obstetrics	05/25/2020  12:00:00 AM	05/15/2020  12:00:00 AM	Urgent
10229	Dental	05/25/2020  12:00:00 AM	05/08/2020  12:00:00 AM	Elective
10230	Electroconvulsive Therapy	05/25/2020  12:00:00 AM	05/06/2020  12:00:00 AM	Elective
10231	Electrophysiology	05/25/2020  12:00:00 AM	05/11/2020  12:00:00 AM	Elective
10232	Pulmonary	05/25/2020  12:00:00 AM	05/14/2020  12:00:00 AM	Urgent
10233	Pulmonary	05/25/2020  12:00:00 AM	05/14/2020  12:00:00 AM	Elective
10234	Hepatology	05/25/2020  12:00:00 AM	05/16/2020  12:00:00 AM	Urgent
10235	Neurosurgery	05/25/2020  12:00:00 AM	05/08/2020  12:00:00 AM	Elective
10236	Hepatology	05/25/2020  12:00:00 AM	05/17/2020  12:00:00 AM	Elective
10237	Electrophysiology	05/25/2020  12:00:00 AM	05/14/2020  12:00:00 AM	Urgent
10238	Vascular	05/25/2020  12:00:00 AM	05/19/2020  12:00:00 AM	Urgent
10239	Vascular	05/25/2020  12:00:00 AM	05/22/2020  12:00:00 AM	Urgent
10240	Neuroradiology	05/25/2020  12:00:00 AM	05/10/2020  12:00:00 AM	Urgent
10241	General	05/25/2020  12:00:00 AM	05/19/2020  12:00:00 AM	Urgent
10242	Dental	05/25/2020  12:00:00 AM	05/12/2020  12:00:00 AM	Elective
10243	Neuroradiology	05/25/2020  12:00:00 AM	05/16/2020  12:00:00 AM	Urgent
10244	Neurosurgery	05/25/2020  12:00:00 AM	05/07/2020  12:00:00 AM	Urgent
10245	Plastics	05/25/2020  12:00:00 AM	05/21/2020  12:00:00 AM	Elective
10246	Vascular	05/25/2020  12:00:00 AM	05/08/2020  12:00:00 AM	Urgent
10247	Neurosurgery	05/25/2020  12:00:00 AM	05/12/2020  12:00:00 AM	Urgent
10248	Thoracic	05/25/2020  12:00:00 AM	05/07/2020  12:00:00 AM	Urgent
10249	Ophthalmology	05/25/2020  12:00:00 AM	05/12/2020  12:00:00 AM	Urgent
10250	Interventional Radiology	05/25/2020  12:00:00 AM	05/14/2020  12:00:00 AM	Urgent
10251	Vascular	05/25/2020  12:00:00 AM	05/13/2020  12:00:00 AM	Elective
10252	Gastroenterology	05/25/2020  12:00:00 AM	05/24/2020  12:00:00 AM	Urgent
10253	Neurosurgery	05/25/2020  12:00:00 AM	05/22/2020  12:00:00 AM	Urgent
10254	Neuroradiology	05/25/2020  12:00:00 AM	05/17/2020  12:00:00 AM	Elective
10255	Cardiac	05/25/2020  12:00:00 AM	05/06/2020  12:00:00 AM	Elective
10256	Ophthalmology	05/25/2020  12:00:00 AM	05/20/2020  12:00:00 AM	Urgent
10257	Electroconvulsive Therapy	05/25/2020  12:00:00 AM	05/17/2020  12:00:00 AM	Urgent
10258	Urology	05/25/2020  12:00:00 AM	05/06/2020  12:00:00 AM	Elective
10259	Podiatry	05/25/2020  12:00:00 AM	05/07/2020  12:00:00 AM	Urgent
10260	General	05/25/2020  12:00:00 AM	05/23/2020  12:00:00 AM	Urgent
10261	Gastroenterology	05/25/2020  12:00:00 AM	05/14/2020  12:00:00 AM	Elective
10262	Pain	05/25/2020  12:00:00 AM	05/17/2020  12:00:00 AM	Elective
10263	General	05/25/2020  12:00:00 AM	05/06/2020  12:00:00 AM	Elective
10264	Gynecology	05/25/2020  12:00:00 AM	05/22/2020  12:00:00 AM	Urgent
10265	Plastics	05/25/2020  12:00:00 AM	05/13/2020  12:00:00 AM	Elective
10266	General	05/25/2020  12:00:00 AM	05/06/2020  12:00:00 AM	Elective
10267	Neurosurgery	05/25/2020  12:00:00 AM	05/18/2020  12:00:00 AM	Elective
10268	Ophthalmology	05/25/2020  12:00:00 AM	05/22/2020  12:00:00 AM	Urgent
10269	Interventional Radiology	05/25/2020  12:00:00 AM	05/15/2020  12:00:00 AM	Elective
10270	Pain	05/25/2020  12:00:00 AM	05/23/2020  12:00:00 AM	Elective
10271	Electroconvulsive Therapy	05/25/2020  12:00:00 AM	05/09/2020  12:00:00 AM	Elective
10272	Obstetrics	05/25/2020  12:00:00 AM	05/16/2020  12:00:00 AM	Elective
10273	Podiatry	05/25/2020  12:00:00 AM	05/11/2020  12:00:00 AM	Elective
10274	Orthopedics	05/25/2020  12:00:00 AM	05/21/2020  12:00:00 AM	Elective
10275	Hepatology	05/25/2020  12:00:00 AM	05/16/2020  12:00:00 AM	Elective
10276	Hepatology	05/25/2020  12:00:00 AM	05/07/2020  12:00:00 AM	Urgent
10277	Neurosurgery	05/25/2020  12:00:00 AM	05/09/2020  12:00:00 AM	Urgent
10278	Electrophysiology	05/25/2020  12:00:00 AM	05/07/2020  12:00:00 AM	Elective
10279	Cardiac	05/25/2020  12:00:00 AM	05/17/2020  12:00:00 AM	Elective
10280	Vascular	05/25/2020  12:00:00 AM	05/14/2020  12:00:00 AM	Elective
10281	Neurosurgery	05/25/2020  12:00:00 AM	05/16/2020  12:00:00 AM	Elective
10282	Cardiac	05/25/2020  12:00:00 AM	05/10/2020  12:00:00 AM	Elective
10283	Podiatry	05/25/2020  12:00:00 AM	05/23/2020  12:00:00 AM	Urgent
10284	Podiatry	05/25/2020  12:00:00 AM	05/14/2020  12:00:00 AM	Elective
10285	Thoracic	05/25/2020  12:00:00 AM	05/07/2020  12:00:00 AM	Urgent
10286	Electrophysiology	05/25/2020  12:00:00 AM	05/13/2020  12:00:00 AM	Elective
10287	Pulmonary	05/25/2020  12:00:00 AM	05/10/2020  12:00:00 AM	Urgent
10288	Dental	05/25/2020  12:00:00 AM	05/07/2020  12:00:00 AM	Urgent
10289	Electroconvulsive Therapy	05/25/2020  12:00:00 AM	05/17/2020  12:00:00 AM	Urgent
10290	Gastroenterology	05/25/2020  12:00:00 AM	05/24/2020  12:00:00 AM	Urgent
10291	Gastroenterology	05/25/2020  12:00:00 AM	05/17/2020  12:00:00 AM	Elective
10292	Podiatry	05/25/2020  12:00:00 AM	05/17/2020  12:00:00 AM	Elective
10293	Interventional Radiology	05/25/2020  12:00:00 AM	05/22/2020  12:00:00 AM	Elective
10294	Gastroenterology	05/25/2020  12:00:00 AM	05/24/2020  12:00:00 AM	Urgent
10295	Gynecology	05/25/2020  12:00:00 AM	05/22/2020  12:00:00 AM	Urgent
10296	Electroconvulsive Therapy	05/25/2020  12:00:00 AM	05/10/2020  12:00:00 AM	Elective
10297	Dental	05/25/2020  12:00:00 AM	05/11/2020  12:00:00 AM	Elective
10298	Interventional Radiology	05/25/2020  12:00:00 AM	05/14/2020  12:00:00 AM	Elective
10299	Neurosurgery	05/25/2020  12:00:00 AM	05/23/2020  12:00:00 AM	Elective
10300	Neuroradiology	05/25/2020  12:00:00 AM	05/11/2020  12:00:00 AM	Elective
10301	Podiatry	05/25/2020  12:00:00 AM	05/10/2020  12:00:00 AM	Elective
10302	Neuroradiology	05/25/2020  12:00:00 AM	05/23/2020  12:00:00 AM	Urgent
10303	Pain	05/25/2020  12:00:00 AM	05/09/2020  12:00:00 AM	Urgent
10304	Neuroradiology	05/25/2020  12:00:00 AM	05/14/2020  12:00:00 AM	Elective
10305	Pulmonary	05/25/2020  12:00:00 AM	05/19/2020  12:00:00 AM	Elective
10306	Pulmonary	05/25/2020  12:00:00 AM	05/16/2020  12:00:00 AM	Urgent
10307	Neurosurgery	05/25/2020  12:00:00 AM	05/20/2020  12:00:00 AM	Elective
10308	Dental	05/25/2020  12:00:00 AM	05/21/2020  12:00:00 AM	Urgent
10309	Vascular	05/25/2020  12:00:00 AM	05/13/2020  12:00:00 AM	Elective
10310	Electroconvulsive Therapy	05/25/2020  12:00:00 AM	05/14/2020  12:00:00 AM	Elective
10311	Neurosurgery	05/25/2020  12:00:00 AM	05/15/2020  12:00:00 AM	Elective
10312	Gynecology	05/25/2020  12:00:00 AM	05/07/2020  12:00:00 AM	Urgent
10313	Thoracic	05/25/2020  12:00:00 AM	05/22/2020  12:00:00 AM	Urgent
10314	Hepatology	05/25/2020  12:00:00 AM	05/08/2020  12:00:00 AM	Urgent
10315	Interventional Radiology	05/25/2020  12:00:00 AM	05/07/2020  12:00:00 AM	Elective
10316	Electroconvulsive Therapy	05/25/2020  12:00:00 AM	05/18/2020  12:00:00 AM	Urgent
10317	Podiatry	05/25/2020  12:00:00 AM	05/21/2020  12:00:00 AM	Urgent
10318	Plastics	05/25/2020  12:00:00 AM	05/13/2020  12:00:00 AM	Elective
10319	Interventional Radiology	05/25/2020  12:00:00 AM	05/09/2020  12:00:00 AM	Elective
10320	Cardiac	05/25/2020  12:00:00 AM	05/07/2020  12:00:00 AM	Urgent
10321	Gastroenterology	05/25/2020  12:00:00 AM	05/13/2020  12:00:00 AM	Urgent
10322	Plastics	05/25/2020  12:00:00 AM	05/24/2020  12:00:00 AM	Elective
10323	Gynecology	05/25/2020  12:00:00 AM	05/21/2020  12:00:00 AM	Urgent
10324	Thoracic	05/25/2020  12:00:00 AM	05/14/2020  12:00:00 AM	Elective
10325	Vascular	05/25/2020  12:00:00 AM	05/06/2020  12:00:00 AM	Urgent
10326	Thoracic	05/25/2020  12:00:00 AM	05/16/2020  12:00:00 AM	Urgent
10327	Thoracic	05/25/2020  12:00:00 AM	05/23/2020  12:00:00 AM	Elective
10328	Urology	05/25/2020  12:00:00 AM	05/13/2020  12:00:00 AM	Urgent
10329	Cardiac	05/25/2020  12:00:00 AM	05/07/2020  12:00:00 AM	Elective
10330	Dental	05/25/2020  12:00:00 AM	05/20/2020  12:00:00 AM	Elective
10331	Neuroradiology	05/25/2020  12:00:00 AM	05/15/2020  12:00:00 AM	Elective
10332	Orthopedics	05/25/2020  12:00:00 AM	05/13/2020  12:00:00 AM	Urgent
10333	Urology	05/25/2020  12:00:00 AM	05/15/2020  12:00:00 AM	Urgent
10334	Interventional Radiology	05/25/2020  12:00:00 AM	05/14/2020  12:00:00 AM	Elective
10335	Dental	05/25/2020  12:00:00 AM	05/23/2020  12:00:00 AM	Elective
10336	Cardiac	05/25/2020  12:00:00 AM	05/07/2020  12:00:00 AM	Urgent
10337	Plastics	05/25/2020  12:00:00 AM	05/08/2020  12:00:00 AM	Elective
10338	Electroconvulsive Therapy	05/25/2020  12:00:00 AM	05/24/2020  12:00:00 AM	Elective
10339	Podiatry	05/25/2020  12:00:00 AM	05/24/2020  12:00:00 AM	Elective
10340	Neuroradiology	05/25/2020  12:00:00 AM	05/09/2020  12:00:00 AM	Urgent
10341	Pain	05/25/2020  12:00:00 AM	05/13/2020  12:00:00 AM	Urgent
10342	Urology	05/25/2020  12:00:00 AM	05/16/2020  12:00:00 AM	Elective
10343	Gastroenterology	05/25/2020  12:00:00 AM	05/08/2020  12:00:00 AM	Urgent
10344	Vascular	05/25/2020  12:00:00 AM	05/08/2020  12:00:00 AM	Urgent
10345	Plastics	05/25/2020  12:00:00 AM	05/24/2020  12:00:00 AM	Urgent
10346	Podiatry	05/25/2020  12:00:00 AM	05/12/2020  12:00:00 AM	Urgent
10347	Electroconvulsive Therapy	05/25/2020  12:00:00 AM	05/11/2020  12:00:00 AM	Elective
10348	Cardiac	05/25/2020  12:00:00 AM	05/08/2020  12:00:00 AM	Urgent
10349	Electrophysiology	05/25/2020  12:00:00 AM	05/24/2020  12:00:00 AM	Urgent
10350	Pulmonary	05/25/2020  12:00:00 AM	05/17/2020  12:00:00 AM	Urgent
10351	Ophthalmology	05/25/2020  12:00:00 AM	05/17/2020  12:00:00 AM	Elective
10352	Electrophysiology	05/25/2020  12:00:00 AM	05/23/2020  12:00:00 AM	Urgent
10353	Dental	05/25/2020  12:00:00 AM	05/11/2020  12:00:00 AM	Elective
10354	Cardiac	05/25/2020  12:00:00 AM	05/15/2020  12:00:00 AM	Urgent
10355	Thoracic	05/25/2020  12:00:00 AM	05/11/2020  12:00:00 AM	Elective
10356	Hepatology	05/25/2020  12:00:00 AM	05/22/2020  12:00:00 AM	Elective
10357	Plastics	05/25/2020  12:00:00 AM	05/24/2020  12:00:00 AM	Urgent
10358	Pulmonary	05/25/2020  12:00:00 AM	05/11/2020  12:00:00 AM	Elective
10359	Interventional Radiology	05/25/2020  12:00:00 AM	05/09/2020  12:00:00 AM	Urgent
10360	Cardiac	05/25/2020  12:00:00 AM	05/10/2020  12:00:00 AM	Urgent
10361	Podiatry	05/25/2020  12:00:00 AM	05/16/2020  12:00:00 AM	Urgent
10362	Ophthalmology	05/25/2020  12:00:00 AM	05/12/2020  12:00:00 AM	Elective
10363	Obstetrics	05/25/2020  12:00:00 AM	05/08/2020  12:00:00 AM	Urgent
10364	Hepatology	05/25/2020  12:00:00 AM	05/15/2020  12:00:00 AM	Elective
10365	Pain	05/25/2020  12:00:00 AM	05/10/2020  12:00:00 AM	Elective
10366	Neurosurgery	05/25/2020  12:00:00 AM	05/14/2020  12:00:00 AM	Elective
10367	Ophthalmology	05/25/2020  12:00:00 AM	05/23/2020  12:00:00 AM	Urgent
10368	Neuroradiology	05/25/2020  12:00:00 AM	05/09/2020  12:00:00 AM	Urgent
10369	Ophthalmology	05/25/2020  12:00:00 AM	05/07/2020  12:00:00 AM	Elective
10370	Gastroenterology	05/25/2020  12:00:00 AM	05/22/2020  12:00:00 AM	Elective
10371	Gastroenterology	05/25/2020  12:00:00 AM	05/22/2020  12:00:00 AM	Urgent
10372	Urology	05/25/2020  12:00:00 AM	05/22/2020  12:00:00 AM	Elective
10373	Urology	05/25/2020  12:00:00 AM	05/24/2020  12:00:00 AM	Elective
10374	Thoracic	05/25/2020  12:00:00 AM	05/18/2020  12:00:00 AM	Elective
10375	Gynecology	05/25/2020  12:00:00 AM	05/08/2020  12:00:00 AM	Urgent
10376	Thoracic	05/25/2020  12:00:00 AM	05/15/2020  12:00:00 AM	Elective
10377	Dental	05/25/2020  12:00:00 AM	05/07/2020  12:00:00 AM	Elective
10378	Vascular	05/25/2020  12:00:00 AM	05/12/2020  12:00:00 AM	Elective
10379	Vascular	05/25/2020  12:00:00 AM	05/22/2020  12:00:00 AM	Urgent
10380	Cardiac	05/25/2020  12:00:00 AM	05/13/2020  12:00:00 AM	Urgent
10381	Plastics	05/25/2020  12:00:00 AM	05/09/2020  12:00:00 AM	Urgent
10382	Orthopedics	05/25/2020  12:00:00 AM	05/19/2020  12:00:00 AM	Elective
10383	Cardiac	05/25/2020  12:00:00 AM	05/11/2020  12:00:00 AM	Elective
10384	Electroconvulsive Therapy	05/25/2020  12:00:00 AM	05/23/2020  12:00:00 AM	Elective
10385	Hepatology	05/25/2020  12:00:00 AM	05/14/2020  12:00:00 AM	Urgent
10386	Ophthalmology	05/25/2020  12:00:00 AM	05/21/2020  12:00:00 AM	Elective
10387	Orthopedics	05/25/2020  12:00:00 AM	05/10/2020  12:00:00 AM	Urgent
10388	Podiatry	05/25/2020  12:00:00 AM	05/20/2020  12:00:00 AM	Urgent
10389	Cardiac	05/25/2020  12:00:00 AM	05/22/2020  12:00:00 AM	Urgent
10390	Vascular	05/25/2020  12:00:00 AM	05/12/2020  12:00:00 AM	Elective
10391	Cardiac	05/25/2020  12:00:00 AM	05/20/2020  12:00:00 AM	Elective
10392	Hepatology	05/25/2020  12:00:00 AM	05/11/2020  12:00:00 AM	Urgent
10393	Obstetrics	05/25/2020  12:00:00 AM	05/22/2020  12:00:00 AM	Elective
10394	Interventional Radiology	05/25/2020  12:00:00 AM	05/23/2020  12:00:00 AM	Elective
10395	Neurosurgery	05/25/2020  12:00:00 AM	05/08/2020  12:00:00 AM	Elective
10396	Pain	05/25/2020  12:00:00 AM	05/06/2020  12:00:00 AM	Elective
10397	Hepatology	05/25/2020  12:00:00 AM	05/08/2020  12:00:00 AM	Elective
10398	Electroconvulsive Therapy	05/25/2020  12:00:00 AM	05/21/2020  12:00:00 AM	Urgent
10399	Plastics	05/25/2020  12:00:00 AM	05/11/2020  12:00:00 AM	Urgent
10400	Neurosurgery	05/25/2020  12:00:00 AM	05/17/2020  12:00:00 AM	Urgent
10401	Plastics	05/25/2020  12:00:00 AM	05/14/2020  12:00:00 AM	Elective
10402	Podiatry	05/25/2020  12:00:00 AM	05/12/2020  12:00:00 AM	Urgent
10403	Electrophysiology	05/25/2020  12:00:00 AM	05/24/2020  12:00:00 AM	Elective
10404	Gynecology	05/25/2020  12:00:00 AM	05/21/2020  12:00:00 AM	Urgent
10405	Electrophysiology	05/25/2020  12:00:00 AM	05/19/2020  12:00:00 AM	Elective
10406	Interventional Radiology	05/25/2020  12:00:00 AM	05/17/2020  12:00:00 AM	Elective
10407	Pulmonary	05/25/2020  12:00:00 AM	05/14/2020  12:00:00 AM	Urgent
10408	Dental	05/25/2020  12:00:00 AM	05/18/2020  12:00:00 AM	Urgent
10409	Podiatry	05/25/2020  12:00:00 AM	05/11/2020  12:00:00 AM	Elective
10410	Dental	05/25/2020  12:00:00 AM	05/07/2020  12:00:00 AM	Elective
10411	Thoracic	05/25/2020  12:00:00 AM	05/24/2020  12:00:00 AM	Urgent
10412	Electroconvulsive Therapy	05/25/2020  12:00:00 AM	05/18/2020  12:00:00 AM	Urgent
10413	Ophthalmology	05/25/2020  12:00:00 AM	05/19/2020  12:00:00 AM	Elective
10414	Neurosurgery	05/25/2020  12:00:00 AM	05/15/2020  12:00:00 AM	Elective
