LOG_ID	OR_SERVICE	SURGERY_DATE	FIRST_SCHED_DATE	CASE_CLASS
10001	Gastroenterology	03/11/2020  12:00:00 AM	02/28/2020  12:00:00 AM	Urgent
10002	General	03/11/2020  12:00:00 AM	03/09/2020  12:00:00 AM	Elective
10003	Plastics	03/11/2020  12:00:00 AM	03/06/2020  12:00:00 AM	Elective
10004	Electrophysiology	03/11/2020  12:00:00 AM	03/01/2020  12:00:00 AM	Urgent
10005	Pulmonary	03/11/2020  12:00:00 AM	02/21/2020  12:00:00 AM	Elective
10006	Dental	03/11/2020  12:00:00 AM	03/04/2020  12:00:00 AM	Urgent
10007	Interventional Radiology	03/11/2020  12:00:00 AM	02/27/2020  12:00:00 AM	Urgent
10008	Thoracic	03/11/2020  12:00:00 AM	03/08/2020  12:00:00 AM	Elective
10009	Thoracic	03/11/2020  12:00:00 AM	03/10/2020  12:00:00 AM	Urgent
10010	Ophthalmology	03/11/2020  12:00:00 AM	02/27/2020  12:00:00 AM	Urgent
10011	Pulmonary	03/11/2020  12:00:00 AM	02/24/2020  12:00:00 AM	Urgent
10012	Thoracic	03/11/2020  12:00:00 AM	03/10/2020  12:00:00 AM	Urgent
10013	Electroconvulsive Therapy	03/11/2020  12:00:00 AM	02/22/2020  12:00:00 AM	Urgent
10014	Orthopedics	03/11/2020  12:00:00 AM	03/09/2020  12:00:00 AM	Urgent
10015	Neurosurgery	03/11/2020  12:00:00 AM	03/09/2020  12:00:00 AM	Urgent
10016	Vascular	03/11/2020  12:00:00 AM	03/05/2020  12:00:00 AM	Urgent
10017	Podiatry	03/11/2020  12:00:00 AM	02/23/2020  12:00:00 AM	Elective
10018	Thoracic	03/11/2020  12:00:00 AM	02/27/2020  12:00:00 AM	Elective
10019	Neuroradiology	03/11/2020  12:00:00 AM	02/22/2020  12:00:00 AM	Urgent
10020	Neurosurgery	03/11/2020  12:00:00 AM	02/21/2020  12:00:00 AM	Elective
10021	Interventional Radiology	03/11/2020  12:00:00 AM	02/29/2020  12:00:00 AM	Elective
10022	Cardiac	03/11/2020  12:00:00 AM	03/03/2020  12:00:00 AM	Elective
10023	Gynecology	03/11/2020  12:00:00 AM	02/23/2020  12:00:00 AM	Elective
10024	Hepatology	03/11/2020  12:00:00 AM	02/28/2020  12:00:00 AM	Urgent
10025	Ophthalmology	03/11/2020  12:00:00 AM	02/21/2020  12:00:00 AM	Urgent
10026	Podiatry	03/11/2020  12:00:00 AM	02/22/2020  12:00:00 AM	Urgent
10027	Pulmonary	03/11/2020  12:00:00 AM	03/06/2020  12:00:00 AM	Urgent
10028	Dental	03/11/2020  12:00:00 AM	02/24/2020  12:00:00 AM	Urgent
10029	Pulmonary	03/11/2020  12:00:00 AM	02/21/2020  12:00:00 AM	Elective
10030	Interventional Radiology	03/11/2020  12:00:00 AM	02/27/2020  12:00:00 AM	Elective
10031	Vascular	03/11/2020  12:00:00 AM	03/05/2020  12:00:00 AM	Urgent
10032	Obstetrics	03/11/2020  12:00:00 AM	03/08/2020  12:00:00 AM	Urgent
10033	Vascular	03/11/2020  12:00:00 AM	03/08/2020  12:00:00 AM	Elective
10034	Dental	03/11/2020  12:00:00 AM	02/25/2020  12:00:00 AM	Elective
10035	Obstetrics	03/11/2020  12:00:00 AM	02/25/2020  12:00:00 AM	Urgent
10036	Interventional Radiology	03/11/2020  12:00:00 AM	03/08/2020  12:00:00 AM	Elective
10037	Urology	03/11/2020  12:00:00 AM	03/05/2020  12:00:00 AM	Urgent
10038	Ophthalmology	03/11/2020  12:00:00 AM	02/24/2020  12:00:00 AM	Elective
10039	Obstetrics	03/11/2020  12:00:00 AM	03/01/2020  12:00:00 AM	Urgent
10040	Neurosurgery	03/11/2020  12:00:00 AM	02/22/2020  12:00:00 AM	Elective
10041	Podiatry	03/11/2020  12:00:00 AM	03/01/2020  12:00:00 AM	Urgent
10042	Gynecology	03/11/2020  12:00:00 AM	02/22/2020  12:00:00 AM	Urgent
10043	Urology	03/11/2020  12:00:00 AM	02/29/2020  12:00:00 AM	Urgent
10044	Urology	03/11/2020  12:00:00 AM	02/22/2020  12:00:00 AM	Urgent
10045	General	03/11/2020  12:00:00 AM	02/25/2020  12:00:00 AM	Urgent
10046	Thoracic	03/11/2020  12:00:00 AM	02/28/2020  12:00:00 AM	Elective
10047	Pain	03/11/2020  12:00:00 AM	03/04/2020  12:00:00 AM	Elective
10048	Ophthalmology	03/11/2020  12:00:00 AM	03/10/2020  12:00:00 AM	Urgent
10049	Obstetrics	03/11/2020  12:00:00 AM	03/03/2020  12:00:00 AM	Urgent
10050	Pain	03/11/2020  12:00:00 AM	03/02/2020  12:00:00 AM	Elective
10051	Dental	03/11/2020  12:00:00 AM	02/28/2020  12:00:00 AM	Urgent
10052	Gastroenterology	03/11/2020  12:00:00 AM	02/22/2020  12:00:00 AM	Urgent
10053	Cardiac	03/11/2020  12:00:00 AM	02/26/2020  12:00:00 AM	Urgent
10054	Neurosurgery	03/11/2020  12:00:00 AM	02/26/2020  12:00:00 AM	Elective
10055	Gastroenterology	03/11/2020  12:00:00 AM	02/22/2020  12:00:00 AM	Urgent
10056	Pulmonary	03/11/2020  12:00:00 AM	03/10/2020  12:00:00 AM	Urgent
10057	Ophthalmology	03/11/2020  12:00:00 AM	02/26/2020  12:00:00 AM	Urgent
10058	Vascular	03/11/2020  12:00:00 AM	03/05/2020  12:00:00 AM	Elective
10059	Plastics	03/11/2020  12:00:00 AM	02/29/2020  12:00:00 AM	Elective
10060	Interventional Radiology	03/11/2020  12:00:00 AM	02/26/2020  12:00:00 AM	Elective
10061	Obstetrics	03/11/2020  12:00:00 AM	02/29/2020  12:00:00 AM	Urgent
10062	Gynecology	03/11/2020  12:00:00 AM	03/10/2020  12:00:00 AM	Elective
10063	Dental	03/11/2020  12:00:00 AM	03/08/2020  12:00:00 AM	Elective
10064	Vascular	03/11/2020  12:00:00 AM	03/07/2020  12:00:00 AM	Elective
10065	Podiatry	03/11/2020  12:00:00 AM	03/06/2020  12:00:00 AM	Elective
10066	Neurosurgery	03/11/2020  12:00:00 AM	03/03/2020  12:00:00 AM	Urgent
10067	Interventional Radiology	03/11/2020  12:00:00 AM	02/24/2020  12:00:00 AM	Urgent
10068	General	03/11/2020  12:00:00 AM	02/24/2020  12:00:00 AM	Elective
10069	Electrophysiology	03/11/2020  12:00:00 AM	02/29/2020  12:00:00 AM	Elective
10070	Gastroenterology	03/11/2020  12:00:00 AM	02/26/2020  12:00:00 AM	Elective
10071	Neurosurgery	03/11/2020  12:00:00 AM	03/04/2020  12:00:00 AM	Elective
10072	Neurosurgery	03/11/2020  12:00:00 AM	03/10/2020  12:00:00 AM	Elective
10073	Thoracic	03/11/2020  12:00:00 AM	03/09/2020  12:00:00 AM	Urgent
10074	Interventional Radiology	03/11/2020  12:00:00 AM	03/03/2020  12:00:00 AM	Urgent
10075	Dental	03/11/2020  12:00:00 AM	03/02/2020  12:00:00 AM	Elective
10076	Podiatry	03/11/2020  12:00:00 AM	02/26/2020  12:00:00 AM	Urgent
10077	Gastroenterology	03/11/2020  12:00:00 AM	03/10/2020  12:00:00 AM	Elective
10078	Pulmonary	03/11/2020  12:00:00 AM	03/09/2020  12:00:00 AM	Elective
10079	General	03/11/2020  12:00:00 AM	02/21/2020  12:00:00 AM	Urgent
10080	Urology	03/11/2020  12:00:00 AM	02/26/2020  12:00:00 AM	Elective
10081	Pulmonary	03/11/2020  12:00:00 AM	02/26/2020  12:00:00 AM	Elective
10082	Interventional Radiology	03/11/2020  12:00:00 AM	03/08/2020  12:00:00 AM	Urgent
10083	Orthopedics	03/11/2020  12:00:00 AM	03/07/2020  12:00:00 AM	Urgent
10084	Thoracic	03/11/2020  12:00:00 AM	03/08/2020  12:00:00 AM	Elective
10085	Electrophysiology	03/11/2020  12:00:00 AM	02/26/2020  12:00:00 AM	Elective
10086	Plastics	03/11/2020  12:00:00 AM	03/07/2020  12:00:00 AM	Urgent
10087	Urology	03/11/2020  12:00:00 AM	02/25/2020  12:00:00 AM	Elective
10088	Neurosurgery	03/11/2020  12:00:00 AM	03/08/2020  12:00:00 AM	Elective
10089	Neurosurgery	03/11/2020  12:00:00 AM	02/26/2020  12:00:00 AM	Elective
10090	Electroconvulsive Therapy	03/11/2020  12:00:00 AM	03/10/2020  12:00:00 AM	Urgent
10091	Electroconvulsive Therapy	03/11/2020  12:00:00 AM	03/07/2020  12:00:00 AM	Urgent
10092	Obstetrics	03/11/2020  12:00:00 AM	02/26/2020  12:00:00 AM	Urgent
10093	Dental	03/11/2020  12:00:00 AM	02/25/2020  12:00:00 AM	Urgent
10094	Plastics	03/11/2020  12:00:00 AM	02/24/2020  12:00:00 AM	Elective
10095	Cardiac	03/11/2020  12:00:00 AM	02/29/2020  12:00:00 AM	Urgent
10096	Urology	03/11/2020  12:00:00 AM	03/10/2020  12:00:00 AM	Urgent
10097	Interventional Radiology	03/11/2020  12:00:00 AM	02/25/2020  12:00:00 AM	Urgent
10098	Pulmonary	03/11/2020  12:00:00 AM	02/21/2020  12:00:00 AM	Elective
10099	Dental	03/11/2020  12:00:00 AM	02/27/2020  12:00:00 AM	Elective
10100	Neuroradiology	03/11/2020  12:00:00 AM	03/05/2020  12:00:00 AM	Urgent
10101	Ophthalmology	03/11/2020  12:00:00 AM	03/04/2020  12:00:00 AM	Urgent
10102	Dental	03/11/2020  12:00:00 AM	02/27/2020  12:00:00 AM	Elective
10103	Dental	03/11/2020  12:00:00 AM	02/22/2020  12:00:00 AM	Elective
10104	Gynecology	03/11/2020  12:00:00 AM	02/27/2020  12:00:00 AM	Urgent
10105	Urology	03/11/2020  12:00:00 AM	02/23/2020  12:00:00 AM	Elective
10106	Pulmonary	03/11/2020  12:00:00 AM	03/03/2020  12:00:00 AM	Elective
10107	Gynecology	03/11/2020  12:00:00 AM	03/05/2020  12:00:00 AM	Urgent
10108	Interventional Radiology	03/11/2020  12:00:00 AM	03/09/2020  12:00:00 AM	Elective
10109	Urology	03/11/2020  12:00:00 AM	03/01/2020  12:00:00 AM	Urgent
10110	Podiatry	03/11/2020  12:00:00 AM	02/26/2020  12:00:00 AM	Elective
10111	Electrophysiology	03/11/2020  12:00:00 AM	03/06/2020  12:00:00 AM	Elective
10112	Vascular	03/11/2020  12:00:00 AM	02/27/2020  12:00:00 AM	Elective
10113	Podiatry	03/11/2020  12:00:00 AM	02/26/2020  12:00:00 AM	Urgent
10114	Podiatry	03/11/2020  12:00:00 AM	02/22/2020  12:00:00 AM	Elective
10115	Electrophysiology	03/11/2020  12:00:00 AM	03/01/2020  12:00:00 AM	Urgent
10116	General	03/11/2020  12:00:00 AM	03/10/2020  12:00:00 AM	Elective
10117	Plastics	03/11/2020  12:00:00 AM	03/10/2020  12:00:00 AM	Elective
10118	Thoracic	03/11/2020  12:00:00 AM	03/09/2020  12:00:00 AM	Elective
10119	Obstetrics	03/11/2020  12:00:00 AM	03/09/2020  12:00:00 AM	Elective
10120	Urology	03/11/2020  12:00:00 AM	03/04/2020  12:00:00 AM	Urgent
10121	Pain	03/11/2020  12:00:00 AM	03/07/2020  12:00:00 AM	Urgent
10122	Neurosurgery	03/11/2020  12:00:00 AM	03/04/2020  12:00:00 AM	Elective
10123	Hepatology	03/11/2020  12:00:00 AM	03/07/2020  12:00:00 AM	Elective
10124	Urology	03/11/2020  12:00:00 AM	02/26/2020  12:00:00 AM	Elective
10125	Dental	03/11/2020  12:00:00 AM	02/23/2020  12:00:00 AM	Urgent
10126	Electrophysiology	03/11/2020  12:00:00 AM	02/26/2020  12:00:00 AM	Urgent
10127	Neurosurgery	03/11/2020  12:00:00 AM	03/08/2020  12:00:00 AM	Urgent
10128	Vascular	03/11/2020  12:00:00 AM	03/10/2020  12:00:00 AM	Elective
10129	Plastics	03/11/2020  12:00:00 AM	02/24/2020  12:00:00 AM	Urgent
10130	Neuroradiology	03/11/2020  12:00:00 AM	03/07/2020  12:00:00 AM	Elective
10131	Ophthalmology	03/11/2020  12:00:00 AM	03/02/2020  12:00:00 AM	Urgent
10132	General	03/11/2020  12:00:00 AM	03/07/2020  12:00:00 AM	Urgent
10133	Gastroenterology	03/11/2020  12:00:00 AM	02/28/2020  12:00:00 AM	Urgent
10134	Interventional Radiology	03/11/2020  12:00:00 AM	03/05/2020  12:00:00 AM	Urgent
10135	Vascular	03/11/2020  12:00:00 AM	03/07/2020  12:00:00 AM	Elective
10136	Pulmonary	03/11/2020  12:00:00 AM	02/29/2020  12:00:00 AM	Urgent
10137	Hepatology	03/11/2020  12:00:00 AM	02/28/2020  12:00:00 AM	Urgent
10138	Electroconvulsive Therapy	03/11/2020  12:00:00 AM	02/27/2020  12:00:00 AM	Urgent
10139	Vascular	03/11/2020  12:00:00 AM	03/10/2020  12:00:00 AM	Elective
10140	Orthopedics	03/11/2020  12:00:00 AM	02/25/2020  12:00:00 AM	Urgent
10141	Hepatology	03/11/2020  12:00:00 AM	03/05/2020  12:00:00 AM	Urgent
10142	Gastroenterology	03/11/2020  12:00:00 AM	02/26/2020  12:00:00 AM	Elective
10143	Gynecology	03/11/2020  12:00:00 AM	02/23/2020  12:00:00 AM	Elective
10144	Ophthalmology	03/11/2020  12:00:00 AM	02/23/2020  12:00:00 AM	Urgent
10145	Cardiac	03/11/2020  12:00:00 AM	02/25/2020  12:00:00 AM	Urgent
10146	Interventional Radiology	03/11/2020  12:00:00 AM	02/21/2020  12:00:00 AM	Elective
10147	Pain	03/11/2020  12:00:00 AM	02/24/2020  12:00:00 AM	Urgent
10148	Interventional Radiology	03/11/2020  12:00:00 AM	02/22/2020  12:00:00 AM	Urgent
10149	Thoracic	03/11/2020  12:00:00 AM	02/24/2020  12:00:00 AM	Elective
10150	Pain	03/11/2020  12:00:00 AM	02/21/2020  12:00:00 AM	Elective
10151	Obstetrics	03/11/2020  12:00:00 AM	03/06/2020  12:00:00 AM	Urgent
10152	Gastroenterology	03/11/2020  12:00:00 AM	03/06/2020  12:00:00 AM	Elective
10153	Podiatry	03/11/2020  12:00:00 AM	02/26/2020  12:00:00 AM	Elective
10154	Neuroradiology	03/11/2020  12:00:00 AM	03/09/2020  12:00:00 AM	Urgent
10155	Neuroradiology	03/11/2020  12:00:00 AM	02/22/2020  12:00:00 AM	Urgent
10156	Neuroradiology	03/11/2020  12:00:00 AM	03/01/2020  12:00:00 AM	Elective
10157	Neuroradiology	03/11/2020  12:00:00 AM	03/05/2020  12:00:00 AM	Urgent
10158	Cardiac	03/11/2020  12:00:00 AM	02/24/2020  12:00:00 AM	Urgent
10159	Interventional Radiology	03/11/2020  12:00:00 AM	02/22/2020  12:00:00 AM	Urgent
10160	Obstetrics	03/11/2020  12:00:00 AM	02/27/2020  12:00:00 AM	Urgent
10161	Pulmonary	03/11/2020  12:00:00 AM	03/04/2020  12:00:00 AM	Elective
10162	General	03/11/2020  12:00:00 AM	02/21/2020  12:00:00 AM	Elective
10163	Ophthalmology	03/11/2020  12:00:00 AM	03/01/2020  12:00:00 AM	Elective
10164	Pain	03/11/2020  12:00:00 AM	02/28/2020  12:00:00 AM	Elective
10165	Ophthalmology	03/11/2020  12:00:00 AM	02/25/2020  12:00:00 AM	Urgent
10166	Cardiac	03/11/2020  12:00:00 AM	02/28/2020  12:00:00 AM	Urgent
10167	Podiatry	03/11/2020  12:00:00 AM	02/23/2020  12:00:00 AM	Urgent
10168	Cardiac	03/11/2020  12:00:00 AM	02/23/2020  12:00:00 AM	Urgent
10169	Gynecology	03/11/2020  12:00:00 AM	03/02/2020  12:00:00 AM	Urgent
10170	Orthopedics	03/11/2020  12:00:00 AM	03/07/2020  12:00:00 AM	Elective
10171	Gynecology	03/11/2020  12:00:00 AM	03/02/2020  12:00:00 AM	Urgent
10172	Electrophysiology	03/11/2020  12:00:00 AM	02/29/2020  12:00:00 AM	Urgent
10173	Neuroradiology	03/11/2020  12:00:00 AM	03/08/2020  12:00:00 AM	Urgent
10174	Gynecology	03/11/2020  12:00:00 AM	02/25/2020  12:00:00 AM	Elective
10175	Urology	03/11/2020  12:00:00 AM	03/06/2020  12:00:00 AM	Elective
10176	Ophthalmology	03/11/2020  12:00:00 AM	03/07/2020  12:00:00 AM	Urgent
10177	Pain	03/11/2020  12:00:00 AM	03/10/2020  12:00:00 AM	Urgent
10178	Podiatry	03/11/2020  12:00:00 AM	02/21/2020  12:00:00 AM	Elective
10179	Interventional Radiology	03/11/2020  12:00:00 AM	03/06/2020  12:00:00 AM	Urgent
10180	Neurosurgery	03/11/2020  12:00:00 AM	03/10/2020  12:00:00 AM	Urgent
10181	Podiatry	03/11/2020  12:00:00 AM	02/29/2020  12:00:00 AM	Urgent
10182	Neurosurgery	03/11/2020  12:00:00 AM	03/07/2020  12:00:00 AM	Urgent
10183	Electroconvulsive Therapy	03/11/2020  12:00:00 AM	03/03/2020  12:00:00 AM	Urgent
10184	Podiatry	03/11/2020  12:00:00 AM	03/09/2020  12:00:00 AM	Elective
10185	Orthopedics	03/11/2020  12:00:00 AM	03/06/2020  12:00:00 AM	Urgent
10186	Plastics	03/11/2020  12:00:00 AM	02/22/2020  12:00:00 AM	Urgent
10187	Cardiac	03/11/2020  12:00:00 AM	03/06/2020  12:00:00 AM	Elective
10188	Gastroenterology	03/11/2020  12:00:00 AM	03/09/2020  12:00:00 AM	Elective
10189	Dental	03/11/2020  12:00:00 AM	03/03/2020  12:00:00 AM	Urgent
10190	Gynecology	03/11/2020  12:00:00 AM	03/01/2020  12:00:00 AM	Elective
10191	Neurosurgery	03/11/2020  12:00:00 AM	03/03/2020  12:00:00 AM	Urgent
10192	Gastroenterology	03/11/2020  12:00:00 AM	02/24/2020  12:00:00 AM	Urgent
10193	Obstetrics	03/11/2020  12:00:00 AM	03/09/2020  12:00:00 AM	Urgent
10194	Obstetrics	03/11/2020  12:00:00 AM	02/26/2020  12:00:00 AM	Elective
10195	Neurosurgery	03/11/2020  12:00:00 AM	03/03/2020  12:00:00 AM	Elective
10196	Pain	03/11/2020  12:00:00 AM	02/29/2020  12:00:00 AM	Elective
10197	Hepatology	03/11/2020  12:00:00 AM	03/09/2020  12:00:00 AM	Urgent
10198	Interventional Radiology	03/11/2020  12:00:00 AM	02/26/2020  12:00:00 AM	Urgent
10199	Interventional Radiology	03/11/2020  12:00:00 AM	02/23/2020  12:00:00 AM	Urgent
10200	Podiatry	03/11/2020  12:00:00 AM	03/06/2020  12:00:00 AM	Elective
10201	Electroconvulsive Therapy	03/11/2020  12:00:00 AM	03/03/2020  12:00:00 AM	Elective
10202	Gastroenterology	03/11/2020  12:00:00 AM	02/23/2020  12:00:00 AM	Elective
10203	Plastics	03/11/2020  12:00:00 AM	03/10/2020  12:00:00 AM	Elective
10204	Pain	03/11/2020  12:00:00 AM	02/28/2020  12:00:00 AM	Urgent
10205	Ophthalmology	03/11/2020  12:00:00 AM	03/03/2020  12:00:00 AM	Urgent
10206	Hepatology	03/11/2020  12:00:00 AM	03/07/2020  12:00:00 AM	Elective
10207	Pain	03/11/2020  12:00:00 AM	02/21/2020  12:00:00 AM	Urgent
10208	Neuroradiology	03/11/2020  12:00:00 AM	03/05/2020  12:00:00 AM	Urgent
10209	Electrophysiology	03/11/2020  12:00:00 AM	03/08/2020  12:00:00 AM	Elective
10210	Neuroradiology	03/11/2020  12:00:00 AM	03/02/2020  12:00:00 AM	Urgent
10211	Plastics	03/11/2020  12:00:00 AM	03/02/2020  12:00:00 AM	Urgent
10212	Ophthalmology	03/11/2020  12:00:00 AM	02/22/2020  12:00:00 AM	Elective
10213	Electrophysiology	03/11/2020  12:00:00 AM	02/23/2020  12:00:00 AM	Urgent
10214	Hepatology	03/11/2020  12:00:00 AM	02/21/2020  12:00:00 AM	Elective
10215	Electrophysiology	03/11/2020  12:00:00 AM	03/08/2020  12:00:00 AM	Elective
10216	Orthopedics	03/11/2020  12:00:00 AM	03/02/2020  12:00:00 AM	Elective
10217	Cardiac	03/11/2020  12:00:00 AM	03/03/2020  12:00:00 AM	Elective
10218	Interventional Radiology	03/11/2020  12:00:00 AM	02/22/2020  12:00:00 AM	Urgent
10219	Gynecology	03/11/2020  12:00:00 AM	03/03/2020  12:00:00 AM	Urgent
10220	Electrophysiology	03/11/2020  12:00:00 AM	03/10/2020  12:00:00 AM	Urgent
10221	Interventional Radiology	03/11/2020  12:00:00 AM	03/08/2020  12:00:00 AM	Elective
10222	Urology	03/11/2020  12:00:00 AM	02/26/2020  12:00:00 AM	Elective
10223	Pulmonary	03/11/2020  12:00:00 AM	03/04/2020  12:00:00 AM	Elective
10224	Ophthalmology	03/11/2020  12:00:00 AM	03/09/2020  12:00:00 AM	Urgent
10225	Dental	03/11/2020  12:00:00 AM	03/04/2020  12:00:00 AM	Elective
10226	Neurosurgery	03/11/2020  12:00:00 AM	02/28/2020  12:00:00 AM	Urgent
10227	Cardiac	03/11/2020  12:00:00 AM	02/26/2020  12:00:00 AM	Elective
10228	General	03/11/2020  12:00:00 AM	03/03/2020  12:00:00 AM	Elective
10229	Dental	03/11/2020  12:00:00 AM	02/27/2020  12:00:00 AM	Elective
10230	Pain	03/11/2020  12:00:00 AM	03/09/2020  12:00:00 AM	Elective
10231	Hepatology	03/11/2020  12:00:00 AM	03/10/2020  12:00:00 AM	Urgent
10232	Electrophysiology	03/11/2020  12:00:00 AM	03/01/2020  12:00:00 AM	Elective
10233	Neurosurgery	03/11/2020  12:00:00 AM	02/26/2020  12:00:00 AM	Elective
10234	Pulmonary	03/11/2020  12:00:00 AM	02/29/2020  12:00:00 AM	Elective
10235	Interventional Radiology	03/11/2020  12:00:00 AM	03/08/2020  12:00:00 AM	Urgent
10236	Plastics	03/11/2020  12:00:00 AM	02/26/2020  12:00:00 AM	Elective
10237	Neuroradiology	03/11/2020  12:00:00 AM	03/02/2020  12:00:00 AM	Elective
10238	Plastics	03/11/2020  12:00:00 AM	03/09/2020  12:00:00 AM	Urgent
10239	Electrophysiology	03/11/2020  12:00:00 AM	03/04/2020  12:00:00 AM	Urgent
10240	Dental	03/11/2020  12:00:00 AM	03/04/2020  12:00:00 AM	Urgent
10241	Obstetrics	03/11/2020  12:00:00 AM	02/23/2020  12:00:00 AM	Elective
10242	Pulmonary	03/11/2020  12:00:00 AM	03/08/2020  12:00:00 AM	Elective
10243	Obstetrics	03/11/2020  12:00:00 AM	02/25/2020  12:00:00 AM	Urgent
10244	Plastics	03/11/2020  12:00:00 AM	03/09/2020  12:00:00 AM	Elective
10245	Hepatology	03/11/2020  12:00:00 AM	03/03/2020  12:00:00 AM	Urgent
10246	Electroconvulsive Therapy	03/11/2020  12:00:00 AM	03/08/2020  12:00:00 AM	Elective
10247	General	03/11/2020  12:00:00 AM	03/03/2020  12:00:00 AM	Elective
10248	Cardiac	03/11/2020  12:00:00 AM	03/08/2020  12:00:00 AM	Elective
10249	Urology	03/11/2020  12:00:00 AM	03/01/2020  12:00:00 AM	Elective
10250	General	03/11/2020  12:00:00 AM	03/10/2020  12:00:00 AM	Elective
10251	Urology	03/11/2020  12:00:00 AM	03/01/2020  12:00:00 AM	Elective
10252	Pain	03/11/2020  12:00:00 AM	03/06/2020  12:00:00 AM	Urgent
10253	Obstetrics	03/11/2020  12:00:00 AM	03/10/2020  12:00:00 AM	Elective
10254	General	03/11/2020  12:00:00 AM	02/25/2020  12:00:00 AM	Urgent
10255	Vascular	03/11/2020  12:00:00 AM	02/29/2020  12:00:00 AM	Elective
10256	Gastroenterology	03/11/2020  12:00:00 AM	02/22/2020  12:00:00 AM	Elective
10257	Obstetrics	03/11/2020  12:00:00 AM	02/29/2020  12:00:00 AM	Urgent
10258	Neurosurgery	03/11/2020  12:00:00 AM	02/25/2020  12:00:00 AM	Urgent
10259	Thoracic	03/11/2020  12:00:00 AM	03/02/2020  12:00:00 AM	Urgent
10260	Ophthalmology	03/11/2020  12:00:00 AM	03/06/2020  12:00:00 AM	Elective
10261	Hepatology	03/11/2020  12:00:00 AM	03/06/2020  12:00:00 AM	Urgent
10262	Gynecology	03/11/2020  12:00:00 AM	03/09/2020  12:00:00 AM	Urgent
10263	Dental	03/11/2020  12:00:00 AM	02/28/2020  12:00:00 AM	Elective
10264	Podiatry	03/11/2020  12:00:00 AM	03/03/2020  12:00:00 AM	Elective
10265	Electrophysiology	03/11/2020  12:00:00 AM	02/21/2020  12:00:00 AM	Urgent
10266	Podiatry	03/11/2020  12:00:00 AM	02/24/2020  12:00:00 AM	Urgent
10267	Interventional Radiology	03/11/2020  12:00:00 AM	03/09/2020  12:00:00 AM	Urgent
10268	Electroconvulsive Therapy	03/11/2020  12:00:00 AM	03/02/2020  12:00:00 AM	Elective
10269	Hepatology	03/11/2020  12:00:00 AM	03/09/2020  12:00:00 AM	Urgent
10270	Pain	03/11/2020  12:00:00 AM	02/29/2020  12:00:00 AM	Elective
10271	Neurosurgery	03/11/2020  12:00:00 AM	02/29/2020  12:00:00 AM	Elective
10272	Interventional Radiology	03/11/2020  12:00:00 AM	03/02/2020  12:00:00 AM	Urgent
10273	Dental	03/11/2020  12:00:00 AM	02/25/2020  12:00:00 AM	Elective
10274	Neurosurgery	03/11/2020  12:00:00 AM	03/01/2020  12:00:00 AM	Elective
10275	Obstetrics	03/11/2020  12:00:00 AM	03/03/2020  12:00:00 AM	Elective
10276	General	03/11/2020  12:00:00 AM	02/29/2020  12:00:00 AM	Urgent
10277	Podiatry	03/11/2020  12:00:00 AM	03/05/2020  12:00:00 AM	Urgent
10278	Ophthalmology	03/11/2020  12:00:00 AM	03/06/2020  12:00:00 AM	Elective
10279	Vascular	03/11/2020  12:00:00 AM	02/21/2020  12:00:00 AM	Elective
10280	Orthopedics	03/11/2020  12:00:00 AM	02/22/2020  12:00:00 AM	Urgent
10281	Dental	03/11/2020  12:00:00 AM	03/01/2020  12:00:00 AM	Urgent
10282	Podiatry	03/11/2020  12:00:00 AM	03/02/2020  12:00:00 AM	Urgent
10283	Neurosurgery	03/11/2020  12:00:00 AM	02/24/2020  12:00:00 AM	Urgent
10284	Cardiac	03/11/2020  12:00:00 AM	03/01/2020  12:00:00 AM	Urgent
10285	Obstetrics	03/11/2020  12:00:00 AM	02/26/2020  12:00:00 AM	Urgent
10286	Hepatology	03/11/2020  12:00:00 AM	03/07/2020  12:00:00 AM	Elective
10287	Vascular	03/11/2020  12:00:00 AM	03/10/2020  12:00:00 AM	Urgent
10288	General	03/11/2020  12:00:00 AM	02/23/2020  12:00:00 AM	Elective
10289	Urology	03/11/2020  12:00:00 AM	02/29/2020  12:00:00 AM	Urgent
10290	Orthopedics	03/11/2020  12:00:00 AM	02/28/2020  12:00:00 AM	Urgent
10291	Neurosurgery	03/11/2020  12:00:00 AM	02/26/2020  12:00:00 AM	Urgent
10292	Plastics	03/11/2020  12:00:00 AM	03/03/2020  12:00:00 AM	Elective
10293	Pulmonary	03/11/2020  12:00:00 AM	02/29/2020  12:00:00 AM	Urgent
10294	Neurosurgery	03/11/2020  12:00:00 AM	03/09/2020  12:00:00 AM	Urgent
10295	Cardiac	03/11/2020  12:00:00 AM	03/03/2020  12:00:00 AM	Urgent
10296	Urology	03/11/2020  12:00:00 AM	03/03/2020  12:00:00 AM	Urgent
10297	Thoracic	03/11/2020  12:00:00 AM	03/02/2020  12:00:00 AM	Urgent
10298	Gastroenterology	03/11/2020  12:00:00 AM	03/09/2020  12:00:00 AM	Urgent
10299	Ophthalmology	03/11/2020  12:00:00 AM	03/06/2020  12:00:00 AM	Elective
10300	Neuroradiology	03/11/2020  12:00:00 AM	03/01/2020  12:00:00 AM	Urgent
10301	Urology	03/11/2020  12:00:00 AM	03/02/2020  12:00:00 AM	Elective
10302	Pain	03/11/2020  12:00:00 AM	03/07/2020  12:00:00 AM	Urgent
10303	Ophthalmology	03/11/2020  12:00:00 AM	03/02/2020  12:00:00 AM	Elective
10304	Urology	03/11/2020  12:00:00 AM	03/05/2020  12:00:00 AM	Elective
10305	Cardiac	03/11/2020  12:00:00 AM	02/21/2020  12:00:00 AM	Urgent
10306	Gastroenterology	03/11/2020  12:00:00 AM	02/29/2020  12:00:00 AM	Elective
10307	Plastics	03/11/2020  12:00:00 AM	03/08/2020  12:00:00 AM	Elective
10308	Hepatology	03/11/2020  12:00:00 AM	02/22/2020  12:00:00 AM	Urgent
10309	Thoracic	03/11/2020  12:00:00 AM	03/03/2020  12:00:00 AM	Urgent
10310	Dental	03/11/2020  12:00:00 AM	03/01/2020  12:00:00 AM	Elective
10311	Pain	03/11/2020  12:00:00 AM	03/01/2020  12:00:00 AM	Elective
10312	Obstetrics	03/11/2020  12:00:00 AM	03/02/2020  12:00:00 AM	Urgent
10313	Gastroenterology	03/11/2020  12:00:00 AM	03/06/2020  12:00:00 AM	Urgent
10314	Electrophysiology	03/11/2020  12:00:00 AM	03/04/2020  12:00:00 AM	Elective
10315	Obstetrics	03/11/2020  12:00:00 AM	02/27/2020  12:00:00 AM	Urgent
10316	Urology	03/11/2020  12:00:00 AM	02/28/2020  12:00:00 AM	Urgent
10317	Podiatry	03/11/2020  12:00:00 AM	02/28/2020  12:00:00 AM	Elective
10318	Interventional Radiology	03/11/2020  12:00:00 AM	02/24/2020  12:00:00 AM	Elective
10319	Interventional Radiology	03/11/2020  12:00:00 AM	02/29/2020  12:00:00 AM	Urgent
10320	Obstetrics	03/11/2020  12:00:00 AM	02/25/2020  12:00:00 AM	Elective
10321	Obstetrics	03/11/2020  12:00:00 AM	03/05/2020  12:00:00 AM	Elective
10322	Neurosurgery	03/11/2020  12:00:00 AM	02/21/2020  12:00:00 AM	Urgent
10323	Obstetrics	03/11/2020  12:00:00 AM	03/04/2020  12:00:00 AM	Urgent
10324	Interventional Radiology	03/11/2020  12:00:00 AM	02/22/2020  12:00:00 AM	Elective
10325	Orthopedics	03/11/2020  12:00:00 AM	03/05/2020  12:00:00 AM	Urgent
10326	Obstetrics	03/11/2020  12:00:00 AM	03/07/2020  12:00:00 AM	Elective
10327	Obstetrics	03/11/2020  12:00:00 AM	03/10/2020  12:00:00 AM	Urgent
10328	Neurosurgery	03/11/2020  12:00:00 AM	02/22/2020  12:00:00 AM	Elective
10329	Neuroradiology	03/11/2020  12:00:00 AM	03/09/2020  12:00:00 AM	Urgent
10330	General	03/11/2020  12:00:00 AM	03/01/2020  12:00:00 AM	Urgent
10331	Podiatry	03/11/2020  12:00:00 AM	02/23/2020  12:00:00 AM	Urgent
10332	Gynecology	03/11/2020  12:00:00 AM	03/01/2020  12:00:00 AM	Urgent
10333	Podiatry	03/11/2020  12:00:00 AM	03/03/2020  12:00:00 AM	Urgent
10334	Pulmonary	03/11/2020  12:00:00 AM	02/24/2020  12:00:00 AM	Elective
10335	Ophthalmology	03/11/2020  12:00:00 AM	03/01/2020  12:00:00 AM	Elective
10336	General	03/11/2020  12:00:00 AM	02/26/2020  12:00:00 AM	Urgent
10337	Plastics	03/11/2020  12:00:00 AM	03/07/2020  12:00:00 AM	Urgent
10338	Orthopedics	03/11/2020  12:00:00 AM	02/25/2020  12:00:00 AM	Urgent
10339	General	03/11/2020  12:00:00 AM	02/25/2020  12:00:00 AM	Urgent
10340	Electroconvulsive Therapy	03/11/2020  12:00:00 AM	03/03/2020  12:00:00 AM	Urgent
10341	Vascular	03/11/2020  12:00:00 AM	02/27/2020  12:00:00 AM	Urgent
10342	Podiatry	03/11/2020  12:00:00 AM	02/23/2020  12:00:00 AM	Urgent
10343	Neuroradiology	03/11/2020  12:00:00 AM	02/23/2020  12:00:00 AM	Urgent
10344	Neurosurgery	03/11/2020  12:00:00 AM	03/06/2020  12:00:00 AM	Urgent
10345	Neuroradiology	03/11/2020  12:00:00 AM	02/28/2020  12:00:00 AM	Urgent
10346	Podiatry	03/11/2020  12:00:00 AM	03/10/2020  12:00:00 AM	Elective
10347	Electrophysiology	03/11/2020  12:00:00 AM	03/03/2020  12:00:00 AM	Elective
10348	Pain	03/11/2020  12:00:00 AM	02/26/2020  12:00:00 AM	Elective
10349	Pulmonary	03/11/2020  12:00:00 AM	02/29/2020  12:00:00 AM	Elective
10350	Orthopedics	03/11/2020  12:00:00 AM	03/07/2020  12:00:00 AM	Elective
10351	Ophthalmology	03/11/2020  12:00:00 AM	03/04/2020  12:00:00 AM	Urgent
10352	Dental	03/11/2020  12:00:00 AM	02/22/2020  12:00:00 AM	Urgent
10353	Gynecology	03/11/2020  12:00:00 AM	02/25/2020  12:00:00 AM	Elective
10354	Plastics	03/11/2020  12:00:00 AM	02/25/2020  12:00:00 AM	Urgent
10355	Gynecology	03/11/2020  12:00:00 AM	03/08/2020  12:00:00 AM	Urgent
10356	Podiatry	03/11/2020  12:00:00 AM	02/29/2020  12:00:00 AM	Elective
10357	Electroconvulsive Therapy	03/11/2020  12:00:00 AM	03/01/2020  12:00:00 AM	Urgent
10358	Urology	03/11/2020  12:00:00 AM	02/24/2020  12:00:00 AM	Urgent
10359	Thoracic	03/11/2020  12:00:00 AM	03/09/2020  12:00:00 AM	Elective
10360	General	03/11/2020  12:00:00 AM	03/06/2020  12:00:00 AM	Elective
10361	Pulmonary	03/11/2020  12:00:00 AM	03/02/2020  12:00:00 AM	Urgent
10362	Plastics	03/11/2020  12:00:00 AM	02/28/2020  12:00:00 AM	Urgent
10363	Gastroenterology	03/11/2020  12:00:00 AM	02/29/2020  12:00:00 AM	Elective
10364	Pulmonary	03/11/2020  12:00:00 AM	02/27/2020  12:00:00 AM	Elective
10365	Gastroenterology	03/11/2020  12:00:00 AM	02/24/2020  12:00:00 AM	Urgent
10366	Vascular	03/11/2020  12:00:00 AM	03/06/2020  12:00:00 AM	Elective
10367	Podiatry	03/11/2020  12:00:00 AM	02/26/2020  12:00:00 AM	Urgent
10368	Podiatry	03/11/2020  12:00:00 AM	02/28/2020  12:00:00 AM	Elective
10369	Neurosurgery	03/11/2020  12:00:00 AM	02/25/2020  12:00:00 AM	Elective
10370	Plastics	03/11/2020  12:00:00 AM	03/05/2020  12:00:00 AM	Elective
10371	General	03/11/2020  12:00:00 AM	03/02/2020  12:00:00 AM	Elective
10372	Obstetrics	03/11/2020  12:00:00 AM	02/26/2020  12:00:00 AM	Urgent
10373	Gastroenterology	03/11/2020  12:00:00 AM	02/29/2020  12:00:00 AM	Elective
10374	Electroconvulsive Therapy	03/11/2020  12:00:00 AM	03/04/2020  12:00:00 AM	Urgent
10375	Pain	03/11/2020  12:00:00 AM	03/04/2020  12:00:00 AM	Elective
10376	Pain	03/11/2020  12:00:00 AM	02/21/2020  12:00:00 AM	Elective
10377	Electroconvulsive Therapy	03/11/2020  12:00:00 AM	03/08/2020  12:00:00 AM	Elective
10378	Vascular	03/11/2020  12:00:00 AM	02/23/2020  12:00:00 AM	Elective
10379	Pain	03/11/2020  12:00:00 AM	03/06/2020  12:00:00 AM	Elective
10380	General	03/11/2020  12:00:00 AM	02/29/2020  12:00:00 AM	Elective
10381	Vascular	03/11/2020  12:00:00 AM	03/03/2020  12:00:00 AM	Urgent
10382	General	03/11/2020  12:00:00 AM	03/08/2020  12:00:00 AM	Elective
10383	Vascular	03/11/2020  12:00:00 AM	02/21/2020  12:00:00 AM	Urgent
10384	Neuroradiology	03/11/2020  12:00:00 AM	02/25/2020  12:00:00 AM	Elective
10385	Gynecology	03/11/2020  12:00:00 AM	02/27/2020  12:00:00 AM	Urgent
10386	Gastroenterology	03/11/2020  12:00:00 AM	02/24/2020  12:00:00 AM	Elective
10387	Neurosurgery	03/11/2020  12:00:00 AM	03/02/2020  12:00:00 AM	Urgent
10388	Thoracic	03/11/2020  12:00:00 AM	03/09/2020  12:00:00 AM	Elective
10389	Vascular	03/11/2020  12:00:00 AM	02/28/2020  12:00:00 AM	Urgent
10390	Vascular	03/11/2020  12:00:00 AM	02/23/2020  12:00:00 AM	Elective
10391	Electrophysiology	03/11/2020  12:00:00 AM	03/07/2020  12:00:00 AM	Elective
10392	Ophthalmology	03/11/2020  12:00:00 AM	03/08/2020  12:00:00 AM	Urgent
10393	Orthopedics	03/11/2020  12:00:00 AM	03/04/2020  12:00:00 AM	Elective
10394	Pulmonary	03/11/2020  12:00:00 AM	03/02/2020  12:00:00 AM	Urgent
10395	Cardiac	03/11/2020  12:00:00 AM	03/02/2020  12:00:00 AM	Urgent
10396	Electroconvulsive Therapy	03/11/2020  12:00:00 AM	02/29/2020  12:00:00 AM	Elective
10397	Thoracic	03/11/2020  12:00:00 AM	02/25/2020  12:00:00 AM	Urgent
10398	Orthopedics	03/11/2020  12:00:00 AM	02/25/2020  12:00:00 AM	Elective
10399	Podiatry	03/11/2020  12:00:00 AM	02/28/2020  12:00:00 AM	Urgent
10400	Dental	03/11/2020  12:00:00 AM	02/27/2020  12:00:00 AM	Urgent
10401	Neurosurgery	03/11/2020  12:00:00 AM	02/24/2020  12:00:00 AM	Urgent
10402	Electrophysiology	03/11/2020  12:00:00 AM	02/22/2020  12:00:00 AM	Elective
10403	Pulmonary	03/11/2020  12:00:00 AM	02/26/2020  12:00:00 AM	Urgent
10404	Electroconvulsive Therapy	03/11/2020  12:00:00 AM	02/27/2020  12:00:00 AM	Urgent
10405	Pain	03/11/2020  12:00:00 AM	02/21/2020  12:00:00 AM	Urgent
10406	Electroconvulsive Therapy	03/11/2020  12:00:00 AM	02/21/2020  12:00:00 AM	Urgent
10407	Neuroradiology	03/11/2020  12:00:00 AM	03/09/2020  12:00:00 AM	Urgent
10408	Gynecology	03/11/2020  12:00:00 AM	02/22/2020  12:00:00 AM	Elective
10409	Vascular	03/11/2020  12:00:00 AM	02/27/2020  12:00:00 AM	Urgent
10410	Neuroradiology	03/11/2020  12:00:00 AM	03/05/2020  12:00:00 AM	Elective
10411	Neuroradiology	03/11/2020  12:00:00 AM	03/03/2020  12:00:00 AM	Elective
10412	Neurosurgery	03/11/2020  12:00:00 AM	03/10/2020  12:00:00 AM	Elective
10413	Ophthalmology	03/11/2020  12:00:00 AM	03/05/2020  12:00:00 AM	Elective
10414	Pain	03/11/2020  12:00:00 AM	03/01/2020  12:00:00 AM	Elective
